State,District,Crop,Season,Area_ha,Annual_Rainfall_mm,Temperature_C,Soil_pH,Fertilizer_kg_per_ha,Pesticide_kg_per_ha,Yield_ton_per_ha
Madhya Pradesh,Indore,Cotton,Kharif,21.07,987.0,24.3,6.3,209.9,2.15,5.686
Uttar Pradesh,Kanpur,Mustard,Rabi,40.52,788.2,22.5,6.74,170.9,1.98,4.908
Punjab,Patiala,Sugarcane,Whole Year,179.5,751.9,21.9,7.23,143.0,0.17,13.0
Madhya Pradesh,Indore,Rice,Kharif,230.55,960.1,24.4,6.75,77.1,2.39,8.206
Jharkhand,Dhanbad,Maize,Kharif,46.62,961.4,25.0,5.53,148.8,2.94,8.143
Bihar,Gaya,Groundnut,Kharif,63.31,862.1,22.0,6.01,111.6,1.15,5.316
Karnataka,Dharwad,Barley,Rabi,15.39,963.1,30.6,7.15,162.2,1.55,6.147
Madhya Pradesh,Bhopal,Chickpea,Rabi,202.98,1075.9,35.1,6.45,117.0,0.45,3.479
Odisha,Cuttack,Maize,Kharif,115.73,1144.6,32.1,5.63,121.7,0.79,8.439
Tamil Nadu,Thanjavur,Cotton,Kharif,155.24,1242.2,30.9,5.99,216.7,7.43,7.167
Maharashtra,Nashik,Barley,Rabi,452.85,1051.4,31.6,7.49,136.7,1.34,6.343
Odisha,Cuttack,Barley,Rabi,50.23,1269.1,18.4,6.21,98.0,10.02,6.744
Assam,Kamrup,Groundnut,Kharif,238.35,1968.0,25.4,5.09,65.3,4.36,6.061
Punjab,Patiala,Wheat,Rabi,118.76,612.4,24.7,7.99,286.3,0.3,9.958
Rajasthan,Bikaner,Wheat,Rabi,339.03,336.3,39.8,7.78,102.6,5.6,5.478
Tamil Nadu,Madurai,Maize,Kharif,331.62,810.6,32.2,6.02,127.6,9.88,7.942
Rajasthan,Jaipur,Chickpea,Rabi,155.94,398.2,36.5,7.38,118.7,4.17,2.261
Gujarat,Ahmedabad,Cotton,Kharif,455.02,612.1,27.4,7.22,160.4,1.45,5.03
Uttar Pradesh,Agra,Maize,Kharif,93.13,807.2,32.4,7.43,240.5,9.85,10.134
Uttar Pradesh,Kanpur,Barley,Rabi,39.4,559.8,26.0,6.81,220.4,4.47,6.881
Punjab,Amritsar,Maize,Kharif,445.21,539.9,18.9,7.17,213.6,3.49,8.802
Karnataka,Dharwad,Wheat,Rabi,169.73,1102.6,27.0,5.91,134.6,1.15,8.245
Assam,Kamrup,Maize,Kharif,785.75,2155.3,27.4,6.87,136.4,0.27,10.057
Punjab,Amritsar,Maize,Kharif,238.17,566.3,26.6,7.24,164.6,3.34,8.204
Assam,Jorhat,Chickpea,Rabi,29.38,1900.7,21.9,6.13,76.5,4.32,3.858
Maharashtra,Pune,Maize,Kharif,320.19,1093.5,32.6,8.73,180.6,5.56,9.883
Karnataka,Mysuru,Maize,Kharif,79.54,880.9,25.4,7.64,110.7,0.59,7.525
Maharashtra,Nagpur,Mustard,Rabi,147.73,1119.1,25.5,6.63,102.8,3.41,5.244
Bihar,Patna,Mustard,Rabi,28.48,982.6,20.5,6.42,146.9,12.22,5.161
Maharashtra,Pune,Chickpea,Rabi,105.17,601.9,32.5,7.23,117.3,1.01,2.546
Odisha,Cuttack,Mustard,Rabi,108.81,1072.6,32.7,7.27,146.1,1.0,5.359
Gujarat,Rajkot,Soybean,Kharif,20.59,588.0,27.8,8.05,20.3,0.67,3.032
Odisha,Sambalpur,Soybean,Kharif,230.38,1278.6,31.1,7.91,112.9,3.35,6.454
Bihar,Gaya,Groundnut,Kharif,333.42,1216.7,21.8,6.9,147.9,6.01,7.02
Rajasthan,Bikaner,Sugarcane,Whole Year,372.71,378.1,25.6,7.7,77.7,0.1,10.061
Bihar,Patna,Sugarcane,Whole Year,7.99,1202.9,29.6,6.71,147.9,2.78,13.0
West Bengal,Murshidabad,Barley,Rabi,83.35,1544.8,28.5,6.97,119.3,9.35,7.282
Tamil Nadu,Coimbatore,Chickpea,Rabi,152.85,1269.8,28.1,5.83,61.6,1.24,3.329
Uttar Pradesh,Kanpur,Wheat,Rabi,199.85,898.6,25.2,7.05,186.8,2.08,8.614
Andhra Pradesh,Guntur,Soybean,Kharif,19.13,713.6,32.5,6.91,118.4,2.79,4.731
West Bengal,Murshidabad,Maize,Kharif,364.63,2003.4,29.6,6.25,142.9,1.94,10.224
Andhra Pradesh,Krishna,Sugarcane,Whole Year,588.43,689.3,34.6,6.36,117.7,5.25,13.0
Assam,Nagaon,Chickpea,Rabi,103.91,1922.9,21.3,4.65,77.3,2.97,4.082
Jharkhand,Hazaribag,Barley,Rabi,654.94,1353.7,29.6,6.72,53.7,7.1,5.997
Assam,Jorhat,Soybean,Kharif,237.76,1536.1,28.4,5.5,98.6,0.27,6.559
Jharkhand,Ranchi,Wheat,Rabi,267.2,1088.8,22.5,6.72,95.4,0.4,7.563
West Bengal,Nadia,Groundnut,Kharif,16.18,1510.6,22.6,6.82,76.6,12.83,5.822
Bihar,Patna,Maize,Kharif,174.05,1115.2,26.4,7.12,135.7,0.63,9.252
Rajasthan,Jaipur,Wheat,Rabi,369.18,379.5,22.3,7.97,92.0,6.38,5.519
Punjab,Patiala,Soybean,Kharif,1634.49,538.9,24.3,7.32,200.2,5.13,5.76
West Bengal,Nadia,Sugarcane,Whole Year,64.24,1212.3,25.5,5.81,112.7,0.81,13.0
Haryana,Rohtak,Groundnut,Kharif,295.96,572.0,25.2,8.22,229.8,2.81,6.096
West Bengal,Burdwan,Barley,Rabi,29.32,1711.3,33.5,5.62,164.0,0.1,7.528
Odisha,Sambalpur,Maize,Kharif,119.9,963.1,30.4,7.03,100.8,2.6,7.981
Punjab,Ludhiana,Soybean,Kharif,135.7,466.7,22.7,7.35,198.7,1.4,4.604
Uttar Pradesh,Agra,Barley,Rabi,40.15,950.5,28.2,6.53,193.6,2.25,7.087
Tamil Nadu,Coimbatore,Rice,Kharif,46.22,943.9,27.6,6.45,115.7,1.59,9.26
Gujarat,Ahmedabad,Sugarcane,Whole Year,143.35,684.6,38.8,7.22,134.8,0.1,12.667
Bihar,Patna,Wheat,Rabi,53.87,1082.1,27.2,7.2,132.8,4.99,8.852
Maharashtra,Nagpur,Groundnut,Kharif,143.36,1050.5,32.9,6.96,93.1,2.08,5.498
Uttar Pradesh,Agra,Maize,Kharif,367.41,894.0,23.1,7.13,101.9,0.33,7.153
Tamil Nadu,Coimbatore,Cotton,Kharif,138.01,1091.3,33.2,6.83,157.9,3.09,5.572
Rajasthan,Jodhpur,Groundnut,Kharif,187.07,149.2,37.5,8.16,84.9,0.98,2.422
Gujarat,Ahmedabad,Wheat,Rabi,41.3,677.2,25.7,7.11,116.9,7.95,6.998
Madhya Pradesh,Jabalpur,Maize,Kharif,343.92,1027.6,28.9,7.8,116.9,4.44,8.134
Tamil Nadu,Thanjavur,Soybean,Kharif,150.94,1573.3,31.9,6.09,192.5,0.32,7.736
Odisha,Cuttack,Cotton,Kharif,13.09,1206.6,29.2,5.48,96.5,16.1,5.395
Punjab,Ludhiana,Soybean,Kharif,127.57,568.1,25.6,7.78,129.2,9.28,4.56
Odisha,Puri,Rice,Kharif,9.86,1238.2,24.0,6.11,122.4,5.32,10.225
Karnataka,Dharwad,Maize,Kharif,200.89,981.4,24.7,6.36,125.1,3.11,8.657
Haryana,Rohtak,Groundnut,Kharif,115.52,577.0,25.5,7.68,268.9,3.02,6.336
Haryana,Rohtak,Soybean,Kharif,80.94,392.9,12.6,7.97,219.8,0.64,4.55
Jharkhand,Dhanbad,Wheat,Rabi,57.13,1236.4,28.2,5.52,72.8,4.77,7.521
Maharashtra,Nagpur,Soybean,Kharif,153.78,904.5,28.0,6.93,100.4,3.24,4.868
Jharkhand,Ranchi,Groundnut,Kharif,251.88,685.4,25.1,6.6,164.0,3.2,5.452
Madhya Pradesh,Bhopal,Sugarcane,Whole Year,29.96,791.2,32.6,7.01,108.7,4.53,13.0
Andhra Pradesh,Guntur,Cotton,Kharif,186.64,956.9,31.8,6.73,101.7,1.93,4.881
Assam,Kamrup,Chickpea,Rabi,101.83,2235.0,36.2,5.91,85.3,5.68,3.696
West Bengal,Burdwan,Sugarcane,Whole Year,501.32,1497.5,24.2,5.27,42.5,3.1,13.0
Bihar,Patna,Mustard,Rabi,173.78,774.6,25.8,7.15,89.3,11.36,4.433
Punjab,Amritsar,Cotton,Kharif,74.19,629.9,28.6,6.97,163.6,1.77,5.205
Odisha,Cuttack,Wheat,Rabi,177.08,1277.5,33.3,5.76,146.4,2.63,8.403
Assam,Jorhat,Wheat,Rabi,15.7,2757.1,25.9,5.42,68.5,4.9,8.264
Haryana,Rohtak,Wheat,Rabi,160.47,505.0,22.7,7.81,155.7,2.46,7.197
Rajasthan,Jodhpur,Mustard,Rabi,20.95,297.5,33.4,7.19,120.0,0.98,3.364
Andhra Pradesh,Guntur,Cotton,Kharif,78.31,995.5,28.9,6.07,153.8,4.66,5.497
West Bengal,Burdwan,Maize,Kharif,196.04,1632.6,31.5,6.52,149.2,1.43,10.204
Madhya Pradesh,Indore,Cotton,Kharif,90.12,1074.2,35.1,6.56,104.6,12.85,5.169
Karnataka,Dharwad,Groundnut,Kharif,110.75,864.0,31.4,6.76,140.4,0.1,5.606
Tamil Nadu,Madurai,Barley,Rabi,109.53,708.0,31.9,5.9,196.9,6.05,7.029
West Bengal,Burdwan,Sugarcane,Whole Year,46.24,1652.1,21.2,6.82,156.5,0.1,13.0
Karnataka,Dharwad,Barley,Rabi,146.34,1027.2,19.6,6.06,122.5,3.23,6.78
Maharashtra,Nagpur,Soybean,Kharif,167.13,815.4,23.2,6.31,170.0,2.26,5.858
West Bengal,Burdwan,Groundnut,Kharif,35.35,1596.2,29.2,5.17,148.3,10.87,7.183
Andhra Pradesh,Guntur,Rice,Kharif,136.83,860.1,31.0,6.69,132.3,4.08,8.463
Uttar Pradesh,Kanpur,Rice,Kharif,654.55,789.9,31.9,6.7,189.9,2.58,9.722
Karnataka,Mysuru,Groundnut,Kharif,378.35,1000.7,29.5,7.34,173.2,1.01,6.071
Maharashtra,Nashik,Barley,Rabi,177.47,988.4,28.4,6.86,55.8,0.45,5.032
Madhya Pradesh,Jabalpur,Barley,Rabi,76.87,893.7,32.1,6.91,121.2,6.18,6.049
Uttar Pradesh,Agra,Rice,Kharif,258.03,780.7,19.7,7.64,151.6,2.71,8.366
Tamil Nadu,Coimbatore,Mustard,Rabi,108.09,1079.1,35.1,7.01,147.5,2.17,4.964
Uttar Pradesh,Varanasi,Chickpea,Rabi,102.81,672.0,33.3,6.66,263.5,7.24,4.081
Jharkhand,Dhanbad,Barley,Rabi,0.67,1146.7,23.7,6.84,105.4,2.2,6.592
Haryana,Karnal,Soybean,Kharif,9.23,491.6,26.3,7.3,175.7,0.47,4.522
Andhra Pradesh,Guntur,Sugarcane,Whole Year,190.08,1087.3,29.1,6.58,170.6,0.64,13.0
West Bengal,Burdwan,Maize,Kharif,630.57,1673.1,26.3,6.14,156.4,3.48,10.998
Madhya Pradesh,Indore,Wheat,Rabi,33.42,840.3,21.0,7.3,164.0,5.92,8.433
Jharkhand,Ranchi,Barley,Rabi,63.75,1059.3,15.8,5.27,80.7,6.69,6.026
Maharashtra,Nagpur,Barley,Rabi,93.26,1131.7,40.1,6.71,99.7,1.05,5.52
Assam,Kamrup,Soybean,Kharif,169.41,2828.1,29.6,5.62,106.3,7.0,7.56
Punjab,Patiala,Mustard,Rabi,81.3,586.0,25.7,7.09,189.3,0.95,4.843
West Bengal,Burdwan,Sugarcane,Whole Year,272.13,1698.6,26.5,5.7,152.9,6.25,13.0
Tamil Nadu,Thanjavur,Chickpea,Rabi,60.17,1213.6,25.5,6.51,158.4,3.52,4.742
Assam,Jorhat,Maize,Kharif,366.67,2274.8,25.8,5.4,54.4,4.9,8.617
Assam,Jorhat,Cotton,Kharif,15.53,2463.2,29.9,5.18,88.8,6.7,6.201
Bihar,Patna,Chickpea,Rabi,229.96,916.8,34.8,6.77,62.0,18.0,2.689
Punjab,Ludhiana,Maize,Kharif,366.45,628.0,28.8,6.98,235.1,5.19,9.761
Uttar Pradesh,Varanasi,Wheat,Rabi,575.11,796.8,24.7,6.43,243.1,1.77,9.447
Gujarat,Rajkot,Soybean,Kharif,44.72,534.8,23.1,7.68,184.4,7.09,5.281
Karnataka,Raichur,Groundnut,Kharif,151.16,1145.3,26.4,6.11,153.5,11.99,6.602
Bihar,Gaya,Barley,Rabi,13.27,928.2,36.0,6.78,72.8,3.05,5.207
Andhra Pradesh,Guntur,Wheat,Rabi,130.76,809.1,29.3,6.26,84.8,4.16,6.924
Punjab,Ludhiana,Mustard,Rabi,863.44,617.8,20.1,7.09,183.9,0.54,5.909
Bihar,Gaya,Wheat,Rabi,428.32,1045.9,27.3,6.41,74.6,13.27,7.037
Maharashtra,Pune,Sugarcane,Whole Year,189.84,1070.4,30.7,7.65,182.6,1.24,13.0
Jharkhand,Hazaribag,Chickpea,Rabi,339.98,1311.9,27.6,6.37,166.4,2.62,4.355
Maharashtra,Pune,Rice,Kharif,79.8,1346.4,35.4,7.98,113.9,2.22,10.127
West Bengal,Murshidabad,Chickpea,Rabi,156.39,1643.8,22.8,6.92,110.5,1.81,4.463
Tamil Nadu,Madurai,Mustard,Rabi,198.18,1146.5,28.7,7.07,144.6,4.65,5.688
Haryana,Rohtak,Wheat,Rabi,258.38,664.3,16.2,8.2,226.0,8.08,9.068
Assam,Jorhat,Chickpea,Rabi,53.78,1753.0,19.8,6.35,86.2,5.24,4.973
Maharashtra,Nagpur,Rice,Kharif,114.95,691.9,26.5,6.73,122.4,3.15,7.789
Madhya Pradesh,Bhopal,Barley,Rabi,390.37,942.9,23.7,6.46,51.7,0.1,5.621
Bihar,Muzaffarpur,Chickpea,Rabi,116.69,1326.8,29.2,6.65,106.3,3.87,3.541
Gujarat,Ahmedabad,Wheat,Rabi,36.69,764.4,22.0,6.96,170.8,0.13,8.351
West Bengal,Burdwan,Wheat,Rabi,399.34,1855.6,26.1,7.27,195.4,0.12,10.949
Odisha,Cuttack,Rice,Kharif,76.01,1510.1,29.2,6.44,107.2,2.48,11.143
Jharkhand,Hazaribag,Groundnut,Kharif,151.96,1269.3,16.4,5.98,76.6,0.73,5.417
Madhya Pradesh,Indore,Groundnut,Kharif,364.17,1071.7,27.0,7.17,81.5,10.13,5.792
Punjab,Patiala,Sugarcane,Whole Year,534.58,800.3,20.8,7.23,244.2,0.85,13.0
Odisha,Cuttack,Soybean,Kharif,76.58,942.8,32.8,6.21,71.1,7.05,4.989
Andhra Pradesh,Krishna,Cotton,Kharif,220.28,833.7,23.3,6.13,167.7,5.59,5.54
Uttar Pradesh,Varanasi,Wheat,Rabi,100.89,824.0,26.1,6.45,95.2,4.16,6.856
Punjab,Patiala,Wheat,Rabi,193.25,426.2,31.2,7.6,110.0,6.97,6.012
Haryana,Karnal,Mustard,Rabi,100.3,537.6,18.1,7.34,122.9,2.79,4.404
Andhra Pradesh,Kurnool,Soybean,Kharif,14.79,1086.5,33.7,6.52,149.9,1.67,6.034
Bihar,Patna,Soybean,Kharif,67.06,914.3,25.6,5.95,126.1,1.29,5.54
Maharashtra,Pune,Cotton,Kharif,106.73,1278.4,25.1,7.27,124.9,4.0,5.678
Maharashtra,Nashik,Chickpea,Rabi,499.6,883.8,25.5,6.52,150.1,1.93,3.959
Jharkhand,Dhanbad,Chickpea,Rabi,51.77,744.6,27.2,5.82,116.0,1.85,2.698
Tamil Nadu,Coimbatore,Sugarcane,Whole Year,110.24,1199.4,27.9,6.9,133.7,3.85,13.0
Punjab,Amritsar,Chickpea,Rabi,406.91,549.6,20.8,6.97,298.7,0.69,4.154
West Bengal,Murshidabad,Maize,Kharif,137.34,1165.8,29.1,7.08,81.0,15.42,8.299
Uttar Pradesh,Varanasi,Sugarcane,Whole Year,3.19,734.2,36.3,6.79,206.9,3.24,13.0
Assam,Nagaon,Sugarcane,Whole Year,102.56,1938.0,29.5,6.28,141.5,1.6,13.0
Tamil Nadu,Thanjavur,Wheat,Rabi,204.42,739.7,28.4,6.6,179.0,3.99,7.951
Karnataka,Mysuru,Sugarcane,Whole Year,81.16,630.1,21.7,6.69,139.1,3.04,13.0
Madhya Pradesh,Bhopal,Sugarcane,Whole Year,0.3,1011.1,35.5,6.75,21.9,0.45,12.207
Uttar Pradesh,Varanasi,Groundnut,Kharif,18.67,1032.0,26.9,8.16,177.7,4.93,6.614
Assam,Jorhat,Cotton,Kharif,95.9,2146.6,23.3,4.9,53.4,2.49,4.576
Uttar Pradesh,Varanasi,Cotton,Kharif,137.42,1173.4,19.2,7.42,161.4,16.97,5.524
Jharkhand,Dhanbad,Wheat,Rabi,224.36,1292.8,38.0,6.21,156.8,0.53,8.66
Madhya Pradesh,Bhopal,Cotton,Kharif,84.96,872.0,23.5,7.17,82.3,13.0,4.573
Gujarat,Ahmedabad,Mustard,Rabi,186.41,741.7,28.9,7.63,124.0,2.44,4.547
Gujarat,Ahmedabad,Mustard,Rabi,52.94,576.1,30.8,7.68,20.0,0.29,2.217
Karnataka,Raichur,Cotton,Kharif,0.3,918.3,29.9,6.47,136.8,1.59,5.032
Jharkhand,Ranchi,Maize,Kharif,823.06,1157.3,34.5,5.89,89.2,0.96,7.828
Karnataka,Mysuru,Wheat,Rabi,49.9,821.6,24.1,6.33,152.7,6.59,7.969
Haryana,Rohtak,Soybean,Kharif,351.52,413.8,22.9,6.93,116.5,4.63,4.189
Assam,Nagaon,Mustard,Rabi,42.07,1293.1,33.0,6.08,44.0,6.29,4.482
Tamil Nadu,Coimbatore,Soybean,Kharif,372.04,851.2,29.9,5.52,233.3,0.36,5.893
Bihar,Muzaffarpur,Rice,Kharif,123.03,1042.8,20.1,5.99,141.4,10.88,9.492
Punjab,Ludhiana,Groundnut,Kharif,303.89,602.2,21.1,7.16,206.1,6.1,5.421
Assam,Kamrup,Groundnut,Kharif,146.13,2165.9,23.4,5.7,103.8,2.51,6.359
West Bengal,Burdwan,Groundnut,Kharif,123.96,1823.3,30.3,4.74,146.5,16.72,6.733
Maharashtra,Nashik,Soybean,Kharif,61.59,1238.9,35.9,7.16,153.1,1.68,6.66
Haryana,Karnal,Maize,Kharif,77.79,456.8,19.6,7.78,183.0,0.47,7.254
Tamil Nadu,Madurai,Soybean,Kharif,34.07,1036.6,37.1,6.71,123.5,1.65,5.455
Odisha,Cuttack,Sugarcane,Whole Year,137.05,1237.5,26.0,6.13,127.9,0.1,13.0
Karnataka,Mysuru,Barley,Rabi,123.44,812.4,30.4,6.29,152.7,5.24,6.611
Karnataka,Raichur,Mustard,Rabi,140.98,934.0,24.4,6.44,156.1,6.43,5.711
Tamil Nadu,Madurai,Wheat,Rabi,233.52,1390.4,31.7,5.62,167.5,5.01,9.795
Jharkhand,Dhanbad,Groundnut,Kharif,65.12,1465.4,28.2,6.12,110.9,0.75,6.704
Gujarat,Ahmedabad,Sugarcane,Whole Year,41.66,786.2,32.6,7.88,197.9,2.83,13.0
Assam,Jorhat,Sugarcane,Whole Year,282.33,2309.4,27.3,6.06,123.7,6.46,13.0
Maharashtra,Nagpur,Cotton,Kharif,434.66,329.7,38.6,6.6,65.4,1.86,3.267
Rajasthan,Jodhpur,Chickpea,Rabi,142.71,308.4,21.7,8.29,86.0,4.5,2.462
Bihar,Gaya,Cotton,Kharif,184.33,993.0,39.6,6.63,90.3,4.16,4.691
Karnataka,Raichur,Sugarcane,Whole Year,26.11,958.5,25.0,5.55,148.3,4.65,13.0
Punjab,Amritsar,Barley,Rabi,202.22,502.0,17.9,7.94,186.0,1.85,6.604
Odisha,Cuttack,Chickpea,Rabi,176.29,1428.4,29.2,6.31,80.1,3.09,4.021
Uttar Pradesh,Agra,Soybean,Kharif,412.29,879.6,23.2,6.2,143.4,5.68,6.024
Maharashtra,Pune,Soybean,Kharif,511.81,902.6,30.7,6.66,92.0,2.24,4.992
Odisha,Puri,Groundnut,Kharif,119.47,1140.2,32.7,5.52,91.6,0.23,5.343
Maharashtra,Nashik,Barley,Rabi,4.41,515.2,34.4,7.17,119.3,3.82,4.995
Madhya Pradesh,Bhopal,Soybean,Kharif,195.86,982.6,30.9,7.18,137.2,0.55,5.66
Madhya Pradesh,Indore,Sugarcane,Whole Year,86.0,686.7,42.5,6.94,134.6,0.42,12.676
Maharashtra,Nagpur,Barley,Rabi,787.64,891.6,32.3,7.76,111.3,2.74,5.447
Madhya Pradesh,Indore,Mustard,Rabi,36.25,767.6,28.5,6.36,20.0,10.2,3.233
Haryana,Karnal,Maize,Kharif,309.26,606.8,19.8,7.8,173.5,13.37,7.931
Uttar Pradesh,Agra,Wheat,Rabi,3.62,869.3,32.4,7.4,196.4,0.47,8.113
Odisha,Puri,Barley,Rabi,160.82,1451.1,30.5,6.95,100.6,1.16,6.482
Maharashtra,Nagpur,Cotton,Kharif,298.88,1059.8,26.2,6.59,173.6,11.68,6.044
Rajasthan,Jodhpur,Barley,Rabi,100.83,206.2,38.3,8.07,97.4,0.6,3.743
Bihar,Gaya,Mustard,Rabi,821.14,1200.1,24.9,6.67,149.3,0.53,5.693
West Bengal,Nadia,Soybean,Kharif,428.12,1421.1,25.1,6.32,140.8,11.95,7.792
Jharkhand,Ranchi,Chickpea,Rabi,2.54,1429.7,34.2,5.09,91.8,2.87,3.829
Haryana,Hisar,Sugarcane,Whole Year,82.15,549.0,25.5,7.37,203.4,0.41,13.0
Karnataka,Mysuru,Barley,Rabi,342.13,914.3,29.9,6.15,104.8,7.42,5.564
Karnataka,Raichur,Groundnut,Kharif,30.62,895.9,26.0,6.52,111.1,4.84,5.12
Gujarat,Surat,Chickpea,Rabi,6.32,783.4,32.1,7.11,176.7,4.71,3.539
Rajasthan,Jaipur,Chickpea,Rabi,362.85,282.5,27.2,8.06,125.5,4.15,2.324
Gujarat,Rajkot,Mustard,Rabi,218.72,813.7,22.4,7.59,176.7,1.06,5.549
Madhya Pradesh,Bhopal,Rice,Kharif,158.22,1004.1,34.6,6.84,130.6,0.41,8.938
Bihar,Patna,Wheat,Rabi,365.84,977.0,26.7,7.07,165.4,14.02,9.04
Karnataka,Dharwad,Chickpea,Rabi,23.89,1199.1,29.6,6.51,148.2,0.36,4.256
Odisha,Cuttack,Barley,Rabi,71.31,935.3,27.8,5.04,137.3,4.76,6.329
Odisha,Cuttack,Mustard,Rabi,67.18,1547.8,34.0,6.07,53.1,5.45,4.584
West Bengal,Burdwan,Soybean,Kharif,148.99,1348.0,25.1,7.23,137.1,0.12,6.677
Assam,Nagaon,Barley,Rabi,186.83,2284.4,25.5,6.17,126.7,4.24,8.029
Bihar,Muzaffarpur,Chickpea,Rabi,128.07,984.7,24.5,6.35,92.8,14.44,3.427
Assam,Jorhat,Barley,Rabi,9.34,1657.9,24.2,4.28,77.1,12.46,5.987
Tamil Nadu,Madurai,Wheat,Rabi,145.37,1140.4,26.3,6.05,129.6,0.1,8.432
Punjab,Patiala,Sugarcane,Whole Year,340.98,568.0,20.1,7.54,241.5,2.99,13.0
Madhya Pradesh,Jabalpur,Maize,Kharif,105.87,836.1,24.1,6.21,42.0,8.34,6.621
Punjab,Patiala,Sugarcane,Whole Year,8.28,757.8,27.1,7.41,184.9,3.83,13.0
Punjab,Amritsar,Cotton,Kharif,103.58,637.4,18.9,7.57,204.6,1.36,4.734
Tamil Nadu,Thanjavur,Barley,Rabi,2.04,1351.2,33.5,5.63,181.9,3.32,7.522
Karnataka,Raichur,Maize,Kharif,133.11,879.3,24.0,5.85,111.8,3.01,7.302
Madhya Pradesh,Indore,Groundnut,Kharif,381.89,1017.2,27.0,6.58,89.0,2.74,5.621
Assam,Jorhat,Sugarcane,Whole Year,496.91,2687.4,25.0,5.77,97.8,1.97,13.0
Maharashtra,Pune,Barley,Rabi,93.86,650.3,35.2,7.36,120.4,0.54,4.721
Rajasthan,Jodhpur,Wheat,Rabi,1.35,334.6,33.0,6.63,106.7,1.71,5.616
Punjab,Ludhiana,Mustard,Rabi,173.61,739.4,29.1,7.24,162.5,0.64,4.873
Haryana,Hisar,Soybean,Kharif,7.96,530.5,21.6,7.36,200.6,0.11,4.606
Haryana,Rohtak,Mustard,Rabi,27.86,499.2,23.8,6.93,169.3,1.64,5.015
Uttar Pradesh,Varanasi,Chickpea,Rabi,97.39,1026.0,28.2,6.95,180.1,1.46,3.708
Punjab,Ludhiana,Rice,Kharif,116.12,632.9,26.2,7.4,157.5,0.76,7.868
Punjab,Amritsar,Soybean,Kharif,36.12,519.7,26.7,7.27,250.4,3.06,5.656
Tamil Nadu,Madurai,Wheat,Rabi,168.5,1163.0,30.9,6.95,108.3,1.76,7.948
Karnataka,Dharwad,Soybean,Kharif,182.82,953.8,28.1,6.83,98.3,1.53,5.27
Assam,Kamrup,Chickpea,Rabi,419.26,2182.8,23.3,6.12,101.3,2.31,4.44
Assam,Jorhat,Chickpea,Rabi,186.16,3339.1,21.0,4.51,148.1,8.79,4.886
West Bengal,Murshidabad,Rice,Kharif,328.59,1342.1,34.1,7.22,145.7,0.21,10.599
Tamil Nadu,Coimbatore,Wheat,Rabi,3.86,1168.7,21.2,6.83,162.4,2.27,9.459
Assam,Jorhat,Sugarcane,Whole Year,342.74,2531.6,31.7,6.38,126.4,2.63,13.0
Odisha,Sambalpur,Maize,Kharif,1.14,1322.8,27.6,5.63,116.6,9.68,9.4
Punjab,Patiala,Cotton,Kharif,133.74,663.7,19.2,7.28,193.5,1.83,4.7
Assam,Nagaon,Maize,Kharif,369.13,2583.9,33.5,5.17,100.1,0.97,8.714
Maharashtra,Nagpur,Groundnut,Kharif,102.6,985.7,32.1,6.63,100.0,1.08,5.234
Assam,Kamrup,Chickpea,Rabi,285.1,2260.2,30.8,5.36,48.5,0.73,3.533
Maharashtra,Pune,Sugarcane,Whole Year,55.4,1081.2,31.0,6.55,162.0,5.7,13.0
Assam,Kamrup,Cotton,Kharif,427.4,2279.2,27.7,4.93,80.3,6.08,5.355
Punjab,Patiala,Barley,Rabi,251.08,704.2,25.8,6.95,235.4,3.06,7.634
Rajasthan,Jaipur,Barley,Rabi,89.33,432.5,23.9,7.47,84.4,1.1,4.465
Bihar,Muzaffarpur,Rice,Kharif,94.74,1207.4,26.4,7.12,137.4,0.43,10.177
Madhya Pradesh,Indore,Sugarcane,Whole Year,219.55,1151.0,20.0,7.16,85.7,11.84,13.0
West Bengal,Murshidabad,Cotton,Kharif,97.27,1814.6,28.0,5.62,137.4,0.41,6.311
Odisha,Cuttack,Maize,Kharif,214.21,1621.7,27.7,5.76,126.9,2.24,9.946
Tamil Nadu,Coimbatore,Chickpea,Rabi,534.17,1123.0,29.7,6.28,169.1,12.85,4.155
Karnataka,Raichur,Soybean,Kharif,11.97,900.8,26.4,6.26,84.1,0.41,4.527
West Bengal,Nadia,Sugarcane,Whole Year,364.36,1579.8,29.2,6.09,146.2,0.11,13.0
Uttar Pradesh,Kanpur,Mustard,Rabi,8.51,811.8,28.7,7.31,176.5,1.77,5.091
Jharkhand,Dhanbad,Wheat,Rabi,15.89,1513.0,28.2,6.46,51.2,0.7,7.228
Madhya Pradesh,Indore,Soybean,Kharif,0.3,916.3,37.3,6.28,58.4,1.25,4.355
Jharkhand,Ranchi,Maize,Kharif,186.36,1210.2,33.3,5.91,70.1,0.58,7.475
Rajasthan,Jodhpur,Maize,Kharif,128.42,275.7,24.4,8.64,91.2,0.21,5.249
Karnataka,Dharwad,Mustard,Rabi,193.38,878.3,29.6,6.27,94.1,13.99,4.111
Rajasthan,Bikaner,Groundnut,Kharif,154.79,393.8,22.8,8.42,63.5,0.22,3.539
Haryana,Karnal,Soybean,Kharif,633.7,624.7,18.6,7.34,123.9,2.43,4.704
West Bengal,Nadia,Soybean,Kharif,113.41,1760.4,25.5,7.51,73.7,0.16,6.518
Karnataka,Dharwad,Wheat,Rabi,646.93,672.9,25.3,6.99,136.7,1.05,7.51
Gujarat,Rajkot,Rice,Kharif,87.71,614.3,26.1,7.51,180.4,4.19,8.751
Haryana,Karnal,Chickpea,Rabi,74.21,519.7,26.0,7.61,175.8,5.32,3.125
Bihar,Gaya,Groundnut,Kharif,51.93,1048.9,34.8,7.11,121.7,3.52,5.61
Haryana,Rohtak,Chickpea,Rabi,103.09,437.8,19.8,7.07,317.8,2.3,4.285
Uttar Pradesh,Kanpur,Cotton,Kharif,107.44,594.3,23.5,7.62,73.8,6.58,3.803
West Bengal,Burdwan,Sugarcane,Whole Year,66.39,1714.4,28.9,6.09,143.7,2.01,13.0
Uttar Pradesh,Agra,Soybean,Kharif,468.18,988.9,23.2,6.89,110.0,6.54,6.286
Madhya Pradesh,Jabalpur,Sugarcane,Whole Year,58.96,814.4,19.5,7.01,151.3,0.12,13.0
Odisha,Sambalpur,Barley,Rabi,80.75,777.1,29.8,6.26,124.2,4.14,6.029
Uttar Pradesh,Kanpur,Rice,Kharif,68.51,1028.9,22.4,6.98,152.5,2.77,9.75
Gujarat,Ahmedabad,Barley,Rabi,72.46,769.7,16.2,7.01,109.1,0.92,6.134
West Bengal,Nadia,Chickpea,Rabi,249.39,1755.1,23.8,5.48,123.7,1.62,4.493
Andhra Pradesh,Kurnool,Mustard,Rabi,95.83,1039.9,27.0,6.01,150.4,1.87,5.355
Punjab,Amritsar,Sugarcane,Whole Year,70.35,462.6,26.3,6.6,238.8,0.38,13.0
Punjab,Patiala,Barley,Rabi,250.58,674.6,22.1,7.41,235.5,2.17,7.642
Madhya Pradesh,Indore,Barley,Rabi,218.81,979.6,25.8,6.67,151.0,2.0,7.056
Punjab,Patiala,Wheat,Rabi,3.24,736.2,12.0,7.52,191.2,5.33,8.534
Punjab,Ludhiana,Rice,Kharif,139.07,590.9,23.7,6.84,212.3,2.72,9.347
West Bengal,Burdwan,Wheat,Rabi,160.91,1724.7,29.7,6.5,121.6,1.77,8.83
Madhya Pradesh,Bhopal,Rice,Kharif,57.66,762.0,34.4,7.21,166.7,6.26,9.335
Uttar Pradesh,Varanasi,Maize,Kharif,106.09,750.6,23.0,6.39,140.4,9.57,8.349
West Bengal,Murshidabad,Mustard,Rabi,81.13,1503.6,25.3,6.06,122.1,0.8,5.795
Madhya Pradesh,Indore,Cotton,Kharif,108.37,1122.0,34.9,6.31,141.9,4.87,5.606
Haryana,Karnal,Sugarcane,Whole Year,705.87,485.1,17.4,7.43,176.2,4.69,12.831
Maharashtra,Nashik,Cotton,Kharif,145.46,1019.3,22.8,6.89,103.3,4.72,5.138
Assam,Jorhat,Mustard,Rabi,15.72,2938.8,23.1,5.71,87.5,0.34,5.246
Karnataka,Mysuru,Maize,Kharif,245.26,662.1,30.3,7.11,93.7,3.3,6.632
Karnataka,Dharwad,Rice,Kharif,47.93,723.2,35.6,6.21,156.5,1.64,8.522
Tamil Nadu,Coimbatore,Wheat,Rabi,49.82,1174.2,29.5,6.85,157.5,4.53,9.31
Assam,Kamrup,Mustard,Rabi,79.22,2444.2,32.8,5.59,100.5,5.95,5.408
Andhra Pradesh,Kurnool,Barley,Rabi,55.42,922.7,29.7,7.38,194.0,4.38,7.291
Jharkhand,Ranchi,Wheat,Rabi,110.6,1313.6,25.8,6.22,114.7,3.16,8.261
Odisha,Puri,Chickpea,Rabi,309.08,1290.5,32.6,4.9,108.1,1.77,2.967
Andhra Pradesh,Kurnool,Groundnut,Kharif,46.19,935.7,28.4,7.33,122.3,7.01,6.169
Punjab,Ludhiana,Mustard,Rabi,57.11,719.6,26.2,8.06,170.0,4.28,4.72
Karnataka,Mysuru,Soybean,Kharif,4.43,544.3,25.1,5.81,135.9,0.2,3.886
Assam,Nagaon,Groundnut,Kharif,515.48,2542.6,22.0,5.58,85.4,0.42,6.529
Karnataka,Raichur,Soybean,Kharif,231.12,883.6,27.5,6.78,123.1,1.3,5.33
Karnataka,Raichur,Groundnut,Kharif,311.46,526.8,29.1,7.22,118.2,1.29,4.495
Maharashtra,Nagpur,Sugarcane,Whole Year,467.76,727.3,26.3,6.25,141.7,5.54,13.0
Madhya Pradesh,Jabalpur,Wheat,Rabi,255.98,521.8,21.7,5.74,75.2,1.7,5.269
Madhya Pradesh,Indore,Groundnut,Kharif,144.69,833.3,33.9,7.36,108.2,1.53,5.173
Karnataka,Raichur,Maize,Kharif,49.58,1258.3,28.7,6.01,114.7,11.25,9.357
Jharkhand,Dhanbad,Wheat,Rabi,106.16,1617.7,28.9,6.27,75.8,1.39,8.245
Tamil Nadu,Coimbatore,Mustard,Rabi,24.93,1159.8,36.7,6.63,120.2,1.44,4.757
Madhya Pradesh,Bhopal,Soybean,Kharif,141.78,771.0,27.2,6.99,107.4,5.51,5.262
Gujarat,Rajkot,Maize,Kharif,262.84,645.9,30.8,7.55,164.3,4.18,8.228
Assam,Nagaon,Barley,Rabi,151.68,2768.9,24.4,5.2,130.0,1.81,7.269
Jharkhand,Hazaribag,Maize,Kharif,156.07,1163.1,23.5,5.63,130.1,12.05,9.074
Tamil Nadu,Thanjavur,Rice,Kharif,52.68,938.1,30.9,6.5,126.5,4.57,9.031
Rajasthan,Jaipur,Chickpea,Rabi,529.83,204.7,20.2,7.73,81.2,1.67,2.492
Gujarat,Ahmedabad,Rice,Kharif,158.83,719.7,20.7,8.03,63.4,3.96,6.921
Bihar,Muzaffarpur,Wheat,Rabi,43.38,1243.4,34.6,6.44,151.2,7.74,8.857
Madhya Pradesh,Indore,Maize,Kharif,172.93,934.9,32.7,7.06,76.6,2.25,7.274
Tamil Nadu,Madurai,Mustard,Rabi,163.26,1127.9,26.3,6.97,187.7,3.08,6.182
Madhya Pradesh,Bhopal,Rice,Kharif,235.76,726.9,24.1,7.33,124.1,3.54,8.104
Punjab,Amritsar,Soybean,Kharif,123.8,700.8,16.6,7.45,221.1,14.32,5.859
Bihar,Patna,Wheat,Rabi,107.31,1175.5,18.5,6.67,169.2,5.36,9.687
Gujarat,Surat,Groundnut,Kharif,57.27,637.2,32.7,7.43,162.6,3.01,5.588
Maharashtra,Nashik,Maize,Kharif,72.49,1122.5,42.2,6.21,136.5,7.78,8.593
West Bengal,Nadia,Maize,Kharif,2.9,1097.0,30.6,5.48,164.2,5.06,9.777
Madhya Pradesh,Jabalpur,Sugarcane,Whole Year,102.94,1000.8,27.2,7.23,92.0,3.56,13.0
Uttar Pradesh,Varanasi,Rice,Kharif,95.33,885.1,19.6,7.53,169.0,1.63,9.401
West Bengal,Burdwan,Maize,Kharif,179.87,1887.8,30.5,6.73,137.7,3.93,10.17
Madhya Pradesh,Bhopal,Mustard,Rabi,14.47,816.9,28.9,6.99,122.3,2.83,4.698
Punjab,Amritsar,Groundnut,Kharif,363.25,673.9,32.9,6.99,220.9,4.21,6.762
Karnataka,Raichur,Groundnut,Kharif,426.76,964.3,28.1,6.92,139.8,3.07,6.352
Assam,Nagaon,Sugarcane,Whole Year,10.68,2564.3,19.0,6.27,87.8,0.31,13.0
Bihar,Muzaffarpur,Cotton,Kharif,434.48,1109.7,31.0,7.01,116.4,0.77,5.105
Jharkhand,Hazaribag,Barley,Rabi,235.02,1399.2,24.0,5.42,152.0,9.89,8.057
West Bengal,Murshidabad,Cotton,Kharif,73.07,1046.2,23.0,6.64,151.0,2.81,5.279
Maharashtra,Nagpur,Rice,Kharif,21.29,1273.5,21.4,6.68,120.3,12.65,9.988
Odisha,Sambalpur,Barley,Rabi,27.78,1215.2,33.2,5.39,83.4,1.04,5.853
Bihar,Gaya,Soybean,Kharif,83.91,845.1,25.1,6.97,128.7,1.26,5.172
Karnataka,Raichur,Soybean,Kharif,116.59,757.1,31.0,6.76,131.4,14.52,5.572
West Bengal,Nadia,Groundnut,Kharif,170.8,1362.7,35.0,6.01,179.5,6.94,7.443
Jharkhand,Hazaribag,Chickpea,Rabi,213.45,1503.4,28.8,4.27,163.6,2.87,4.364
Gujarat,Surat,Maize,Kharif,107.62,847.8,30.9,7.02,187.0,7.72,9.368
Punjab,Amritsar,Soybean,Kharif,52.23,791.4,31.1,8.09,193.6,2.82,6.001
Assam,Kamrup,Mustard,Rabi,40.38,1791.3,22.4,5.17,73.6,9.17,5.447
Rajasthan,Jaipur,Chickpea,Rabi,18.21,315.0,23.0,7.53,136.8,2.85,2.925
Odisha,Cuttack,Cotton,Kharif,177.8,1453.0,38.9,7.36,133.5,3.21,6.296
Punjab,Ludhiana,Cotton,Kharif,69.61,550.9,18.6,6.65,210.0,0.95,4.922
Jharkhand,Ranchi,Chickpea,Rabi,33.56,1236.3,35.0,5.68,20.0,3.18,2.579
Madhya Pradesh,Indore,Rice,Kharif,9.3,865.4,39.1,7.47,151.5,3.64,8.818
Bihar,Muzaffarpur,Sugarcane,Whole Year,65.28,847.1,28.5,6.35,98.9,1.43,13.0
Karnataka,Dharwad,Wheat,Rabi,95.53,909.9,23.4,6.29,115.3,5.66,8.201
Andhra Pradesh,Guntur,Wheat,Rabi,166.84,815.5,33.0,6.04,138.3,0.24,7.389
West Bengal,Nadia,Maize,Kharif,80.75,1488.3,26.1,5.2,117.0,1.22,9.507
Andhra Pradesh,Krishna,Wheat,Rabi,376.92,851.8,25.3,7.17,111.2,1.16,7.597
Maharashtra,Pune,Cotton,Kharif,16.45,1198.3,35.2,6.26,81.4,2.05,4.587
Rajasthan,Bikaner,Wheat,Rabi,36.04,224.9,20.3,7.69,122.9,1.12,5.762
Madhya Pradesh,Jabalpur,Barley,Rabi,278.2,636.2,28.1,7.94,104.4,4.91,5.624
West Bengal,Nadia,Maize,Kharif,57.39,1591.7,32.4,6.13,165.4,1.54,10.609
Karnataka,Mysuru,Chickpea,Rabi,563.42,769.5,25.7,7.54,119.3,3.24,3.54
West Bengal,Nadia,Wheat,Rabi,29.49,1613.8,29.3,6.28,167.2,3.07,10.133
Maharashtra,Pune,Soybean,Kharif,536.34,944.5,33.6,7.23,177.6,6.02,6.748
Uttar Pradesh,Varanasi,Groundnut,Kharif,17.27,971.5,30.0,7.05,196.6,0.36,6.271
West Bengal,Burdwan,Chickpea,Rabi,151.98,1929.1,30.4,6.24,132.6,0.38,4.217
Jharkhand,Dhanbad,Mustard,Rabi,31.17,951.6,23.5,6.25,51.8,15.92,4.074
Punjab,Ludhiana,Wheat,Rabi,129.77,452.1,28.1,7.37,217.3,1.51,8.352
Punjab,Amritsar,Mustard,Rabi,88.74,573.3,24.4,7.08,205.3,0.71,5.531
Rajasthan,Jodhpur,Mustard,Rabi,25.26,270.8,14.3,8.01,88.5,9.5,3.093
Maharashtra,Pune,Soybean,Kharif,213.66,1391.4,24.3,6.64,132.2,4.39,7.338
Tamil Nadu,Madurai,Chickpea,Rabi,208.96,1360.0,30.2,6.54,148.2,0.92,4.271
Karnataka,Dharwad,Groundnut,Kharif,655.41,897.0,30.6,6.63,192.5,2.65,6.527
Odisha,Sambalpur,Soybean,Kharif,8.56,1085.5,27.4,6.19,98.3,1.9,5.305
Rajasthan,Bikaner,Barley,Rabi,544.54,382.2,32.5,7.67,102.9,3.48,4.855
Uttar Pradesh,Varanasi,Sugarcane,Whole Year,347.99,1148.5,28.1,7.81,137.4,0.55,13.0
Maharashtra,Nashik,Cotton,Kharif,371.85,1251.0,29.1,6.95,219.3,1.29,6.213
Bihar,Muzaffarpur,Mustard,Rabi,78.41,1275.2,28.1,7.3,173.4,0.93,6.079
Rajasthan,Bikaner,Mustard,Rabi,305.85,313.4,29.1,8.09,97.6,3.77,3.23
Punjab,Ludhiana,Rice,Kharif,497.64,533.3,19.9,7.16,91.9,5.24,6.883
Jharkhand,Dhanbad,Barley,Rabi,3.35,989.0,22.8,5.67,133.6,0.62,6.704
Uttar Pradesh,Kanpur,Soybean,Kharif,65.07,832.1,27.6,6.55,116.4,0.13,5.045
Uttar Pradesh,Agra,Soybean,Kharif,309.64,846.1,24.9,7.02,156.0,3.11,5.883
Tamil Nadu,Madurai,Cotton,Kharif,143.97,1535.8,33.9,6.22,169.5,0.76,6.447
Andhra Pradesh,Kurnool,Wheat,Rabi,339.99,778.1,27.2,6.24,69.6,7.16,6.443
Odisha,Puri,Chickpea,Rabi,150.98,710.5,27.5,5.38,52.9,0.62,2.641
Andhra Pradesh,Guntur,Chickpea,Rabi,89.59,973.2,28.2,6.25,209.5,0.2,3.816
Bihar,Muzaffarpur,Maize,Kharif,26.05,937.8,30.7,6.17,86.3,0.41,7.407
Jharkhand,Ranchi,Barley,Rabi,9.27,1268.1,22.2,5.87,115.0,0.3,7.138
Bihar,Patna,Rice,Kharif,68.34,1158.9,32.6,7.33,138.9,2.21,9.536
Haryana,Karnal,Rice,Kharif,4.76,680.2,35.1,7.4,121.5,0.48,7.219
West Bengal,Murshidabad,Cotton,Kharif,21.7,1715.9,25.1,6.55,126.1,0.47,5.735
Maharashtra,Pune,Wheat,Rabi,171.3,1178.9,38.1,7.26,67.0,5.12,6.905
Tamil Nadu,Thanjavur,Sugarcane,Whole Year,12.36,1173.7,26.1,6.1,182.0,0.49,13.0
Andhra Pradesh,Krishna,Barley,Rabi,105.99,975.3,31.5,5.98,190.4,6.46,7.323
Madhya Pradesh,Indore,Rice,Kharif,327.49,1091.1,33.5,8.05,114.7,1.78,9.208
Bihar,Patna,Chickpea,Rabi,498.43,1280.7,18.7,7.33,87.3,4.39,4.227
Bihar,Gaya,Mustard,Rabi,174.07,763.4,31.4,6.99,174.1,1.02,4.93
West Bengal,Burdwan,Cotton,Kharif,3.28,1585.9,32.9,7.24,108.3,3.83,6.256
Odisha,Puri,Chickpea,Rabi,302.66,1182.8,30.1,6.92,87.0,0.44,3.09
Assam,Kamrup,Chickpea,Rabi,144.5,1934.8,26.3,5.93,93.0,1.67,3.865
Tamil Nadu,Madurai,Soybean,Kharif,38.93,984.0,29.4,6.19,144.1,15.29,6.277
Maharashtra,Pune,Maize,Kharif,129.43,502.4,20.2,6.6,125.4,6.87,6.48
Rajasthan,Jodhpur,Maize,Kharif,241.2,258.3,32.3,8.67,119.6,4.9,5.92
Assam,Jorhat,Barley,Rabi,318.43,2579.2,25.7,4.43,67.8,2.8,5.925
Maharashtra,Pune,Maize,Kharif,357.26,788.6,25.2,7.14,175.7,12.98,8.886
Andhra Pradesh,Krishna,Sugarcane,Whole Year,58.15,912.4,37.9,6.59,179.7,7.99,13.0
Rajasthan,Bikaner,Groundnut,Kharif,263.64,280.1,38.1,7.82,119.4,9.02,4.151
Madhya Pradesh,Jabalpur,Sugarcane,Whole Year,312.14,929.8,32.9,5.85,152.4,1.48,13.0
Gujarat,Ahmedabad,Mustard,Rabi,1219.31,690.2,18.4,7.48,110.8,2.1,4.173
Jharkhand,Ranchi,Groundnut,Kharif,215.58,862.5,18.0,4.99,163.8,0.22,5.046
Madhya Pradesh,Bhopal,Barley,Rabi,60.89,796.1,30.5,6.64,99.3,2.61,5.175
Karnataka,Dharwad,Rice,Kharif,48.39,789.4,33.0,7.15,130.6,0.36,7.985
Rajasthan,Bikaner,Groundnut,Kharif,32.12,377.3,17.0,8.24,154.3,0.66,4.104
Andhra Pradesh,Guntur,Cotton,Kharif,352.56,1093.3,32.0,7.34,143.3,3.48,5.537
Odisha,Puri,Cotton,Kharif,880.44,1137.6,26.6,5.3,151.2,1.38,5.98
Rajasthan,Bikaner,Mustard,Rabi,549.58,192.1,48.4,8.07,87.2,5.81,2.743
Assam,Kamrup,Chickpea,Rabi,4.88,2326.2,20.1,6.31,42.0,0.43,3.743
Haryana,Karnal,Mustard,Rabi,44.48,507.5,22.7,6.85,186.0,0.25,4.517
Haryana,Hisar,Mustard,Rabi,155.79,569.7,30.7,7.61,181.3,3.25,5.021
Gujarat,Ahmedabad,Sugarcane,Whole Year,309.99,514.1,31.2,7.47,181.6,2.74,13.0
Maharashtra,Nashik,Chickpea,Rabi,385.94,828.2,34.1,5.97,184.0,10.66,3.648
Maharashtra,Nagpur,Cotton,Kharif,14.76,1115.0,26.4,6.8,194.4,7.36,6.762
Karnataka,Dharwad,Soybean,Kharif,121.13,446.1,32.4,7.16,72.6,2.1,3.699
Odisha,Cuttack,Barley,Rabi,260.97,1513.9,29.6,5.78,100.8,3.91,6.826
Jharkhand,Hazaribag,Barley,Rabi,173.32,1429.5,23.4,6.87,67.8,0.1,6.377
Rajasthan,Jaipur,Chickpea,Rabi,10.46,399.1,21.0,7.78,50.9,3.1,2.451
Tamil Nadu,Madurai,Rice,Kharif,355.13,870.5,26.1,6.75,141.8,0.89,8.534
Madhya Pradesh,Jabalpur,Mustard,Rabi,263.03,627.7,24.4,7.31,136.5,0.25,3.909
Odisha,Cuttack,Wheat,Rabi,103.08,1175.0,30.7,6.77,32.4,2.57,6.288
Odisha,Sambalpur,Groundnut,Kharif,221.26,1708.4,26.7,5.3,20.0,1.55,5.388
Andhra Pradesh,Kurnool,Rice,Kharif,50.88,1046.4,25.1,6.29,106.9,0.25,8.675
Madhya Pradesh,Jabalpur,Rice,Kharif,167.58,1014.6,33.3,6.36,147.6,3.3,9.752
Tamil Nadu,Madurai,Wheat,Rabi,40.36,1167.9,29.2,6.58,141.0,1.34,8.595
Tamil Nadu,Thanjavur,Mustard,Rabi,567.66,1015.4,30.2,6.32,150.7,0.34,4.876
Haryana,Karnal,Wheat,Rabi,136.45,499.2,21.2,6.86,217.3,0.45,8.016
Tamil Nadu,Madurai,Maize,Kharif,488.46,1213.6,34.7,6.28,106.7,1.1,8.575
Karnataka,Mysuru,Groundnut,Kharif,13.95,690.6,18.9,7.5,195.5,6.23,5.949
Maharashtra,Pune,Barley,Rabi,334.12,837.9,26.4,6.02,170.6,9.45,7.069
Jharkhand,Ranchi,Maize,Kharif,227.3,1178.5,32.0,6.94,124.1,9.4,9.243
Jharkhand,Dhanbad,Barley,Rabi,29.73,1127.2,22.9,5.37,100.0,3.93,6.563
Maharashtra,Nashik,Groundnut,Kharif,750.67,844.0,35.4,6.13,114.2,3.63,5.351
Uttar Pradesh,Agra,Soybean,Kharif,79.67,909.4,25.0,6.91,156.6,3.5,6.136
Madhya Pradesh,Jabalpur,Mustard,Rabi,52.85,790.0,17.3,7.55,152.1,1.82,4.674
Rajasthan,Bikaner,Barley,Rabi,374.32,286.2,33.0,7.93,42.2,0.23,2.92
Jharkhand,Hazaribag,Mustard,Rabi,72.04,1037.8,21.4,5.96,106.8,6.85,5.211
Gujarat,Surat,Mustard,Rabi,80.58,751.6,29.7,7.45,238.8,2.5,5.979
Uttar Pradesh,Agra,Rice,Kharif,574.97,725.2,25.3,6.45,194.0,7.17,9.713
Madhya Pradesh,Indore,Barley,Rabi,226.47,787.3,34.2,7.34,143.2,0.65,5.668
Rajasthan,Bikaner,Chickpea,Rabi,172.47,403.9,36.8,7.19,154.3,1.29,2.854
Uttar Pradesh,Agra,Cotton,Kharif,90.19,833.0,33.3,7.53,176.3,0.42,5.342
Haryana,Hisar,Mustard,Rabi,53.07,486.3,23.0,7.76,170.7,4.16,5.152
Haryana,Karnal,Groundnut,Kharif,92.13,559.1,26.1,7.42,133.0,2.57,4.674
Assam,Kamrup,Chickpea,Rabi,120.03,1965.1,25.5,5.24,20.0,7.12,3.019
Tamil Nadu,Thanjavur,Soybean,Kharif,209.25,1477.0,31.5,6.26,109.4,1.04,6.191
Haryana,Karnal,Cotton,Kharif,60.11,633.7,28.0,7.74,167.2,0.1,4.937
Gujarat,Surat,Soybean,Kharif,25.65,427.1,25.4,7.51,156.0,9.25,4.584
Punjab,Ludhiana,Wheat,Rabi,23.44,509.0,15.6,7.78,232.3,0.13,8.366
Haryana,Karnal,Mustard,Rabi,337.56,491.4,28.3,7.85,196.8,3.9,5.242
Odisha,Puri,Sugarcane,Whole Year,280.95,1411.0,28.9,6.19,109.6,1.0,13.0
Bihar,Muzaffarpur,Rice,Kharif,391.46,1053.2,28.3,5.94,142.5,0.45,9.603
Assam,Nagaon,Cotton,Kharif,108.05,1926.3,23.0,4.54,104.1,1.66,4.623
Haryana,Rohtak,Wheat,Rabi,1016.12,522.7,30.3,7.01,227.8,6.51,8.508
Rajasthan,Bikaner,Mustard,Rabi,157.33,260.9,32.2,8.04,78.6,0.28,2.441
Tamil Nadu,Thanjavur,Mustard,Rabi,546.05,1094.1,34.7,6.53,148.8,1.17,5.243
Jharkhand,Dhanbad,Rice,Kharif,118.55,1627.3,20.7,5.24,119.6,6.2,10.568
Punjab,Patiala,Mustard,Rabi,94.76,778.5,18.7,7.24,179.9,1.12,5.298
Madhya Pradesh,Indore,Sugarcane,Whole Year,23.01,989.2,27.2,7.1,96.9,13.92,13.0
Maharashtra,Nagpur,Maize,Kharif,119.67,886.9,37.2,7.49,193.2,6.12,9.353
Jharkhand,Hazaribag,Rice,Kharif,88.0,1159.5,24.4,6.42,54.5,0.56,8.761
Odisha,Cuttack,Wheat,Rabi,71.31,1433.5,26.5,5.57,151.4,4.17,9.881
Jharkhand,Dhanbad,Wheat,Rabi,106.58,759.7,15.5,6.0,25.0,0.78,5.251
Maharashtra,Nagpur,Wheat,Rabi,55.1,970.4,30.7,6.51,102.5,0.56,7.029
Rajasthan,Jodhpur,Wheat,Rabi,334.61,406.6,27.0,7.08,74.7,1.47,5.577
Odisha,Puri,Groundnut,Kharif,431.66,1139.6,30.3,6.99,164.1,0.76,7.235
Bihar,Patna,Soybean,Kharif,607.57,852.5,19.6,6.43,177.7,4.69,6.31
Gujarat,Rajkot,Soybean,Kharif,110.25,711.6,30.5,7.37,161.9,2.06,5.205
West Bengal,Nadia,Maize,Kharif,74.85,1576.5,31.3,5.84,78.8,4.52,9.144
Rajasthan,Jodhpur,Cotton,Kharif,157.31,395.1,18.4,8.32,82.1,0.23,2.64
Maharashtra,Nashik,Groundnut,Kharif,49.47,1451.8,26.6,7.85,120.3,0.42,6.445
Gujarat,Rajkot,Cotton,Kharif,100.76,1008.2,29.4,6.91,199.1,1.25,6.173
Maharashtra,Nashik,Wheat,Rabi,111.99,1306.6,35.0,6.87,209.4,0.19,9.657
Tamil Nadu,Coimbatore,Chickpea,Rabi,33.25,1029.5,30.5,7.11,180.5,4.6,4.489
Haryana,Hisar,Cotton,Kharif,455.38,371.9,28.3,7.17,192.5,0.44,4.957
Odisha,Sambalpur,Soybean,Kharif,175.38,1229.1,30.0,5.19,126.0,0.31,5.915
Madhya Pradesh,Jabalpur,Soybean,Kharif,25.36,1025.9,24.7,7.31,148.7,0.53,5.985
Rajasthan,Jodhpur,Soybean,Kharif,219.88,166.6,37.8,7.89,115.6,4.45,3.045
Karnataka,Mysuru,Mustard,Rabi,166.21,772.7,28.5,6.86,67.0,3.21,3.713
Assam,Jorhat,Barley,Rabi,287.28,1814.2,27.4,5.71,51.8,3.85,6.4
Jharkhand,Hazaribag,Barley,Rabi,260.4,1091.1,19.6,5.39,86.6,5.87,6.564
Maharashtra,Pune,Mustard,Rabi,85.24,852.2,32.2,5.95,51.5,4.68,3.578
Assam,Jorhat,Mustard,Rabi,718.43,2775.2,27.4,5.08,89.1,2.55,4.922
Rajasthan,Bikaner,Wheat,Rabi,122.06,409.3,34.9,8.2,120.1,1.66,5.614
Maharashtra,Nashik,Sugarcane,Whole Year,8.15,1235.5,28.9,6.54,69.9,2.09,13.0
Odisha,Cuttack,Groundnut,Kharif,103.58,1755.7,27.8,6.25,134.7,1.17,7.746
Gujarat,Surat,Cotton,Kharif,66.23,585.3,39.7,7.95,145.5,1.34,4.233
West Bengal,Nadia,Sugarcane,Whole Year,49.77,1542.4,27.3,5.94,106.6,4.88,13.0
Haryana,Karnal,Rice,Kharif,7.17,566.0,27.9,7.23,220.9,4.8,9.052
Tamil Nadu,Madurai,Soybean,Kharif,28.15,1132.3,30.8,6.9,117.3,8.38,5.96
Rajasthan,Bikaner,Maize,Kharif,238.01,245.6,32.7,7.18,76.1,10.1,5.272
Tamil Nadu,Madurai,Wheat,Rabi,607.71,1075.2,28.8,6.73,170.1,1.34,9.005
Karnataka,Dharwad,Sugarcane,Whole Year,25.74,461.0,27.6,7.37,188.9,13.2,13.0
Tamil Nadu,Thanjavur,Sugarcane,Whole Year,198.04,784.8,29.5,6.05,176.3,9.0,13.0
Uttar Pradesh,Agra,Sugarcane,Whole Year,66.47,947.4,30.9,6.92,131.9,1.27,13.0
Uttar Pradesh,Kanpur,Barley,Rabi,156.43,776.0,28.7,7.33,102.1,3.15,5.756
Tamil Nadu,Madurai,Barley,Rabi,36.79,1375.9,28.9,6.38,83.2,1.53,6.1
Uttar Pradesh,Varanasi,Sugarcane,Whole Year,218.57,829.4,27.8,6.45,236.4,1.85,13.0
Madhya Pradesh,Bhopal,Chickpea,Rabi,144.51,906.2,36.6,6.49,165.7,6.8,3.069
Gujarat,Surat,Cotton,Kharif,238.91,613.4,30.9,7.26,119.4,2.79,4.457
Rajasthan,Bikaner,Cotton,Kharif,102.73,318.6,32.9,7.53,127.6,2.45,3.874
Tamil Nadu,Thanjavur,Rice,Kharif,302.87,1249.3,28.8,6.14,96.4,0.64,9.636
Bihar,Gaya,Rice,Kharif,247.35,810.7,26.7,6.75,169.0,14.41,9.082
West Bengal,Burdwan,Soybean,Kharif,186.23,1795.6,27.6,5.54,125.4,5.36,7.328
Punjab,Ludhiana,Groundnut,Kharif,307.6,745.3,24.6,7.56,200.8,2.34,6.44
West Bengal,Burdwan,Groundnut,Kharif,65.43,1579.5,21.4,6.56,143.9,0.3,6.652
Uttar Pradesh,Agra,Barley,Rabi,249.57,766.3,24.9,6.96,209.1,1.75,7.045
Gujarat,Ahmedabad,Wheat,Rabi,2.86,515.6,29.2,7.52,136.4,4.13,6.401
Punjab,Patiala,Soybean,Kharif,70.03,660.3,21.5,6.99,188.1,0.33,5.001
Odisha,Sambalpur,Groundnut,Kharif,85.22,1435.0,27.4,5.32,160.2,2.32,7.007
Tamil Nadu,Thanjavur,Maize,Kharif,277.74,930.0,33.3,6.05,177.5,0.94,8.961
Madhya Pradesh,Bhopal,Mustard,Rabi,411.96,846.1,33.8,7.55,107.0,9.1,3.983
Haryana,Hisar,Chickpea,Rabi,26.57,496.6,21.0,8.06,208.2,3.2,3.895
Odisha,Sambalpur,Cotton,Kharif,77.43,1987.2,28.8,6.3,178.3,1.12,6.784
Bihar,Muzaffarpur,Mustard,Rabi,135.07,1026.2,24.4,6.12,86.8,1.35,4.37
Karnataka,Raichur,Chickpea,Rabi,204.9,715.3,27.5,7.46,118.9,0.1,3.323
Uttar Pradesh,Agra,Chickpea,Rabi,47.39,781.4,27.1,7.75,187.3,6.45,3.517
Assam,Jorhat,Mustard,Rabi,58.6,2127.0,19.9,5.55,60.2,5.0,5.381
Maharashtra,Nagpur,Barley,Rabi,72.28,771.6,30.1,6.08,50.0,4.41,4.38
Gujarat,Ahmedabad,Groundnut,Kharif,89.16,574.5,29.5,7.34,104.9,0.22,4.801
Gujarat,Ahmedabad,Rice,Kharif,117.46,589.1,32.5,7.39,142.1,0.52,7.59
Karnataka,Dharwad,Groundnut,Kharif,188.16,917.8,29.7,6.12,150.2,1.12,6.304
Uttar Pradesh,Kanpur,Groundnut,Kharif,250.67,1118.7,26.9,7.09,102.4,2.06,5.935
Tamil Nadu,Thanjavur,Rice,Kharif,77.96,961.1,30.1,5.83,145.5,0.5,8.677
Punjab,Ludhiana,Mustard,Rabi,197.99,703.3,15.5,7.44,188.0,2.02,5.257
Punjab,Ludhiana,Cotton,Kharif,7.0,568.9,31.6,6.2,173.1,2.0,4.831
Jharkhand,Hazaribag,Sugarcane,Whole Year,22.03,1280.7,23.1,5.5,114.0,0.55,13.0
Gujarat,Rajkot,Soybean,Kharif,271.19,817.0,23.8,7.23,94.8,3.4,5.414
Maharashtra,Pune,Chickpea,Rabi,141.45,1233.8,27.9,6.78,148.2,2.97,4.163
Odisha,Cuttack,Maize,Kharif,362.04,1077.0,33.3,6.57,156.6,0.48,9.425
Jharkhand,Ranchi,Chickpea,Rabi,350.19,1175.0,31.2,5.73,87.7,4.23,3.396
Haryana,Hisar,Rice,Kharif,74.69,524.8,25.0,7.64,156.6,12.59,7.786
Punjab,Amritsar,Maize,Kharif,73.33,713.5,25.7,7.53,241.8,0.21,10.066
Punjab,Patiala,Soybean,Kharif,16.02,511.1,14.1,6.31,239.8,0.98,5.098
Andhra Pradesh,Krishna,Mustard,Rabi,81.26,889.4,32.1,7.56,122.0,1.03,4.29
Rajasthan,Jaipur,Cotton,Kharif,149.75,356.4,41.4,8.45,155.9,4.9,3.996
Assam,Kamrup,Cotton,Kharif,79.12,2602.4,27.2,6.36,98.7,1.51,5.341
Maharashtra,Nashik,Maize,Kharif,270.71,1132.4,35.9,7.72,89.8,1.52,7.942
Andhra Pradesh,Krishna,Sugarcane,Whole Year,143.83,1099.3,26.8,6.25,152.5,1.47,13.0
Maharashtra,Nashik,Mustard,Rabi,359.71,670.8,33.5,7.29,112.5,3.58,4.298
Punjab,Ludhiana,Wheat,Rabi,38.69,627.1,20.7,7.41,167.3,0.94,8.041
Punjab,Patiala,Groundnut,Kharif,280.26,618.9,19.6,6.94,218.1,2.99,5.929
Haryana,Rohtak,Wheat,Rabi,59.94,604.9,23.9,7.34,232.6,7.38,9.243
Bihar,Gaya,Cotton,Kharif,147.16,822.2,22.1,7.09,99.0,5.97,4.451
Bihar,Muzaffarpur,Barley,Rabi,27.93,1018.0,22.4,6.59,143.8,3.61,6.785
Gujarat,Surat,Rice,Kharif,11.25,819.7,25.4,7.02,139.6,2.5,8.294
Uttar Pradesh,Agra,Barley,Rabi,320.45,1013.6,33.2,6.45,195.7,0.4,7.103
Bihar,Gaya,Chickpea,Rabi,287.21,1065.7,17.9,6.5,135.3,4.68,4.285
Punjab,Amritsar,Cotton,Kharif,59.45,656.9,21.8,7.76,233.6,4.45,5.55
Haryana,Karnal,Rice,Kharif,9.46,504.5,23.2,7.48,216.1,0.68,8.317
Gujarat,Surat,Barley,Rabi,17.54,660.1,25.3,6.86,180.2,5.14,6.588
Punjab,Amritsar,Maize,Kharif,45.57,603.8,26.3,6.93,183.6,1.78,8.377
Uttar Pradesh,Kanpur,Cotton,Kharif,308.83,930.3,27.7,7.63,199.5,0.98,5.784
Maharashtra,Nagpur,Sugarcane,Whole Year,138.64,613.1,36.5,6.44,138.5,1.25,12.565
Uttar Pradesh,Kanpur,Sugarcane,Whole Year,435.36,808.4,33.7,7.21,219.0,1.85,13.0
Maharashtra,Nashik,Rice,Kharif,206.41,1262.3,28.5,6.84,115.2,1.48,9.691
Tamil Nadu,Thanjavur,Groundnut,Kharif,121.54,1338.4,28.5,6.53,143.2,2.55,6.931
Gujarat,Rajkot,Wheat,Rabi,806.34,666.2,27.2,7.54,103.8,1.52,6.637
Maharashtra,Nashik,Soybean,Kharif,241.56,1367.4,37.4,6.47,132.3,0.2,6.458
Punjab,Ludhiana,Sugarcane,Whole Year,406.45,667.5,21.0,6.92,263.2,3.38,13.0
Punjab,Amritsar,Chickpea,Rabi,152.31,645.4,22.1,7.35,194.7,3.49,3.721
Madhya Pradesh,Bhopal,Groundnut,Kharif,40.09,919.9,27.6,7.28,109.5,2.21,5.485
Gujarat,Rajkot,Rice,Kharif,199.46,637.9,28.6,7.15,188.5,4.39,8.57
Karnataka,Mysuru,Soybean,Kharif,299.96,767.3,30.3,6.22,172.2,7.8,6.167
Tamil Nadu,Thanjavur,Barley,Rabi,1103.97,1036.3,29.0,6.59,97.8,5.64,6.432
Jharkhand,Ranchi,Sugarcane,Whole Year,82.65,1403.3,26.6,5.95,90.6,0.61,13.0
Odisha,Cuttack,Barley,Rabi,28.78,1418.5,25.5,6.15,138.3,0.43,7.18
Madhya Pradesh,Indore,Cotton,Kharif,83.55,911.8,35.3,7.45,145.4,0.86,4.794
Odisha,Sambalpur,Mustard,Rabi,171.51,1248.1,32.1,6.08,68.8,3.63,4.523
Uttar Pradesh,Agra,Rice,Kharif,612.87,809.0,15.9,7.53,172.7,5.97,9.161
Bihar,Patna,Rice,Kharif,208.97,1336.7,27.1,6.21,128.0,0.66,10.58
Gujarat,Rajkot,Barley,Rabi,175.86,804.5,35.3,7.57,161.6,9.54,6.037
West Bengal,Nadia,Groundnut,Kharif,60.4,1565.8,32.4,6.81,159.2,1.23,7.194
Jharkhand,Dhanbad,Barley,Rabi,647.97,1236.2,27.2,5.72,109.3,0.36,6.602
West Bengal,Burdwan,Mustard,Rabi,9.11,1727.4,30.5,5.42,76.0,1.19,4.444
Tamil Nadu,Coimbatore,Chickpea,Rabi,337.07,1024.3,30.0,6.01,155.9,10.5,4.165
Odisha,Puri,Cotton,Kharif,375.18,1344.7,33.8,5.34,20.0,6.24,4.195
Tamil Nadu,Coimbatore,Mustard,Rabi,163.04,854.3,31.9,7.7,163.3,0.65,4.789
Odisha,Sambalpur,Wheat,Rabi,118.59,1457.0,21.2,4.77,135.9,11.79,8.885
Gujarat,Rajkot,Mustard,Rabi,247.09,588.0,25.3,7.56,147.7,5.23,4.782
Punjab,Ludhiana,Chickpea,Rabi,40.56,524.0,34.9,7.42,238.5,6.02,3.287
Tamil Nadu,Coimbatore,Sugarcane,Whole Year,26.38,990.2,25.3,6.56,163.4,4.64,13.0
Andhra Pradesh,Krishna,Cotton,Kharif,23.32,401.9,28.3,5.89,150.1,1.69,4.134
Madhya Pradesh,Bhopal,Cotton,Kharif,67.0,916.5,23.1,6.67,176.7,2.72,5.259
Maharashtra,Nagpur,Rice,Kharif,793.69,1279.4,34.8,5.77,219.4,4.72,11.935
Odisha,Puri,Rice,Kharif,584.45,1244.7,38.4,5.86,151.4,0.18,10.677
Odisha,Sambalpur,Groundnut,Kharif,71.67,1201.0,30.7,5.83,119.4,1.0,5.666
Odisha,Cuttack,Groundnut,Kharif,209.7,1193.7,30.2,5.17,96.7,1.15,5.18
Punjab,Amritsar,Rice,Kharif,76.78,853.5,28.7,7.02,180.3,3.15,9.504
Karnataka,Raichur,Wheat,Rabi,59.37,831.9,24.1,6.58,136.9,1.07,7.937
Bihar,Muzaffarpur,Sugarcane,Whole Year,26.32,867.7,18.6,6.8,103.7,1.79,13.0
Punjab,Amritsar,Rice,Kharif,3.09,560.5,36.5,7.53,175.8,1.83,8.077
Madhya Pradesh,Jabalpur,Chickpea,Rabi,484.59,756.6,29.8,7.57,41.8,2.83,2.502
Bihar,Muzaffarpur,Maize,Kharif,219.22,846.4,17.8,6.12,103.3,4.57,7.281
Gujarat,Surat,Maize,Kharif,67.7,625.2,26.8,7.68,155.5,1.39,7.806
Uttar Pradesh,Agra,Soybean,Kharif,25.68,714.0,23.2,7.27,151.7,12.88,5.35
Andhra Pradesh,Krishna,Rice,Kharif,120.57,854.5,33.5,7.2,192.3,6.32,10.059
Assam,Kamrup,Groundnut,Kharif,250.08,2758.9,32.1,5.82,99.8,7.08,6.394
Odisha,Cuttack,Groundnut,Kharif,222.98,1295.0,26.9,5.35,146.3,4.24,6.804
Rajasthan,Bikaner,Chickpea,Rabi,166.76,347.8,22.6,8.01,83.4,1.58,2.373
Jharkhand,Ranchi,Wheat,Rabi,541.85,1608.6,28.5,5.24,69.3,4.5,8.622
Maharashtra,Nagpur,Mustard,Rabi,89.08,1194.2,45.1,7.11,125.6,2.2,4.654
Gujarat,Ahmedabad,Wheat,Rabi,19.83,672.5,30.2,7.08,86.1,0.47,6.389
Tamil Nadu,Madurai,Groundnut,Kharif,348.04,954.4,34.0,7.15,127.1,1.12,5.576
Andhra Pradesh,Guntur,Groundnut,Kharif,620.32,990.6,27.9,5.63,70.4,8.82,5.22
Gujarat,Ahmedabad,Groundnut,Kharif,59.39,594.4,39.9,7.58,170.8,2.45,5.312
Punjab,Amritsar,Cotton,Kharif,687.56,508.7,29.3,7.49,221.5,7.72,5.889
Gujarat,Rajkot,Maize,Kharif,142.0,991.3,30.5,7.51,139.4,3.66,9.052
Bihar,Gaya,Wheat,Rabi,117.27,1018.2,21.4,7.38,138.1,8.79,9.015
Odisha,Cuttack,Rice,Kharif,4.77,884.3,30.2,7.26,51.5,4.83,7.453
Jharkhand,Ranchi,Chickpea,Rabi,265.79,1124.4,23.3,5.96,112.1,5.59,4.253
Bihar,Gaya,Maize,Kharif,34.13,990.8,24.8,5.99,154.4,4.47,8.7
Andhra Pradesh,Guntur,Sugarcane,Whole Year,24.38,1182.4,30.3,7.47,223.1,0.47,13.0
Rajasthan,Bikaner,Cotton,Kharif,1507.73,372.1,27.2,7.63,56.3,1.19,3.643
Karnataka,Raichur,Rice,Kharif,104.08,970.3,25.9,6.93,91.5,0.15,8.027
Karnataka,Mysuru,Wheat,Rabi,11.39,737.2,30.2,6.4,107.4,9.52,6.876
Bihar,Gaya,Chickpea,Rabi,280.3,1302.9,25.8,7.83,155.8,3.41,4.875
Rajasthan,Bikaner,Maize,Kharif,2.02,376.2,46.4,7.63,93.6,10.52,4.845
Andhra Pradesh,Guntur,Chickpea,Rabi,98.43,873.1,29.4,6.1,174.9,2.05,3.63
Madhya Pradesh,Indore,Sugarcane,Whole Year,819.52,1046.4,28.6,7.12,66.4,2.87,13.0
Tamil Nadu,Madurai,Chickpea,Rabi,320.97,982.6,30.4,6.76,171.2,2.49,4.092
Haryana,Rohtak,Chickpea,Rabi,197.4,491.7,32.5,7.51,206.7,3.95,3.418
West Bengal,Burdwan,Wheat,Rabi,521.26,1808.5,26.4,6.74,144.3,0.1,9.457
Assam,Jorhat,Chickpea,Rabi,326.92,2126.0,21.1,5.85,63.9,2.87,4.222
Uttar Pradesh,Varanasi,Mustard,Rabi,69.8,978.8,31.0,6.91,70.2,1.05,4.043
Punjab,Ludhiana,Mustard,Rabi,33.65,587.8,24.5,6.69,254.7,2.87,5.924
West Bengal,Burdwan,Chickpea,Rabi,202.57,1631.5,34.5,5.45,133.7,12.88,4.289
Uttar Pradesh,Agra,Barley,Rabi,105.63,820.9,27.5,6.69,131.4,0.74,5.919
Andhra Pradesh,Krishna,Barley,Rabi,63.58,768.7,23.9,6.82,168.6,0.44,6.56
Punjab,Ludhiana,Groundnut,Kharif,47.72,606.0,26.3,7.23,96.4,1.05,5.042
Karnataka,Mysuru,Mustard,Rabi,217.41,774.7,27.6,6.88,207.6,3.12,5.502
Rajasthan,Jodhpur,Mustard,Rabi,291.49,315.3,38.3,8.12,87.8,4.76,2.691
Madhya Pradesh,Jabalpur,Cotton,Kharif,474.74,949.3,40.4,6.2,170.5,3.1,5.373
Assam,Nagaon,Maize,Kharif,62.3,1905.1,29.9,5.59,116.3,7.93,9.724
Jharkhand,Dhanbad,Barley,Rabi,112.04,930.2,25.5,4.58,55.8,3.08,4.509
Odisha,Cuttack,Sugarcane,Whole Year,116.63,1365.8,31.4,4.96,153.8,7.84,13.0
Rajasthan,Bikaner,Cotton,Kharif,207.9,333.9,34.6,7.46,126.1,7.23,4.422
Tamil Nadu,Thanjavur,Groundnut,Kharif,213.1,1307.5,33.9,7.79,174.6,1.3,6.754
West Bengal,Nadia,Wheat,Rabi,320.84,1149.3,24.9,5.58,162.6,5.69,8.788
Maharashtra,Nagpur,Sugarcane,Whole Year,96.41,872.4,36.2,6.0,171.5,5.61,13.0
Bihar,Muzaffarpur,Soybean,Kharif,246.82,1175.3,28.4,6.7,117.5,6.08,6.429
Uttar Pradesh,Kanpur,Chickpea,Rabi,439.38,1012.3,31.6,7.11,223.0,0.1,4.273
Tamil Nadu,Thanjavur,Wheat,Rabi,165.64,1014.0,34.1,6.01,137.9,10.07,8.018
Gujarat,Ahmedabad,Chickpea,Rabi,113.79,554.5,31.8,7.44,126.8,2.56,2.857
Madhya Pradesh,Jabalpur,Chickpea,Rabi,13.33,784.1,27.7,7.71,185.5,12.58,4.313
Bihar,Patna,Cotton,Kharif,23.95,1344.8,25.3,7.19,143.5,0.63,5.988
Uttar Pradesh,Varanasi,Groundnut,Kharif,139.89,800.6,36.0,6.86,60.9,1.33,4.495
Gujarat,Surat,Rice,Kharif,349.61,728.8,29.8,7.76,116.8,1.33,7.495
Jharkhand,Hazaribag,Wheat,Rabi,310.61,1571.6,32.8,6.14,30.0,5.97,7.11
Assam,Nagaon,Wheat,Rabi,28.06,2290.5,25.6,6.47,102.9,2.3,8.941
Maharashtra,Nagpur,Rice,Kharif,655.07,1150.6,34.1,6.27,131.9,1.2,9.665
Karnataka,Raichur,Groundnut,Kharif,34.73,1037.0,32.4,5.94,122.2,2.09,5.354
Tamil Nadu,Thanjavur,Mustard,Rabi,184.48,1007.1,33.4,7.27,119.7,0.4,4.946
Gujarat,Rajkot,Groundnut,Kharif,479.39,687.8,25.9,7.38,74.3,1.75,4.703
Haryana,Karnal,Rice,Kharif,83.17,530.3,27.0,7.48,157.5,6.78,7.666
Assam,Jorhat,Groundnut,Kharif,46.11,2100.7,29.5,5.14,78.5,10.04,5.789
Andhra Pradesh,Guntur,Mustard,Rabi,129.65,909.5,34.9,6.67,226.0,6.3,6.076
Jharkhand,Dhanbad,Sugarcane,Whole Year,131.4,1526.2,27.7,6.65,126.7,3.47,13.0
Uttar Pradesh,Agra,Maize,Kharif,467.3,650.0,20.9,6.75,214.6,0.25,8.688
Bihar,Muzaffarpur,Groundnut,Kharif,334.45,1324.2,22.4,6.84,123.0,6.65,6.74
Karnataka,Mysuru,Cotton,Kharif,203.3,853.8,25.1,7.37,171.3,1.35,5.211
Uttar Pradesh,Agra,Groundnut,Kharif,168.48,720.9,22.3,6.96,221.8,1.28,6.053
Gujarat,Surat,Wheat,Rabi,29.35,637.5,29.6,7.91,165.3,0.91,7.274
Rajasthan,Bikaner,Cotton,Kharif,205.03,513.7,37.0,7.76,37.2,1.65,2.66
Punjab,Amritsar,Maize,Kharif,27.04,667.6,22.4,6.65,238.7,6.47,10.131
Madhya Pradesh,Bhopal,Cotton,Kharif,106.66,706.6,24.2,6.97,27.8,4.83,3.859
Gujarat,Surat,Cotton,Kharif,86.99,730.4,24.9,8.02,152.8,1.38,4.863
Tamil Nadu,Thanjavur,Barley,Rabi,17.41,1034.7,27.6,6.11,160.2,3.85,7.099
Uttar Pradesh,Kanpur,Sugarcane,Whole Year,92.0,767.9,30.0,6.46,232.7,4.1,13.0
Jharkhand,Hazaribag,Soybean,Kharif,57.67,967.9,23.3,5.4,80.1,0.74,5.123
Madhya Pradesh,Indore,Soybean,Kharif,391.45,862.2,30.1,6.47,166.1,4.22,5.828
Karnataka,Dharwad,Cotton,Kharif,202.19,843.0,24.6,7.09,174.8,8.71,5.485
Odisha,Sambalpur,Soybean,Kharif,32.65,1597.8,31.6,6.98,68.6,9.44,6.975
Punjab,Ludhiana,Wheat,Rabi,149.84,553.5,28.3,7.19,198.8,2.36,8.268
Haryana,Hisar,Wheat,Rabi,301.48,563.8,22.7,8.21,193.8,0.49,7.875
Haryana,Rohtak,Rice,Kharif,2.7,537.9,24.2,7.72,209.5,0.21,8.121
Jharkhand,Ranchi,Wheat,Rabi,123.26,1165.1,27.1,5.45,51.6,1.24,6.756
Andhra Pradesh,Kurnool,Mustard,Rabi,120.41,845.4,36.5,6.54,142.0,1.35,4.407
Tamil Nadu,Madurai,Rice,Kharif,60.67,1131.9,29.2,6.56,172.4,0.24,10.251
Odisha,Sambalpur,Soybean,Kharif,34.5,1563.5,30.3,5.6,86.5,1.39,6.732
Madhya Pradesh,Indore,Sugarcane,Whole Year,423.16,1037.1,28.9,6.95,76.0,1.85,13.0
Punjab,Amritsar,Barley,Rabi,485.16,617.1,25.7,6.92,252.1,5.05,8.53
Assam,Nagaon,Sugarcane,Whole Year,582.93,2314.7,29.8,5.11,101.0,0.5,13.0
Gujarat,Rajkot,Maize,Kharif,117.05,792.4,25.1,7.58,203.3,0.38,9.366
Jharkhand,Dhanbad,Soybean,Kharif,262.56,1265.3,33.2,4.59,103.0,1.19,5.553
Haryana,Rohtak,Chickpea,Rabi,392.86,541.1,23.1,7.43,121.1,0.97,2.995
Tamil Nadu,Madurai,Maize,Kharif,101.42,944.8,33.4,6.2,233.2,1.37,10.131
Gujarat,Rajkot,Maize,Kharif,58.81,422.1,27.5,7.19,181.9,5.81,8.309
Uttar Pradesh,Kanpur,Chickpea,Rabi,202.09,821.4,16.9,7.45,119.2,7.28,3.686
Jharkhand,Hazaribag,Chickpea,Rabi,121.88,824.6,33.3,5.5,82.9,2.49,2.439
Assam,Nagaon,Barley,Rabi,450.92,2798.9,28.1,5.36,67.6,12.52,6.441
Punjab,Amritsar,Chickpea,Rabi,128.28,675.2,12.9,7.42,238.9,3.8,4.244
Jharkhand,Dhanbad,Rice,Kharif,397.22,839.3,28.3,5.88,88.9,0.62,8.013
Punjab,Amritsar,Rice,Kharif,160.74,648.8,21.6,7.46,182.6,1.04,8.814
Assam,Jorhat,Wheat,Rabi,9.96,1600.2,22.4,5.43,95.0,2.08,8.777
Maharashtra,Pune,Cotton,Kharif,112.98,974.2,31.0,6.52,114.4,0.39,4.924
Karnataka,Dharwad,Wheat,Rabi,592.94,873.3,21.1,5.82,148.2,6.47,8.421
Gujarat,Ahmedabad,Wheat,Rabi,452.27,706.3,34.5,8.01,98.4,11.86,6.789
Gujarat,Ahmedabad,Groundnut,Kharif,6.34,464.7,26.4,7.69,122.9,11.93,4.197
Madhya Pradesh,Bhopal,Cotton,Kharif,77.35,941.2,22.4,7.03,104.8,3.28,4.747
Karnataka,Mysuru,Maize,Kharif,171.68,1000.1,31.9,6.53,127.2,2.82,8.471
Assam,Nagaon,Mustard,Rabi,62.33,1794.6,37.3,4.2,41.2,4.29,3.089
Uttar Pradesh,Varanasi,Soybean,Kharif,285.81,849.3,22.4,6.37,167.6,14.68,6.016
Punjab,Patiala,Cotton,Kharif,93.43,682.6,22.7,7.68,308.1,0.73,6.236
Andhra Pradesh,Krishna,Rice,Kharif,16.39,787.2,31.0,6.13,154.9,2.62,9.062
Gujarat,Ahmedabad,Maize,Kharif,368.2,458.3,36.7,7.3,224.3,1.16,8.79
Odisha,Puri,Wheat,Rabi,12.72,1759.5,25.2,4.94,120.2,0.62,8.676
Punjab,Amritsar,Barley,Rabi,126.61,679.9,17.9,7.35,306.3,2.52,8.853
Uttar Pradesh,Agra,Sugarcane,Whole Year,232.89,557.9,20.6,6.04,167.2,6.98,13.0
Maharashtra,Nagpur,Groundnut,Kharif,107.49,878.1,25.5,7.59,45.5,0.37,4.29
Uttar Pradesh,Agra,Sugarcane,Whole Year,113.01,900.7,29.9,6.7,135.8,5.95,13.0
Uttar Pradesh,Kanpur,Barley,Rabi,280.17,1033.4,24.4,7.75,181.1,0.64,7.372
West Bengal,Nadia,Soybean,Kharif,1363.35,1137.1,26.2,6.79,149.6,3.28,6.507
Uttar Pradesh,Varanasi,Wheat,Rabi,91.87,777.6,30.3,6.89,97.0,6.34,6.51
Madhya Pradesh,Bhopal,Maize,Kharif,4.05,727.5,34.1,6.27,74.8,3.06,6.578
Rajasthan,Jodhpur,Sugarcane,Whole Year,84.0,394.7,28.9,8.33,88.6,2.4,10.328
Tamil Nadu,Thanjavur,Wheat,Rabi,23.16,1151.1,29.7,7.13,170.4,1.77,9.063
Haryana,Karnal,Groundnut,Kharif,156.56,370.8,27.2,6.96,191.2,10.24,5.257
Bihar,Gaya,Chickpea,Rabi,136.18,1078.6,32.0,6.52,104.5,11.41,3.517
Jharkhand,Dhanbad,Cotton,Kharif,11.61,1513.8,30.7,5.39,103.3,2.88,5.173
Rajasthan,Jaipur,Rice,Kharif,111.55,418.4,36.2,8.17,78.3,1.11,5.826
Assam,Kamrup,Wheat,Rabi,103.72,2066.6,23.6,6.3,52.9,0.22,7.712
Odisha,Puri,Cotton,Kharif,22.25,1003.4,28.0,6.09,131.2,2.98,5.495
Punjab,Ludhiana,Soybean,Kharif,53.07,620.2,25.4,7.98,250.3,0.1,5.802
West Bengal,Burdwan,Chickpea,Rabi,64.26,1349.3,21.8,6.8,123.3,4.62,4.928
Odisha,Sambalpur,Cotton,Kharif,199.09,1541.9,28.9,6.46,83.3,4.46,6.274
Gujarat,Rajkot,Barley,Rabi,147.57,938.9,31.0,7.94,127.2,0.27,5.913
Andhra Pradesh,Guntur,Rice,Kharif,173.61,853.0,26.0,6.86,134.2,3.88,9.06
Jharkhand,Ranchi,Mustard,Rabi,118.99,1067.1,21.9,4.94,81.5,1.35,4.586
West Bengal,Murshidabad,Barley,Rabi,210.31,1502.8,28.6,7.37,134.8,8.1,7.855
Madhya Pradesh,Indore,Cotton,Kharif,195.27,638.3,33.8,6.84,107.8,0.2,4.033
Gujarat,Rajkot,Rice,Kharif,233.68,626.1,25.4,7.1,92.9,1.35,7.134
Haryana,Hisar,Groundnut,Kharif,221.36,580.0,27.6,7.73,221.8,2.27,6.068
Rajasthan,Jodhpur,Soybean,Kharif,64.99,360.9,14.3,7.8,143.2,7.17,4.105
Jharkhand,Hazaribag,Groundnut,Kharif,68.95,1201.7,28.7,5.82,123.9,1.09,6.521
Uttar Pradesh,Varanasi,Chickpea,Rabi,73.13,1165.1,21.0,7.55,144.6,3.15,4.455
Jharkhand,Ranchi,Wheat,Rabi,248.45,1440.4,26.3,5.63,115.5,0.37,8.652
Rajasthan,Bikaner,Cotton,Kharif,287.12,301.0,30.4,7.56,137.7,0.12,3.885
Odisha,Puri,Chickpea,Rabi,847.05,1181.5,28.6,5.92,137.0,2.83,4.198
Rajasthan,Bikaner,Mustard,Rabi,156.35,374.5,34.9,7.74,55.0,0.1,2.317
Maharashtra,Nagpur,Rice,Kharif,16.39,1141.2,31.1,7.11,88.2,3.24,9.229
Rajasthan,Jaipur,Maize,Kharif,270.68,277.4,21.8,7.98,131.4,0.6,5.777
Gujarat,Ahmedabad,Cotton,Kharif,650.81,686.5,34.0,8.05,178.8,3.23,5.109
Rajasthan,Bikaner,Chickpea,Rabi,196.01,353.6,36.7,8.44,66.4,0.38,1.042
Jharkhand,Dhanbad,Chickpea,Rabi,52.22,1429.3,26.5,6.07,93.1,4.85,4.516
Tamil Nadu,Thanjavur,Sugarcane,Whole Year,203.47,1190.4,25.8,6.94,116.8,1.79,13.0
Odisha,Cuttack,Mustard,Rabi,112.03,1364.0,27.5,5.11,119.0,3.7,5.182
Jharkhand,Ranchi,Groundnut,Kharif,59.4,1025.9,30.6,6.07,52.6,2.54,4.881
Karnataka,Dharwad,Rice,Kharif,155.74,778.7,27.8,6.93,139.8,4.4,9.09
Karnataka,Mysuru,Maize,Kharif,19.98,899.1,29.8,5.74,121.3,0.81,7.438
Assam,Nagaon,Soybean,Kharif,53.99,1811.4,28.5,4.2,66.0,4.58,6.189
Tamil Nadu,Thanjavur,Maize,Kharif,2.75,889.9,26.9,6.49,196.2,5.47,9.507
Rajasthan,Bikaner,Maize,Kharif,427.25,370.8,22.5,8.66,60.5,1.84,4.45
Karnataka,Raichur,Sugarcane,Whole Year,1.7,1100.3,21.9,6.01,217.5,3.71,13.0
Bihar,Patna,Mustard,Rabi,100.2,1438.8,17.7,6.55,152.4,1.33,5.842
Gujarat,Rajkot,Chickpea,Rabi,377.79,639.7,26.7,6.15,146.5,1.04,3.729
Bihar,Gaya,Maize,Kharif,9.14,1245.6,23.6,6.73,194.5,1.3,10.612
Karnataka,Raichur,Groundnut,Kharif,227.72,774.3,25.1,7.52,184.2,2.07,6.178
Tamil Nadu,Thanjavur,Cotton,Kharif,344.97,1316.5,32.8,6.2,173.9,5.13,6.212
Assam,Nagaon,Wheat,Rabi,1266.5,2552.3,24.8,5.11,148.8,0.82,9.719
Punjab,Ludhiana,Wheat,Rabi,599.99,747.5,26.9,7.14,212.3,0.23,8.672
Uttar Pradesh,Agra,Mustard,Rabi,60.56,870.9,28.9,7.73,200.0,9.61,6.175
West Bengal,Burdwan,Maize,Kharif,263.13,1247.7,28.2,6.27,146.5,4.32,9.742
Andhra Pradesh,Krishna,Groundnut,Kharif,70.67,815.3,33.7,6.36,111.5,4.06,5.343
West Bengal,Nadia,Rice,Kharif,478.15,1463.3,25.7,6.07,89.6,0.39,10.608
Tamil Nadu,Thanjavur,Wheat,Rabi,12.9,1275.5,29.4,6.06,139.5,3.91,8.791
Punjab,Patiala,Cotton,Kharif,63.49,397.8,25.8,7.58,175.1,4.49,4.4
Bihar,Patna,Sugarcane,Whole Year,48.05,910.5,35.2,6.65,67.7,5.53,13.0
Gujarat,Surat,Soybean,Kharif,10.84,584.9,33.4,7.36,204.3,2.14,5.169
West Bengal,Burdwan,Maize,Kharif,645.11,1438.1,27.4,6.1,174.1,1.77,11.067
Assam,Kamrup,Groundnut,Kharif,593.83,3173.0,21.8,4.79,112.0,0.65,5.728
Punjab,Amritsar,Cotton,Kharif,251.36,598.8,20.4,7.05,191.9,1.16,4.675
Maharashtra,Nagpur,Rice,Kharif,300.73,1152.2,30.3,6.73,147.4,4.7,10.374
Uttar Pradesh,Agra,Wheat,Rabi,746.59,993.3,38.6,6.31,200.8,0.3,8.735
Tamil Nadu,Madurai,Wheat,Rabi,483.02,1169.7,32.1,6.75,150.3,11.47,8.483
Maharashtra,Pune,Soybean,Kharif,727.96,936.1,20.3,6.8,93.1,1.15,5.673
Madhya Pradesh,Jabalpur,Barley,Rabi,25.1,918.7,20.3,7.34,59.8,3.72,5.435
Gujarat,Surat,Rice,Kharif,228.8,745.6,28.6,7.42,143.9,11.62,8.523
Assam,Jorhat,Sugarcane,Whole Year,246.67,1584.7,19.9,5.63,74.3,0.43,13.0
Jharkhand,Hazaribag,Barley,Rabi,21.77,1059.8,33.5,5.88,118.3,1.7,5.657
Andhra Pradesh,Kurnool,Soybean,Kharif,90.26,883.3,25.9,5.44,131.4,0.19,5.133
Andhra Pradesh,Krishna,Wheat,Rabi,215.38,1231.0,27.5,6.24,131.6,0.2,8.358
Jharkhand,Ranchi,Chickpea,Rabi,3.98,911.5,27.6,5.06,61.4,0.51,2.282
Maharashtra,Pune,Wheat,Rabi,68.38,1072.7,35.7,6.21,103.5,0.74,7.156
Uttar Pradesh,Varanasi,Wheat,Rabi,586.9,816.8,20.5,6.82,226.9,2.21,9.764
Madhya Pradesh,Indore,Groundnut,Kharif,91.46,939.9,29.7,7.15,133.3,13.46,5.789
West Bengal,Burdwan,Sugarcane,Whole Year,89.11,1489.0,29.2,6.62,69.0,0.47,13.0
Jharkhand,Ranchi,Groundnut,Kharif,23.54,1699.7,16.9,5.98,48.6,8.4,5.61
Odisha,Puri,Cotton,Kharif,221.38,1454.0,25.9,4.95,77.7,0.85,5.222
Bihar,Gaya,Chickpea,Rabi,58.02,1081.6,32.3,6.67,132.0,5.52,3.823
Rajasthan,Bikaner,Sugarcane,Whole Year,83.85,227.7,40.0,8.58,125.9,0.4,9.899
Gujarat,Surat,Cotton,Kharif,101.53,588.5,15.5,7.44,185.8,6.58,4.243
Karnataka,Raichur,Sugarcane,Whole Year,192.31,873.1,23.8,6.99,151.6,3.62,13.0
Assam,Kamrup,Soybean,Kharif,82.42,2487.1,23.9,5.3,98.4,2.27,6.05
Haryana,Karnal,Sugarcane,Whole Year,156.85,514.7,27.3,7.19,145.0,4.35,13.0
Rajasthan,Bikaner,Soybean,Kharif,167.08,242.0,22.8,7.7,40.5,0.65,2.443
Punjab,Ludhiana,Rice,Kharif,126.13,672.4,25.6,6.68,208.8,12.06,9.516
Karnataka,Mysuru,Groundnut,Kharif,655.63,964.8,26.4,6.25,133.6,5.03,6.584
Assam,Nagaon,Maize,Kharif,2.08,2174.2,29.9,5.35,120.5,3.44,9.894
Gujarat,Surat,Wheat,Rabi,129.28,852.2,25.5,7.27,186.1,2.7,9.125
Haryana,Hisar,Rice,Kharif,78.31,530.2,15.0,7.22,148.1,3.1,7.677
Karnataka,Mysuru,Barley,Rabi,64.44,980.4,19.5,7.21,116.9,1.33,6.685
Madhya Pradesh,Bhopal,Sugarcane,Whole Year,119.02,669.8,26.6,5.71,128.1,13.81,12.957
Karnataka,Mysuru,Sugarcane,Whole Year,286.01,542.1,28.5,7.43,143.4,1.02,12.489
Maharashtra,Nagpur,Mustard,Rabi,108.92,858.6,34.3,6.79,63.7,0.75,3.737
Bihar,Patna,Soybean,Kharif,39.61,889.3,22.1,7.7,154.9,6.85,6.254
Odisha,Puri,Wheat,Rabi,580.03,1185.1,30.4,5.67,173.6,0.53,8.65
Punjab,Ludhiana,Groundnut,Kharif,1085.42,758.3,27.2,6.95,183.8,2.57,5.939
Uttar Pradesh,Agra,Mustard,Rabi,413.11,742.0,20.5,6.37,150.3,4.27,5.351
West Bengal,Murshidabad,Chickpea,Rabi,23.4,1383.6,27.1,4.72,78.7,0.13,2.998
West Bengal,Burdwan,Chickpea,Rabi,30.0,1448.7,30.8,5.71,75.7,0.1,3.453
Jharkhand,Dhanbad,Mustard,Rabi,309.26,1414.2,33.3,6.45,90.1,12.07,4.962
Punjab,Patiala,Soybean,Kharif,58.12,738.1,27.7,6.75,246.5,10.93,6.42
West Bengal,Nadia,Maize,Kharif,22.81,1749.9,30.4,6.87,207.2,2.64,11.496
West Bengal,Burdwan,Soybean,Kharif,29.29,1908.6,29.1,5.02,156.1,7.65,7.565
Rajasthan,Jodhpur,Cotton,Kharif,338.41,341.9,18.1,8.29,110.3,0.43,3.056
Jharkhand,Ranchi,Wheat,Rabi,218.22,805.5,31.3,5.2,72.1,1.9,5.87
West Bengal,Burdwan,Sugarcane,Whole Year,610.0,1785.6,24.0,5.82,95.5,0.78,13.0
Odisha,Puri,Maize,Kharif,12.7,1395.0,27.0,5.71,74.1,1.1,8.553
Jharkhand,Ranchi,Wheat,Rabi,287.77,1257.5,32.4,5.75,166.1,6.58,9.25
Uttar Pradesh,Agra,Mustard,Rabi,279.52,663.7,15.8,7.0,155.3,6.07,5.025
Assam,Kamrup,Barley,Rabi,79.89,2567.2,24.4,4.98,141.3,8.16,7.075
Odisha,Puri,Groundnut,Kharif,64.88,1614.4,29.0,6.03,100.7,6.94,7.084
Jharkhand,Dhanbad,Sugarcane,Whole Year,767.42,973.6,27.5,6.37,107.7,10.28,13.0
Andhra Pradesh,Kurnool,Sugarcane,Whole Year,137.19,709.3,22.6,7.65,214.8,1.28,13.0
Maharashtra,Nagpur,Soybean,Kharif,116.24,1144.6,25.0,6.8,166.3,1.76,6.642
Maharashtra,Nagpur,Rice,Kharif,157.89,1096.2,24.9,6.83,72.0,0.12,8.519
Uttar Pradesh,Agra,Wheat,Rabi,186.39,656.4,23.1,7.23,201.8,1.33,8.105
Assam,Kamrup,Chickpea,Rabi,86.11,2388.7,35.6,4.93,20.0,3.46,3.06
Karnataka,Dharwad,Soybean,Kharif,14.04,1059.1,27.1,7.55,165.6,1.2,6.384
Maharashtra,Nagpur,Soybean,Kharif,75.16,1386.7,31.3,6.79,169.2,4.9,7.264
Karnataka,Dharwad,Maize,Kharif,214.19,658.4,22.5,7.02,93.8,5.75,6.913
Rajasthan,Jodhpur,Cotton,Kharif,108.52,345.3,31.5,8.65,149.1,1.98,3.825
Gujarat,Rajkot,Cotton,Kharif,246.12,592.5,32.8,7.29,119.4,5.26,4.669
Karnataka,Raichur,Mustard,Rabi,266.86,787.3,21.8,6.43,191.1,0.42,5.508
Bihar,Muzaffarpur,Sugarcane,Whole Year,27.21,1187.4,29.9,7.1,83.4,1.03,13.0
Madhya Pradesh,Bhopal,Mustard,Rabi,82.79,994.8,27.3,7.27,89.6,0.54,4.193
Tamil Nadu,Madurai,Maize,Kharif,263.53,1211.3,28.5,4.83,164.8,7.92,9.634
Punjab,Amritsar,Mustard,Rabi,141.36,575.3,31.6,6.79,189.0,0.47,5.192
Rajasthan,Bikaner,Mustard,Rabi,292.08,335.9,28.0,8.38,80.0,6.54,2.827
Odisha,Cuttack,Wheat,Rabi,83.79,1499.1,35.6,6.6,44.6,0.31,7.396
Tamil Nadu,Coimbatore,Mustard,Rabi,213.08,783.7,28.0,6.56,107.8,1.21,4.548
Rajasthan,Jodhpur,Soybean,Kharif,17.26,215.6,23.1,7.7,95.8,0.47,3.019
Odisha,Cuttack,Barley,Rabi,137.29,1050.9,29.2,5.57,114.3,1.91,6.015
Jharkhand,Dhanbad,Barley,Rabi,2.57,1469.8,27.1,5.99,132.1,4.16,7.771
Tamil Nadu,Thanjavur,Chickpea,Rabi,93.54,659.7,29.2,6.16,170.6,2.05,3.0
Punjab,Amritsar,Wheat,Rabi,40.84,432.6,26.4,6.43,145.4,1.76,6.859
Karnataka,Dharwad,Chickpea,Rabi,570.27,822.6,24.4,6.7,62.5,0.6,3.092
Odisha,Puri,Cotton,Kharif,161.37,1703.7,34.4,6.81,160.5,15.05,6.841
Odisha,Puri,Mustard,Rabi,23.42,1511.1,35.0,6.4,114.2,3.7,5.453
Gujarat,Rajkot,Mustard,Rabi,51.6,890.8,37.2,7.28,160.1,0.66,4.904
Odisha,Cuttack,Cotton,Kharif,281.95,1702.5,24.9,6.86,144.2,1.08,6.101
Uttar Pradesh,Kanpur,Mustard,Rabi,77.92,605.5,29.3,6.05,194.6,3.62,5.269
Madhya Pradesh,Jabalpur,Mustard,Rabi,2.34,1069.1,12.0,7.45,202.0,3.14,6.086
Madhya Pradesh,Bhopal,Mustard,Rabi,161.63,651.5,32.0,6.83,86.9,1.4,3.785
Karnataka,Dharwad,Barley,Rabi,189.3,1084.7,26.0,7.46,187.5,6.32,7.462
Haryana,Karnal,Soybean,Kharif,196.14,710.0,20.9,7.64,256.2,0.36,6.26
West Bengal,Murshidabad,Rice,Kharif,382.31,1046.3,31.3,5.55,187.3,1.8,10.831
Gujarat,Rajkot,Soybean,Kharif,182.58,945.0,26.3,7.53,203.4,1.21,6.689
Karnataka,Mysuru,Chickpea,Rabi,166.16,972.2,17.5,6.88,67.7,4.34,3.323
Assam,Kamrup,Maize,Kharif,242.41,2206.3,24.3,6.4,33.8,3.52,7.809
Karnataka,Mysuru,Barley,Rabi,113.25,595.3,39.4,5.8,110.6,6.41,4.777
Rajasthan,Bikaner,Chickpea,Rabi,99.76,278.5,25.1,8.01,113.5,2.46,2.015
Tamil Nadu,Madurai,Barley,Rabi,109.94,1002.2,30.9,6.74,67.8,4.73,5.582
Karnataka,Mysuru,Chickpea,Rabi,80.33,729.7,29.6,6.51,60.4,4.92,2.586
Tamil Nadu,Coimbatore,Mustard,Rabi,21.53,969.4,28.9,6.45,192.1,0.45,5.639
Bihar,Muzaffarpur,Barley,Rabi,34.42,1065.3,33.8,6.86,192.1,0.47,6.843
Rajasthan,Jodhpur,Wheat,Rabi,252.75,240.3,26.0,8.12,96.5,2.72,5.633
Uttar Pradesh,Agra,Wheat,Rabi,450.89,1214.0,22.6,8.04,140.8,1.75,8.822
Andhra Pradesh,Kurnool,Sugarcane,Whole Year,62.55,1004.1,30.6,7.44,155.7,3.79,13.0
Haryana,Hisar,Rice,Kharif,104.57,677.9,24.4,6.69,143.7,1.84,8.589
Karnataka,Raichur,Rice,Kharif,74.33,1199.6,28.9,7.25,94.0,1.34,9.567
Karnataka,Raichur,Soybean,Kharif,643.83,909.2,29.9,6.39,181.3,6.01,6.33
Punjab,Patiala,Soybean,Kharif,294.49,645.0,20.7,7.18,254.8,2.76,6.499
Jharkhand,Ranchi,Maize,Kharif,225.49,1197.8,26.6,5.24,92.9,4.24,8.713
West Bengal,Burdwan,Barley,Rabi,370.53,1784.0,38.1,5.36,89.2,6.17,6.375
Odisha,Sambalpur,Cotton,Kharif,103.63,769.3,29.7,6.02,147.5,0.62,4.977
Uttar Pradesh,Kanpur,Mustard,Rabi,0.75,880.8,34.4,7.13,216.4,1.34,5.981
Uttar Pradesh,Varanasi,Maize,Kharif,459.43,877.4,21.0,6.14,170.6,9.18,9.314
Karnataka,Dharwad,Barley,Rabi,526.04,833.9,22.8,6.67,195.7,1.6,7.252
Assam,Nagaon,Cotton,Kharif,367.83,1908.3,24.6,5.46,88.7,2.52,5.427
Jharkhand,Ranchi,Soybean,Kharif,102.78,1091.3,33.3,5.88,120.7,0.85,5.696
Odisha,Puri,Maize,Kharif,120.94,1204.6,26.9,5.73,121.9,2.47,9.282
Punjab,Patiala,Maize,Kharif,76.59,749.3,25.8,7.23,227.4,4.97,9.717
Madhya Pradesh,Indore,Soybean,Kharif,348.96,905.9,28.7,6.92,161.1,5.92,6.498
Rajasthan,Bikaner,Sugarcane,Whole Year,159.19,510.7,30.5,7.04,177.9,10.4,13.0
Gujarat,Ahmedabad,Soybean,Kharif,83.3,684.0,27.2,7.03,182.5,0.23,5.509
Haryana,Karnal,Mustard,Rabi,85.42,474.0,16.5,7.13,202.2,8.21,5.699
Rajasthan,Bikaner,Soybean,Kharif,47.06,299.7,38.3,8.46,125.2,7.56,2.984
Andhra Pradesh,Guntur,Mustard,Rabi,473.73,1250.4,25.3,5.84,102.2,1.61,5.202
Tamil Nadu,Thanjavur,Soybean,Kharif,370.85,971.3,24.3,6.74,229.9,5.02,7.27
West Bengal,Murshidabad,Mustard,Rabi,418.17,1649.3,26.7,5.72,158.6,0.62,6.352
Rajasthan,Jodhpur,Sugarcane,Whole Year,10.27,336.7,29.2,8.7,109.0,0.25,10.524
West Bengal,Murshidabad,Sugarcane,Whole Year,105.34,1683.2,31.3,5.56,126.9,0.1,13.0
Andhra Pradesh,Kurnool,Barley,Rabi,82.84,1055.6,36.0,6.87,184.6,0.26,7.173
Gujarat,Surat,Groundnut,Kharif,155.14,757.6,33.8,6.99,153.1,1.76,5.22
Uttar Pradesh,Agra,Maize,Kharif,153.06,720.2,22.9,6.29,137.8,0.78,7.372
Gujarat,Ahmedabad,Cotton,Kharif,453.77,683.9,28.2,7.16,199.8,0.53,5.584
Assam,Kamrup,Chickpea,Rabi,12.27,2381.8,20.9,6.19,151.7,1.12,4.637
Gujarat,Ahmedabad,Mustard,Rabi,238.43,760.7,31.6,6.66,140.1,2.13,4.558
Assam,Nagaon,Rice,Kharif,705.17,1984.1,20.6,5.24,89.0,4.41,10.155
Bihar,Gaya,Groundnut,Kharif,392.42,842.7,25.4,6.62,102.4,7.18,5.177
Punjab,Patiala,Wheat,Rabi,122.37,639.9,20.1,6.41,123.1,1.05,7.425
West Bengal,Nadia,Chickpea,Rabi,36.95,1791.8,25.6,6.42,169.9,3.63,4.454
Madhya Pradesh,Indore,Maize,Kharif,190.48,810.6,26.1,6.73,93.6,5.71,7.647
Punjab,Ludhiana,Chickpea,Rabi,8.87,692.8,23.1,6.29,157.6,3.65,3.511
West Bengal,Murshidabad,Wheat,Rabi,599.42,2119.9,25.2,6.22,153.1,0.69,9.563
Andhra Pradesh,Kurnool,Rice,Kharif,55.67,942.3,27.9,6.9,93.9,0.86,8.603
Bihar,Patna,Sugarcane,Whole Year,123.49,1160.0,27.8,6.53,138.8,7.75,13.0
Uttar Pradesh,Agra,Wheat,Rabi,184.53,938.4,35.8,7.5,129.4,5.41,7.402
Odisha,Sambalpur,Rice,Kharif,20.63,1038.2,21.8,6.76,103.3,4.26,8.574
Odisha,Cuttack,Rice,Kharif,176.77,1112.1,36.7,6.03,122.0,1.67,9.683
Karnataka,Dharwad,Sugarcane,Whole Year,410.83,1059.2,26.2,5.71,131.1,0.59,13.0
Assam,Jorhat,Mustard,Rabi,10.44,1845.2,29.9,6.12,68.3,2.78,4.665
Gujarat,Ahmedabad,Soybean,Kharif,142.76,633.4,22.9,7.77,126.7,0.48,4.39
Tamil Nadu,Thanjavur,Chickpea,Rabi,310.18,1346.7,30.1,6.95,152.9,1.55,3.889
Jharkhand,Hazaribag,Rice,Kharif,103.58,1076.6,24.7,5.74,136.4,2.09,9.222
Maharashtra,Nagpur,Barley,Rabi,127.32,1204.5,21.8,6.51,122.5,2.89,7.181
Uttar Pradesh,Kanpur,Mustard,Rabi,22.35,830.7,22.9,7.24,121.8,3.83,4.644
Uttar Pradesh,Kanpur,Mustard,Rabi,313.75,754.4,33.6,7.21,185.8,0.34,4.756
Madhya Pradesh,Bhopal,Mustard,Rabi,44.78,1075.6,32.0,8.12,155.1,1.19,4.898
Maharashtra,Pune,Soybean,Kharif,498.89,866.7,33.9,6.68,124.4,1.79,5.339
Bihar,Patna,Maize,Kharif,172.98,880.8,28.2,6.74,105.2,1.75,7.88
Uttar Pradesh,Varanasi,Sugarcane,Whole Year,591.51,1249.8,34.6,6.09,160.6,1.4,13.0
Madhya Pradesh,Indore,Wheat,Rabi,2.02,892.9,31.3,6.14,97.0,1.12,6.797
Jharkhand,Dhanbad,Rice,Kharif,52.52,1047.6,34.6,4.52,107.0,5.79,8.944
Punjab,Ludhiana,Chickpea,Rabi,675.33,805.8,23.4,7.2,235.3,9.94,4.709
Odisha,Puri,Rice,Kharif,51.35,1596.8,27.3,6.38,102.5,0.85,9.808
Bihar,Patna,Chickpea,Rabi,266.31,1218.9,30.8,7.7,117.3,0.52,3.458
Karnataka,Mysuru,Cotton,Kharif,305.51,785.5,26.2,7.53,157.3,4.06,5.591
West Bengal,Murshidabad,Barley,Rabi,145.83,1896.1,25.8,5.41,59.3,6.24,6.125
Odisha,Sambalpur,Barley,Rabi,83.56,1640.0,30.7,6.6,123.4,14.76,7.588
Uttar Pradesh,Varanasi,Sugarcane,Whole Year,286.17,963.0,26.8,7.29,104.7,14.95,13.0
Andhra Pradesh,Guntur,Rice,Kharif,152.45,807.8,32.3,6.11,80.7,0.12,7.429
Karnataka,Dharwad,Cotton,Kharif,208.32,770.5,26.6,6.84,109.9,0.12,4.47
Tamil Nadu,Thanjavur,Barley,Rabi,543.73,1343.3,32.1,6.7,123.1,0.95,6.698
Gujarat,Surat,Groundnut,Kharif,196.28,763.4,38.4,7.57,183.0,15.04,5.507
Odisha,Sambalpur,Rice,Kharif,289.54,1369.1,31.7,5.78,110.1,1.12,10.112
Jharkhand,Ranchi,Sugarcane,Whole Year,129.14,994.8,30.0,6.68,99.0,2.69,13.0
Rajasthan,Jodhpur,Chickpea,Rabi,10.26,466.7,35.3,7.89,109.6,1.55,1.98
Uttar Pradesh,Varanasi,Sugarcane,Whole Year,376.74,1006.0,19.9,6.89,117.7,1.6,13.0
Madhya Pradesh,Bhopal,Barley,Rabi,364.65,1317.1,38.3,7.0,32.0,0.59,4.975
West Bengal,Burdwan,Soybean,Kharif,1.01,1738.2,28.2,6.56,173.7,1.95,7.455
Haryana,Rohtak,Barley,Rabi,60.66,459.0,17.9,7.52,82.8,5.28,5.128
Rajasthan,Jaipur,Rice,Kharif,11.29,513.9,16.5,8.09,88.8,3.92,6.15
Jharkhand,Ranchi,Chickpea,Rabi,316.03,1230.3,30.2,6.26,102.3,0.87,3.731
Gujarat,Ahmedabad,Cotton,Kharif,99.35,547.9,27.2,7.63,154.6,6.52,4.469
Haryana,Karnal,Mustard,Rabi,72.66,716.5,27.7,7.3,170.3,2.58,5.072
Gujarat,Rajkot,Sugarcane,Whole Year,0.63,664.7,24.6,7.21,137.2,1.27,13.0
Tamil Nadu,Coimbatore,Chickpea,Rabi,16.62,853.5,26.9,6.8,149.3,0.51,3.21
Haryana,Hisar,Rice,Kharif,319.06,593.3,24.6,6.54,201.9,2.05,9.068
Madhya Pradesh,Indore,Soybean,Kharif,169.12,749.9,30.9,6.18,240.3,2.37,5.928
Karnataka,Dharwad,Soybean,Kharif,167.79,678.3,28.5,6.18,89.6,6.23,4.755
Madhya Pradesh,Bhopal,Cotton,Kharif,601.61,907.9,35.7,6.87,60.5,3.24,4.603
Karnataka,Mysuru,Mustard,Rabi,225.04,889.8,29.1,6.64,80.5,1.37,4.097
Punjab,Patiala,Sugarcane,Whole Year,389.9,550.7,22.1,7.26,146.4,1.64,12.571
Bihar,Patna,Rice,Kharif,560.48,1083.0,28.5,6.7,148.2,1.61,10.228
Odisha,Sambalpur,Rice,Kharif,164.29,1703.5,24.1,7.1,126.8,3.24,11.204
Andhra Pradesh,Kurnool,Groundnut,Kharif,1.07,802.9,31.9,7.26,189.5,14.67,5.816
Andhra Pradesh,Guntur,Soybean,Kharif,146.47,1139.2,32.0,6.78,179.6,2.22,6.232
Odisha,Cuttack,Groundnut,Kharif,129.68,1550.2,28.6,6.41,22.7,2.08,5.831
Punjab,Ludhiana,Soybean,Kharif,187.57,757.9,20.0,7.35,183.0,0.98,5.912
Bihar,Gaya,Cotton,Kharif,200.49,1004.6,23.8,6.83,86.5,3.02,4.741
Gujarat,Rajkot,Groundnut,Kharif,3.41,649.8,26.7,7.88,125.6,0.4,4.839
Rajasthan,Jodhpur,Chickpea,Rabi,151.96,192.7,26.1,7.26,62.9,3.27,1.426
Odisha,Puri,Mustard,Rabi,224.9,1280.8,31.1,4.78,88.5,2.84,5.038
Odisha,Sambalpur,Chickpea,Rabi,280.71,1149.0,28.9,5.52,117.8,0.1,3.583
Rajasthan,Jaipur,Groundnut,Kharif,229.04,320.5,32.2,8.35,70.2,0.14,3.825
Bihar,Gaya,Barley,Rabi,67.93,1143.4,31.8,6.71,113.6,8.63,6.307
Bihar,Muzaffarpur,Rice,Kharif,130.88,1219.2,27.7,6.87,126.3,2.39,9.846
Rajasthan,Jodhpur,Groundnut,Kharif,121.53,275.7,20.6,7.27,88.4,5.82,3.716
Assam,Nagaon,Groundnut,Kharif,117.93,2620.1,22.3,6.61,86.7,0.1,6.449
Gujarat,Ahmedabad,Barley,Rabi,260.09,588.8,26.1,8.07,105.9,3.98,4.726
Madhya Pradesh,Jabalpur,Mustard,Rabi,415.41,801.5,35.2,6.89,111.5,3.48,4.239
Punjab,Amritsar,Cotton,Kharif,287.65,596.6,24.9,7.27,214.0,0.79,5.264
Uttar Pradesh,Agra,Groundnut,Kharif,45.93,612.9,20.5,6.76,135.8,0.1,4.813
West Bengal,Murshidabad,Cotton,Kharif,244.41,1661.1,31.5,5.44,140.3,1.21,5.938
Tamil Nadu,Thanjavur,Groundnut,Kharif,223.02,891.4,28.6,7.62,101.5,1.67,5.806
West Bengal,Murshidabad,Soybean,Kharif,3.41,1382.1,36.2,5.62,76.3,1.59,5.777
Andhra Pradesh,Kurnool,Cotton,Kharif,829.11,617.4,31.8,6.34,170.1,0.1,4.914
Rajasthan,Jaipur,Mustard,Rabi,346.42,465.4,38.1,8.02,100.8,0.15,2.367
Maharashtra,Nagpur,Sugarcane,Whole Year,195.5,864.2,29.8,7.21,112.9,1.97,13.0
Maharashtra,Nagpur,Sugarcane,Whole Year,622.53,1325.3,28.6,6.4,149.5,3.86,13.0
Andhra Pradesh,Krishna,Mustard,Rabi,157.13,837.6,32.1,6.9,127.2,4.69,4.56
Andhra Pradesh,Kurnool,Groundnut,Kharif,477.76,1069.4,26.2,6.51,155.7,1.3,6.517
Haryana,Karnal,Groundnut,Kharif,160.97,685.8,19.5,7.64,166.2,0.93,4.867
Jharkhand,Ranchi,Cotton,Kharif,7.74,1363.6,19.4,4.99,61.9,0.56,4.04
Odisha,Puri,Mustard,Rabi,244.02,1557.3,24.6,6.12,105.0,2.34,5.964
Maharashtra,Pune,Groundnut,Kharif,289.76,1641.8,25.9,6.48,95.9,2.22,6.942
Assam,Jorhat,Sugarcane,Whole Year,182.97,1673.4,27.9,5.19,43.5,2.08,13.0
Karnataka,Raichur,Cotton,Kharif,40.4,827.9,27.9,6.73,151.6,0.49,5.396
Haryana,Hisar,Cotton,Kharif,113.98,632.5,26.0,7.77,174.6,1.3,4.846
Karnataka,Dharwad,Chickpea,Rabi,376.12,1091.7,26.9,7.02,133.5,1.42,3.531
Rajasthan,Jodhpur,Groundnut,Kharif,101.97,163.7,30.6,7.99,53.5,5.96,3.627
Karnataka,Mysuru,Mustard,Rabi,54.18,697.6,28.4,7.01,158.1,1.19,4.598
Jharkhand,Hazaribag,Cotton,Kharif,130.7,1248.0,18.3,5.97,74.7,1.21,4.657
Tamil Nadu,Madurai,Cotton,Kharif,127.71,998.9,30.7,6.61,129.4,8.35,5.125
Madhya Pradesh,Jabalpur,Sugarcane,Whole Year,534.9,757.2,29.6,6.75,56.8,0.59,12.461
Odisha,Sambalpur,Chickpea,Rabi,424.97,1474.2,29.6,5.06,135.4,1.39,3.818
Assam,Kamrup,Mustard,Rabi,123.6,1876.0,24.9,4.87,147.6,9.97,6.151
Rajasthan,Bikaner,Wheat,Rabi,229.55,341.1,25.6,8.33,108.5,0.82,5.945
Assam,Nagaon,Maize,Kharif,107.13,2171.5,22.6,6.11,95.7,0.38,8.901
Rajasthan,Jaipur,Sugarcane,Whole Year,72.43,236.1,30.7,8.59,121.2,2.49,10.314
Madhya Pradesh,Jabalpur,Wheat,Rabi,12.83,1163.4,28.3,6.53,152.5,7.47,9.091
West Bengal,Murshidabad,Groundnut,Kharif,208.23,1587.9,23.9,5.82,73.3,2.39,6.426
Karnataka,Mysuru,Sugarcane,Whole Year,113.22,1220.5,30.1,6.89,187.3,3.06,13.0
Karnataka,Raichur,Soybean,Kharif,18.93,890.6,24.6,5.78,106.8,2.89,5.007
Andhra Pradesh,Guntur,Cotton,Kharif,105.35,911.3,31.1,6.69,113.6,2.0,4.757
Bihar,Gaya,Maize,Kharif,247.6,1112.8,22.7,6.71,103.5,0.1,7.703
Rajasthan,Bikaner,Maize,Kharif,9.54,428.8,28.9,7.68,122.6,1.99,6.662
Assam,Jorhat,Rice,Kharif,462.45,2033.0,29.2,6.03,82.2,13.13,10.626
Madhya Pradesh,Indore,Groundnut,Kharif,77.43,1094.3,20.6,6.86,137.6,2.3,5.9
Bihar,Patna,Maize,Kharif,158.7,778.7,24.2,7.01,160.8,3.29,8.586
Tamil Nadu,Thanjavur,Sugarcane,Whole Year,78.67,871.9,29.6,6.7,149.4,11.53,13.0
Assam,Kamrup,Chickpea,Rabi,322.9,2093.9,27.9,5.69,110.8,1.77,4.17
Odisha,Puri,Chickpea,Rabi,655.57,1516.7,32.2,6.14,144.8,2.61,4.577
Karnataka,Raichur,Rice,Kharif,376.21,649.7,33.8,7.24,93.4,4.14,7.371
Bihar,Gaya,Wheat,Rabi,580.51,1108.6,26.7,7.28,139.4,1.69,8.812
Bihar,Muzaffarpur,Cotton,Kharif,9.83,635.0,35.3,6.22,231.7,7.48,6.189
Gujarat,Surat,Chickpea,Rabi,20.89,507.8,33.1,6.89,147.4,0.8,2.661
Bihar,Muzaffarpur,Chickpea,Rabi,602.02,977.9,34.9,7.09,199.6,3.19,4.013
Rajasthan,Jodhpur,Wheat,Rabi,258.5,265.1,25.5,8.17,102.5,5.8,5.771
Karnataka,Raichur,Chickpea,Rabi,803.97,686.9,25.1,6.09,127.5,0.35,3.703
Haryana,Karnal,Maize,Kharif,76.18,636.1,25.3,7.12,162.8,7.99,8.413
Rajasthan,Bikaner,Barley,Rabi,1152.0,398.3,29.0,7.47,85.2,1.09,4.466
Andhra Pradesh,Guntur,Groundnut,Kharif,90.56,962.9,31.8,6.05,161.6,3.3,6.319
Gujarat,Rajkot,Barley,Rabi,100.16,875.3,28.5,7.29,103.2,3.31,5.806
Assam,Kamrup,Chickpea,Rabi,256.49,1984.8,19.1,5.67,125.0,1.17,4.297
Punjab,Ludhiana,Sugarcane,Whole Year,60.36,619.0,13.9,6.85,233.9,3.63,13.0
Jharkhand,Dhanbad,Maize,Kharif,328.35,1195.1,31.4,5.07,93.3,2.38,7.814
Haryana,Karnal,Maize,Kharif,82.78,617.9,28.8,7.86,161.3,5.99,8.107
Punjab,Amritsar,Sugarcane,Whole Year,105.8,604.0,27.9,7.74,226.5,3.17,13.0
Madhya Pradesh,Jabalpur,Rice,Kharif,206.77,758.9,19.3,7.14,178.1,4.96,9.175
Uttar Pradesh,Varanasi,Soybean,Kharif,618.61,1104.6,21.9,7.0,177.6,2.47,6.531
Bihar,Muzaffarpur,Barley,Rabi,101.57,1303.3,28.2,6.84,107.5,5.17,6.818
Maharashtra,Nagpur,Wheat,Rabi,28.39,906.0,25.5,6.86,174.6,13.54,8.986
Jharkhand,Ranchi,Rice,Kharif,162.75,1488.9,19.8,5.4,128.6,4.32,10.972
Assam,Kamrup,Rice,Kharif,113.28,2098.2,27.4,5.15,75.0,0.8,10.183
Odisha,Puri,Groundnut,Kharif,482.08,1388.3,26.5,5.03,132.0,1.27,7.037
Assam,Kamrup,Cotton,Kharif,97.97,1450.5,23.2,5.47,100.2,4.15,6.163
Uttar Pradesh,Kanpur,Groundnut,Kharif,13.69,784.6,32.3,6.47,175.5,0.85,5.616
Rajasthan,Jaipur,Barley,Rabi,187.69,273.8,34.3,8.37,69.1,1.87,2.858
West Bengal,Murshidabad,Chickpea,Rabi,193.5,1883.3,26.8,5.59,110.1,2.68,4.089
Haryana,Rohtak,Rice,Kharif,109.05,712.6,26.7,7.21,223.8,6.97,9.875
Madhya Pradesh,Jabalpur,Maize,Kharif,390.82,970.2,27.6,6.96,94.2,2.29,7.97
Andhra Pradesh,Krishna,Wheat,Rabi,529.34,912.8,28.4,6.68,164.4,0.88,8.198
Karnataka,Mysuru,Barley,Rabi,100.44,819.5,22.4,6.94,170.8,4.77,6.785
Haryana,Rohtak,Mustard,Rabi,98.66,494.4,20.5,7.57,141.5,8.96,4.505
Maharashtra,Pune,Groundnut,Kharif,235.93,1013.7,30.6,7.95,76.8,3.14,5.216
Odisha,Sambalpur,Groundnut,Kharif,190.72,1539.1,33.6,6.76,107.6,7.15,7.141
Rajasthan,Bikaner,Maize,Kharif,158.16,449.0,30.3,8.19,100.8,2.47,6.191
Maharashtra,Nagpur,Chickpea,Rabi,419.37,700.4,29.0,6.64,101.4,6.9,2.643
Odisha,Cuttack,Cotton,Kharif,8.58,1314.8,31.7,6.04,115.5,8.31,5.021
Haryana,Karnal,Cotton,Kharif,245.39,432.8,19.5,7.37,132.3,0.1,3.594
Maharashtra,Nashik,Mustard,Rabi,298.61,1028.0,32.9,6.92,124.6,2.99,5.027
Rajasthan,Jaipur,Barley,Rabi,134.81,371.8,16.6,7.6,73.9,5.11,4.95
Tamil Nadu,Coimbatore,Wheat,Rabi,18.64,1267.8,24.9,6.98,186.2,6.91,9.922
Andhra Pradesh,Guntur,Wheat,Rabi,9.32,563.1,29.1,6.96,156.1,1.84,6.695
Gujarat,Surat,Chickpea,Rabi,115.95,654.0,23.1,6.34,155.1,2.22,3.445
Madhya Pradesh,Indore,Groundnut,Kharif,127.18,938.3,27.4,6.76,167.9,6.13,6.273
Odisha,Sambalpur,Maize,Kharif,4.88,1320.7,27.4,7.06,68.5,7.98,7.788
Punjab,Patiala,Cotton,Kharif,418.47,765.7,32.3,6.49,202.1,4.91,6.129
West Bengal,Burdwan,Groundnut,Kharif,101.88,1417.3,23.1,6.67,158.0,2.08,7.148
Rajasthan,Jaipur,Maize,Kharif,35.4,402.9,34.6,8.73,117.0,4.08,5.924
Maharashtra,Pune,Chickpea,Rabi,35.35,794.6,31.7,7.11,151.1,4.71,3.094
Jharkhand,Hazaribag,Soybean,Kharif,2.4,1122.1,31.4,5.9,29.8,3.04,4.958
Punjab,Patiala,Soybean,Kharif,575.18,542.0,22.9,7.39,230.7,4.14,5.829
Jharkhand,Ranchi,Mustard,Rabi,44.49,1337.1,24.4,5.22,132.2,1.69,5.965
Rajasthan,Bikaner,Groundnut,Kharif,187.11,376.5,25.5,8.24,47.2,0.58,3.375
Punjab,Patiala,Mustard,Rabi,133.91,507.9,20.6,7.58,260.4,4.93,5.94
Odisha,Sambalpur,Soybean,Kharif,11.72,997.0,27.4,5.69,139.2,0.19,5.808
Uttar Pradesh,Kanpur,Wheat,Rabi,493.44,831.9,34.5,6.74,87.9,4.24,6.308
Uttar Pradesh,Kanpur,Mustard,Rabi,359.96,660.2,35.8,7.5,102.0,2.86,3.749
Andhra Pradesh,Krishna,Mustard,Rabi,84.12,836.4,40.5,6.63,101.8,1.34,3.85
West Bengal,Murshidabad,Soybean,Kharif,454.68,1795.3,26.5,7.24,155.0,8.12,7.963
Punjab,Patiala,Barley,Rabi,63.79,608.4,21.5,7.41,235.1,2.02,6.984
Jharkhand,Hazaribag,Cotton,Kharif,152.24,1072.1,21.7,6.32,109.9,4.98,5.259
Madhya Pradesh,Jabalpur,Chickpea,Rabi,185.39,1087.5,21.6,6.41,143.7,1.07,4.276
Uttar Pradesh,Varanasi,Cotton,Kharif,9.71,662.0,29.6,7.07,135.2,3.32,4.761
Haryana,Karnal,Groundnut,Kharif,28.28,515.7,23.9,7.29,142.5,1.98,4.985
Bihar,Gaya,Rice,Kharif,879.16,808.9,31.5,6.93,125.2,2.24,8.693
West Bengal,Nadia,Groundnut,Kharif,262.77,1752.3,28.7,6.09,110.5,3.58,7.079
Rajasthan,Jodhpur,Rice,Kharif,24.35,203.7,33.0,7.51,30.1,6.35,4.241
Haryana,Hisar,Sugarcane,Whole Year,103.34,573.7,25.4,7.3,140.8,1.69,12.653
Karnataka,Mysuru,Cotton,Kharif,0.88,826.3,25.8,6.55,171.5,1.12,5.429
Karnataka,Mysuru,Chickpea,Rabi,89.53,937.5,26.4,6.67,139.3,1.03,3.379
Punjab,Amritsar,Sugarcane,Whole Year,63.68,557.6,23.6,6.77,192.2,0.74,13.0
Haryana,Hisar,Rice,Kharif,3.74,585.4,19.1,6.79,151.9,1.32,7.808
Gujarat,Surat,Cotton,Kharif,310.11,677.5,29.5,7.77,213.5,1.03,5.745
Bihar,Patna,Groundnut,Kharif,360.12,1243.2,26.7,7.02,121.9,7.72,7.262
Gujarat,Surat,Cotton,Kharif,519.51,652.2,24.1,6.62,120.6,1.65,4.382
Jharkhand,Dhanbad,Soybean,Kharif,237.35,1521.6,25.2,4.82,105.4,3.12,6.634
Andhra Pradesh,Guntur,Cotton,Kharif,124.87,684.2,29.6,6.69,146.7,5.95,4.62
Haryana,Hisar,Cotton,Kharif,157.5,831.2,20.5,7.79,173.5,2.32,4.65
Rajasthan,Jodhpur,Maize,Kharif,62.2,499.1,26.7,8.38,81.7,1.14,5.153
Odisha,Puri,Cotton,Kharif,30.77,1537.9,39.1,5.25,44.2,1.74,4.698
Karnataka,Mysuru,Sugarcane,Whole Year,40.34,705.0,29.7,7.58,114.2,3.29,12.887
Karnataka,Mysuru,Wheat,Rabi,14.73,1051.2,20.7,6.43,170.4,3.94,9.207
Andhra Pradesh,Krishna,Sugarcane,Whole Year,107.47,901.7,36.4,6.53,156.5,5.41,13.0
Tamil Nadu,Coimbatore,Maize,Kharif,238.8,1448.4,29.7,6.01,194.8,1.54,11.136
Maharashtra,Nashik,Mustard,Rabi,101.15,1181.1,12.0,6.7,152.8,0.67,5.653
Tamil Nadu,Coimbatore,Chickpea,Rabi,3.61,953.2,31.3,6.92,213.2,0.41,3.967
Rajasthan,Bikaner,Groundnut,Kharif,207.31,287.6,38.3,7.48,52.7,2.77,2.911
Gujarat,Rajkot,Cotton,Kharif,119.79,839.1,28.6,7.85,163.2,10.15,4.715
Assam,Kamrup,Sugarcane,Whole Year,286.31,2801.7,28.2,5.52,126.5,2.6,13.0
Bihar,Muzaffarpur,Groundnut,Kharif,26.21,843.4,20.8,6.18,117.5,3.15,4.989
Madhya Pradesh,Bhopal,Soybean,Kharif,304.18,831.4,17.8,6.78,99.8,0.58,4.934
Bihar,Gaya,Mustard,Rabi,4.71,1091.8,34.4,4.77,182.2,2.5,4.956
Jharkhand,Dhanbad,Cotton,Kharif,69.72,1139.3,37.0,5.63,122.6,7.22,5.254
Punjab,Patiala,Mustard,Rabi,243.01,749.6,21.2,7.14,211.4,9.72,6.356
Jharkhand,Dhanbad,Maize,Kharif,700.12,1361.3,25.9,5.36,79.1,0.1,8.298
Odisha,Sambalpur,Rice,Kharif,14.52,1584.3,32.5,5.66,126.1,2.98,11.266
Maharashtra,Pune,Chickpea,Rabi,483.27,572.2,29.0,7.16,124.8,4.4,3.116
Tamil Nadu,Thanjavur,Barley,Rabi,26.18,1196.2,31.8,6.74,155.7,7.59,7.434
Odisha,Puri,Groundnut,Kharif,337.26,1289.1,26.0,5.86,108.4,1.56,6.075
Haryana,Karnal,Cotton,Kharif,1336.93,541.9,26.7,7.45,129.9,6.84,4.417
West Bengal,Burdwan,Sugarcane,Whole Year,37.82,1823.3,23.7,5.33,77.5,0.43,13.0
Tamil Nadu,Thanjavur,Rice,Kharif,63.27,1266.1,30.0,5.7,153.0,0.21,10.538
Gujarat,Rajkot,Barley,Rabi,400.15,897.3,27.1,7.08,116.8,7.57,6.276
Andhra Pradesh,Kurnool,Soybean,Kharif,84.8,907.9,26.1,6.59,159.6,10.45,5.89
Haryana,Rohtak,Groundnut,Kharif,164.68,463.7,20.9,7.41,172.0,1.7,5.189
Haryana,Karnal,Rice,Kharif,25.81,420.8,19.8,6.96,184.2,2.97,7.806
Haryana,Rohtak,Soybean,Kharif,27.85,572.1,21.6,6.74,201.4,2.4,5.652
Haryana,Rohtak,Soybean,Kharif,206.79,464.9,28.3,7.99,147.0,1.36,4.627
Uttar Pradesh,Kanpur,Wheat,Rabi,280.87,900.9,29.7,6.96,137.4,3.06,7.739
Haryana,Karnal,Barley,Rabi,118.66,508.9,25.7,7.77,233.0,7.82,7.379
Karnataka,Mysuru,Wheat,Rabi,390.33,748.4,24.2,6.76,96.7,3.97,7.267
Bihar,Patna,Barley,Rabi,205.2,731.7,18.7,7.73,173.1,0.89,6.725
Maharashtra,Pune,Rice,Kharif,172.53,795.6,25.2,7.16,141.5,2.62,8.762
Uttar Pradesh,Varanasi,Cotton,Kharif,55.03,731.8,23.3,6.8,282.5,0.88,6.327
Bihar,Patna,Cotton,Kharif,340.66,1090.5,30.0,7.51,117.6,1.2,5.443
Madhya Pradesh,Jabalpur,Mustard,Rabi,123.91,870.0,31.6,6.59,144.9,3.52,5.034
Odisha,Cuttack,Rice,Kharif,726.32,1554.4,29.9,5.66,143.8,1.19,11.529
Tamil Nadu,Thanjavur,Groundnut,Kharif,283.87,1359.1,33.5,6.21,140.0,0.3,6.649
Madhya Pradesh,Indore,Rice,Kharif,552.21,635.7,22.0,7.46,138.0,5.69,8.531
Punjab,Amritsar,Cotton,Kharif,378.98,526.6,17.8,7.17,280.2,3.2,5.597
Rajasthan,Jodhpur,Maize,Kharif,452.13,138.3,29.9,7.61,88.8,4.12,5.749
Uttar Pradesh,Varanasi,Maize,Kharif,107.15,746.5,24.1,6.89,179.9,7.54,9.141
Odisha,Puri,Sugarcane,Whole Year,776.69,1424.3,30.4,5.82,102.8,1.23,13.0
Rajasthan,Bikaner,Rice,Kharif,231.72,309.9,35.3,8.09,23.2,5.17,4.404
Maharashtra,Nashik,Sugarcane,Whole Year,517.02,993.0,25.5,7.08,114.6,6.13,13.0
Karnataka,Dharwad,Groundnut,Kharif,3.99,727.2,28.9,6.26,118.7,0.32,5.214
Tamil Nadu,Madurai,Rice,Kharif,315.08,1035.1,29.8,6.94,162.5,2.77,10.519
West Bengal,Burdwan,Sugarcane,Whole Year,97.93,1242.3,26.9,5.82,102.7,6.9,13.0
Assam,Kamrup,Barley,Rabi,21.81,2532.6,28.4,5.04,103.0,2.98,6.283
Madhya Pradesh,Jabalpur,Mustard,Rabi,586.71,591.0,31.1,6.59,104.0,9.77,4.264
Gujarat,Rajkot,Mustard,Rabi,24.5,831.2,33.8,7.88,155.2,9.19,4.665
Gujarat,Rajkot,Wheat,Rabi,481.49,760.8,25.7,6.97,140.1,4.28,8.069
Jharkhand,Ranchi,Soybean,Kharif,58.23,1218.9,17.5,6.69,70.1,11.07,5.952
Odisha,Puri,Chickpea,Rabi,122.53,1198.0,31.2,5.31,161.7,17.57,4.089
Uttar Pradesh,Varanasi,Barley,Rabi,282.93,775.2,21.4,7.59,100.1,4.85,6.329
Punjab,Amritsar,Cotton,Kharif,47.76,623.9,23.2,7.08,185.6,0.74,4.699
Punjab,Patiala,Rice,Kharif,32.29,583.7,27.1,6.24,159.2,11.08,8.418
Rajasthan,Jodhpur,Rice,Kharif,176.49,325.0,29.2,7.82,25.0,0.79,4.904
Uttar Pradesh,Kanpur,Maize,Kharif,56.08,1149.7,33.1,6.14,176.7,0.52,9.649
Uttar Pradesh,Kanpur,Soybean,Kharif,10.21,1007.6,30.3,6.86,122.6,0.1,5.392
Odisha,Puri,Groundnut,Kharif,111.22,1530.4,27.1,5.52,145.6,0.72,7.075
Madhya Pradesh,Bhopal,Chickpea,Rabi,311.13,808.2,36.5,6.84,89.9,2.12,3.038
Odisha,Sambalpur,Wheat,Rabi,172.88,1399.7,20.7,6.25,59.6,0.81,8.031
Gujarat,Surat,Sugarcane,Whole Year,187.28,836.7,35.1,7.02,168.8,3.88,13.0
West Bengal,Burdwan,Soybean,Kharif,110.1,1250.5,27.3,6.73,178.5,8.99,7.1
Haryana,Rohtak,Chickpea,Rabi,94.58,438.4,18.6,7.26,214.9,0.92,4.18
Tamil Nadu,Coimbatore,Cotton,Kharif,363.44,706.8,28.8,7.09,95.4,0.71,3.762
Madhya Pradesh,Indore,Chickpea,Rabi,442.03,688.6,26.1,6.62,27.7,0.26,2.716
Uttar Pradesh,Kanpur,Wheat,Rabi,10.96,1014.6,28.9,6.7,125.6,11.77,7.911
Tamil Nadu,Madurai,Sugarcane,Whole Year,27.96,1290.6,33.1,6.18,85.6,0.93,13.0
Jharkhand,Dhanbad,Chickpea,Rabi,27.33,1282.5,38.7,5.78,136.4,0.1,3.444
Assam,Jorhat,Barley,Rabi,307.21,2872.5,25.7,4.76,27.1,0.3,5.387
Punjab,Amritsar,Barley,Rabi,13.99,509.0,19.7,6.99,161.4,0.12,6.385
Tamil Nadu,Thanjavur,Wheat,Rabi,701.82,1333.4,29.5,6.39,197.7,5.24,10.463
Tamil Nadu,Thanjavur,Wheat,Rabi,800.47,1171.4,24.5,7.15,160.1,1.85,9.123
Bihar,Patna,Wheat,Rabi,209.04,1090.9,29.3,6.53,81.3,6.37,7.547
Jharkhand,Hazaribag,Cotton,Kharif,222.73,994.5,19.0,6.18,147.5,1.73,5.075
Bihar,Gaya,Cotton,Kharif,82.8,1048.7,33.8,7.04,164.8,1.81,5.548
Tamil Nadu,Thanjavur,Soybean,Kharif,46.07,1042.7,35.7,6.79,151.7,1.31,5.473
Assam,Nagaon,Rice,Kharif,37.84,1847.0,28.3,5.6,113.2,3.98,11.382
Assam,Nagaon,Soybean,Kharif,448.84,2190.8,25.5,6.14,87.4,11.84,6.982
Odisha,Sambalpur,Maize,Kharif,428.09,1392.4,29.4,6.01,105.7,0.39,9.241
Jharkhand,Hazaribag,Groundnut,Kharif,373.99,1004.4,30.1,5.77,105.1,10.17,5.584
West Bengal,Burdwan,Barley,Rabi,620.34,1632.7,29.0,5.29,53.0,2.31,6.074
Maharashtra,Pune,Barley,Rabi,187.65,863.6,35.8,6.56,135.4,0.58,5.613
Tamil Nadu,Madurai,Groundnut,Kharif,92.41,1259.3,29.6,6.22,173.3,4.87,7.149
Odisha,Sambalpur,Cotton,Kharif,160.36,1560.4,34.9,5.86,96.0,2.1,5.716
Punjab,Patiala,Sugarcane,Whole Year,410.01,687.7,23.9,7.39,181.7,3.21,13.0
Punjab,Patiala,Soybean,Kharif,72.44,644.1,14.6,8.07,220.9,2.72,5.094
Maharashtra,Nagpur,Soybean,Kharif,48.15,900.0,34.1,6.97,184.2,1.6,5.862
Gujarat,Ahmedabad,Soybean,Kharif,162.58,521.9,33.3,6.64,230.8,2.55,5.456
Madhya Pradesh,Indore,Rice,Kharif,58.1,1047.2,28.9,7.39,119.1,1.41,9.338
Haryana,Karnal,Mustard,Rabi,25.83,562.7,29.6,7.35,192.8,0.1,4.804
Madhya Pradesh,Bhopal,Groundnut,Kharif,126.19,900.3,36.7,6.8,178.7,2.87,6.143
Bihar,Muzaffarpur,Wheat,Rabi,304.16,1162.7,28.9,7.08,176.4,1.98,8.768
Madhya Pradesh,Jabalpur,Cotton,Kharif,69.16,1072.4,34.1,7.48,171.3,1.5,5.365
Gujarat,Rajkot,Mustard,Rabi,122.44,617.6,35.3,7.25,148.8,0.1,4.146
Maharashtra,Nashik,Barley,Rabi,46.41,1556.9,33.0,7.08,97.4,0.27,6.351
Haryana,Karnal,Barley,Rabi,3.34,662.3,25.2,7.56,201.7,0.72,6.329
Madhya Pradesh,Indore,Mustard,Rabi,93.71,1139.9,27.0,6.52,81.1,1.56,4.298
Andhra Pradesh,Guntur,Chickpea,Rabi,453.11,1060.9,31.1,6.37,66.3,1.11,2.913
West Bengal,Burdwan,Barley,Rabi,32.37,1262.5,27.4,6.0,203.3,4.47,8.301
Jharkhand,Ranchi,Cotton,Kharif,186.06,1172.7,23.1,5.53,91.4,3.99,5.15
Rajasthan,Jodhpur,Barley,Rabi,189.93,387.0,36.8,7.17,163.7,3.55,5.465
Andhra Pradesh,Krishna,Maize,Kharif,219.84,693.3,22.9,7.15,170.2,8.05,8.728
Assam,Nagaon,Barley,Rabi,25.97,2097.9,25.8,5.63,38.4,0.12,5.989
Andhra Pradesh,Kurnool,Groundnut,Kharif,230.65,884.0,27.0,6.7,121.2,2.67,5.423
Uttar Pradesh,Agra,Sugarcane,Whole Year,15.66,958.6,18.4,6.04,238.6,2.85,13.0
Rajasthan,Bikaner,Maize,Kharif,185.09,115.7,25.7,7.7,140.5,7.91,6.086
Maharashtra,Nashik,Wheat,Rabi,171.81,807.8,36.5,6.84,144.5,3.6,7.647
Gujarat,Rajkot,Cotton,Kharif,182.9,567.3,28.1,7.29,127.1,0.29,3.954
Tamil Nadu,Madurai,Cotton,Kharif,255.96,814.5,27.3,6.85,141.3,4.8,5.556
Maharashtra,Pune,Sugarcane,Whole Year,56.13,851.9,27.5,6.52,139.6,6.77,13.0
Madhya Pradesh,Indore,Groundnut,Kharif,53.2,922.0,17.2,6.71,180.2,1.08,5.89
Odisha,Cuttack,Chickpea,Rabi,284.13,1196.9,37.0,6.6,94.0,1.36,3.293
West Bengal,Nadia,Cotton,Kharif,32.66,1337.3,33.0,6.75,124.6,2.03,5.647
Jharkhand,Hazaribag,Mustard,Rabi,48.16,1407.7,25.1,6.63,120.8,4.41,6.335
Bihar,Muzaffarpur,Barley,Rabi,549.48,1149.6,28.2,6.67,128.5,1.05,6.391
Rajasthan,Jaipur,Wheat,Rabi,10.26,409.6,25.7,7.72,154.0,3.29,6.509
Madhya Pradesh,Jabalpur,Sugarcane,Whole Year,23.91,763.4,21.8,6.97,125.2,4.36,13.0
Maharashtra,Nashik,Barley,Rabi,73.07,1055.1,32.8,6.93,176.9,0.86,7.103
Haryana,Rohtak,Barley,Rabi,264.96,404.8,24.6,7.69,242.9,1.6,7.053
Odisha,Puri,Sugarcane,Whole Year,5.74,1397.4,27.6,5.74,70.9,0.52,13.0
Bihar,Patna,Sugarcane,Whole Year,32.68,1132.7,23.7,6.26,80.7,3.33,13.0
Karnataka,Mysuru,Cotton,Kharif,252.96,965.9,27.7,6.22,85.3,3.31,4.623
Andhra Pradesh,Krishna,Rice,Kharif,227.93,726.4,29.5,7.4,155.6,5.62,8.418
Uttar Pradesh,Varanasi,Maize,Kharif,622.07,643.7,20.4,7.24,135.4,1.87,8.018
Uttar Pradesh,Kanpur,Sugarcane,Whole Year,272.69,816.7,20.1,5.71,132.9,3.14,13.0
Tamil Nadu,Madurai,Mustard,Rabi,70.7,1550.6,28.5,6.85,93.9,0.2,5.318
Assam,Kamrup,Chickpea,Rabi,1383.45,1247.1,29.0,5.33,64.2,5.52,3.567
Bihar,Muzaffarpur,Sugarcane,Whole Year,233.02,843.2,36.5,6.08,141.4,11.24,13.0
Punjab,Ludhiana,Maize,Kharif,33.41,378.2,25.9,7.22,308.6,2.37,9.876
Andhra Pradesh,Guntur,Chickpea,Rabi,195.91,569.8,31.4,6.9,122.7,2.21,2.666
Rajasthan,Jaipur,Soybean,Kharif,301.91,237.8,33.7,6.57,58.9,3.08,2.787
Madhya Pradesh,Indore,Barley,Rabi,195.24,794.2,26.8,6.86,143.1,3.84,6.021
Bihar,Gaya,Groundnut,Kharif,657.97,1090.3,28.5,6.99,123.8,0.29,6.05
Haryana,Hisar,Groundnut,Kharif,767.54,584.7,29.7,6.89,187.6,1.65,5.847
Karnataka,Mysuru,Maize,Kharif,43.78,713.1,22.1,6.07,125.6,8.04,7.709
Maharashtra,Pune,Barley,Rabi,1111.77,1058.3,31.1,7.04,132.1,0.43,6.438
Karnataka,Mysuru,Maize,Kharif,409.42,1061.5,27.0,6.36,122.0,9.82,8.59
Madhya Pradesh,Bhopal,Cotton,Kharif,120.33,1043.4,12.0,7.49,141.9,5.95,4.399
Karnataka,Mysuru,Mustard,Rabi,151.09,938.9,24.5,6.79,145.5,5.58,5.659
Gujarat,Rajkot,Mustard,Rabi,6.36,766.9,37.7,7.46,100.6,0.44,3.342
Madhya Pradesh,Jabalpur,Sugarcane,Whole Year,12.54,603.6,25.1,7.16,102.3,4.59,11.846
Tamil Nadu,Madurai,Chickpea,Rabi,10.78,1329.2,32.5,6.71,115.2,1.21,3.636
Odisha,Sambalpur,Barley,Rabi,4.99,1191.7,28.9,5.88,111.4,0.27,6.329
Uttar Pradesh,Kanpur,Wheat,Rabi,8.84,873.9,28.2,6.83,201.9,12.82,9.033
West Bengal,Nadia,Maize,Kharif,155.33,1229.0,32.0,6.44,152.1,3.05,9.632
Maharashtra,Nagpur,Rice,Kharif,58.97,1405.5,34.6,6.6,71.7,7.55,9.975
West Bengal,Nadia,Wheat,Rabi,60.33,1370.0,23.8,5.49,115.5,4.54,9.109
Jharkhand,Hazaribag,Wheat,Rabi,485.61,1284.9,27.2,5.07,82.4,0.67,7.474
Odisha,Puri,Soybean,Kharif,79.88,1405.0,29.5,6.47,97.8,4.27,6.512
Karnataka,Mysuru,Chickpea,Rabi,43.22,779.3,30.2,6.37,168.0,12.77,3.889
Jharkhand,Hazaribag,Mustard,Rabi,62.6,866.3,27.7,4.36,132.8,10.12,4.386
Haryana,Karnal,Cotton,Kharif,578.23,627.8,26.3,7.8,202.0,1.12,5.216
Jharkhand,Dhanbad,Maize,Kharif,88.04,943.1,20.7,5.56,85.6,0.8,6.543
Haryana,Hisar,Cotton,Kharif,3.67,477.4,30.6,7.88,194.0,5.67,5.002
Odisha,Cuttack,Groundnut,Kharif,80.37,1266.5,31.8,7.54,129.9,0.81,6.269
Jharkhand,Dhanbad,Chickpea,Rabi,37.45,1312.4,28.3,4.44,100.8,7.06,3.634
West Bengal,Nadia,Sugarcane,Whole Year,87.2,1506.0,32.0,6.91,119.3,2.16,13.0
Tamil Nadu,Thanjavur,Wheat,Rabi,577.67,895.1,29.3,6.67,133.5,3.3,8.154
Jharkhand,Ranchi,Maize,Kharif,21.56,1358.3,22.9,5.72,171.6,1.07,9.567
Jharkhand,Ranchi,Cotton,Kharif,76.78,1669.8,31.7,5.25,103.2,0.18,5.194
Karnataka,Dharwad,Sugarcane,Whole Year,358.44,804.1,34.7,7.07,166.5,1.19,13.0
Assam,Nagaon,Soybean,Kharif,9.4,1607.9,23.3,5.06,88.0,0.41,6.305
Tamil Nadu,Thanjavur,Mustard,Rabi,860.82,776.2,24.4,5.81,87.6,1.59,4.058
Jharkhand,Ranchi,Mustard,Rabi,348.52,767.7,27.6,7.55,115.3,2.46,4.521
Odisha,Puri,Chickpea,Rabi,37.32,1506.0,30.7,6.52,108.6,1.32,3.847
Uttar Pradesh,Varanasi,Mustard,Rabi,409.33,967.3,32.3,6.77,145.8,0.1,4.55
Rajasthan,Jaipur,Maize,Kharif,9.55,274.9,27.8,7.53,138.5,0.1,6.261
Maharashtra,Nashik,Rice,Kharif,150.68,851.7,22.7,6.87,133.0,0.1,8.153
West Bengal,Nadia,Chickpea,Rabi,63.66,1134.2,24.5,6.39,70.2,16.52,3.586
Andhra Pradesh,Krishna,Rice,Kharif,57.11,699.1,28.5,6.31,112.0,4.04,7.964
Odisha,Cuttack,Rice,Kharif,379.68,1054.9,28.0,5.36,115.5,0.54,9.258
Odisha,Sambalpur,Mustard,Rabi,324.04,1072.5,23.0,6.86,100.9,4.45,5.238
Punjab,Amritsar,Mustard,Rabi,159.38,586.1,18.0,7.23,165.6,0.34,5.039
Gujarat,Surat,Barley,Rabi,155.75,842.1,29.7,7.92,203.4,9.17,7.153
Tamil Nadu,Coimbatore,Soybean,Kharif,21.81,1202.8,30.0,7.64,151.4,7.65,6.27
Gujarat,Ahmedabad,Sugarcane,Whole Year,169.46,748.0,30.1,6.77,102.9,0.99,13.0
Rajasthan,Bikaner,Chickpea,Rabi,107.8,396.5,37.9,7.82,117.1,1.3,2.122
Maharashtra,Nashik,Mustard,Rabi,44.05,872.1,23.0,5.91,148.3,1.58,4.935
Andhra Pradesh,Guntur,Soybean,Kharif,59.52,1251.9,28.5,6.96,86.7,1.63,5.731
Bihar,Patna,Groundnut,Kharif,162.33,1270.8,35.9,7.54,137.7,6.81,6.704
Madhya Pradesh,Bhopal,Rice,Kharif,17.51,804.1,35.7,7.23,141.0,1.98,8.101
Karnataka,Mysuru,Wheat,Rabi,103.68,1031.4,32.2,6.31,184.1,2.82,8.86
Gujarat,Ahmedabad,Sugarcane,Whole Year,1.46,709.4,25.9,7.29,130.5,1.08,12.6
Gujarat,Rajkot,Rice,Kharif,202.82,726.1,30.2,7.47,144.4,5.42,8.356
West Bengal,Burdwan,Rice,Kharif,542.03,1713.7,29.3,6.5,159.7,4.1,11.919
Andhra Pradesh,Guntur,Rice,Kharif,164.3,830.5,31.6,6.92,106.4,0.8,7.972
West Bengal,Nadia,Mustard,Rabi,301.51,1674.6,27.6,6.37,132.9,1.66,6.271
Maharashtra,Nagpur,Soybean,Kharif,321.63,1130.2,36.7,6.71,180.1,3.65,7.147
Haryana,Hisar,Chickpea,Rabi,214.46,519.5,30.5,7.11,219.8,6.49,4.397
Gujarat,Surat,Rice,Kharif,417.99,481.4,21.5,6.75,150.6,2.97,7.616
Jharkhand,Dhanbad,Maize,Kharif,23.6,1083.5,28.1,6.43,77.6,0.97,7.413
Uttar Pradesh,Agra,Barley,Rabi,6.88,1143.8,21.9,7.38,177.4,1.81,7.64
Jharkhand,Dhanbad,Maize,Kharif,6.58,1308.5,27.2,4.82,123.9,3.85,9.622
Odisha,Sambalpur,Mustard,Rabi,525.78,1318.9,39.4,5.03,195.0,1.04,5.562
Uttar Pradesh,Varanasi,Sugarcane,Whole Year,241.62,614.7,27.0,7.21,152.5,16.55,13.0
Gujarat,Ahmedabad,Cotton,Kharif,93.95,475.0,24.7,6.64,139.6,5.63,4.231
Gujarat,Surat,Mustard,Rabi,252.67,793.3,32.9,7.43,138.8,0.41,4.611
Karnataka,Dharwad,Rice,Kharif,284.58,970.9,24.6,6.08,120.6,0.33,8.614
West Bengal,Burdwan,Mustard,Rabi,112.09,1556.2,19.5,6.95,131.4,10.72,5.869
Andhra Pradesh,Kurnool,Sugarcane,Whole Year,179.51,663.4,33.2,7.25,193.6,0.37,13.0
Odisha,Puri,Rice,Kharif,103.93,1416.2,28.7,6.14,121.0,3.26,10.702
Tamil Nadu,Madurai,Sugarcane,Whole Year,432.7,1243.6,35.8,6.82,125.1,3.03,13.0
Andhra Pradesh,Guntur,Groundnut,Kharif,24.26,736.7,24.5,6.25,183.0,5.45,6.11
Odisha,Sambalpur,Sugarcane,Whole Year,172.22,1676.8,20.8,6.06,141.9,4.27,13.0
Andhra Pradesh,Kurnool,Mustard,Rabi,189.79,796.4,38.0,7.0,178.4,2.57,5.275
Odisha,Cuttack,Groundnut,Kharif,45.08,1435.8,29.3,5.25,52.9,0.26,5.375
Tamil Nadu,Thanjavur,Cotton,Kharif,154.66,1211.5,30.3,5.76,147.3,4.78,6.036
West Bengal,Murshidabad,Chickpea,Rabi,11.52,1670.7,33.0,6.39,107.0,7.58,4.566
Haryana,Rohtak,Maize,Kharif,39.53,515.0,31.4,7.43,196.0,1.2,8.177
Maharashtra,Nashik,Barley,Rabi,27.65,1085.8,24.6,6.31,101.8,10.22,6.595
Andhra Pradesh,Kurnool,Mustard,Rabi,442.03,1069.0,26.8,7.05,144.8,9.67,5.781
Andhra Pradesh,Krishna,Cotton,Kharif,309.35,888.2,29.1,6.74,90.7,1.32,4.58
West Bengal,Burdwan,Mustard,Rabi,47.65,1337.5,25.9,6.51,95.2,10.97,5.049
Uttar Pradesh,Varanasi,Wheat,Rabi,32.21,816.9,19.6,6.88,112.8,3.74,7.65
Tamil Nadu,Madurai,Wheat,Rabi,987.14,1341.3,29.2,6.18,199.2,0.84,10.267
Haryana,Hisar,Rice,Kharif,79.53,460.8,20.2,7.53,135.0,6.01,7.018
Tamil Nadu,Madurai,Wheat,Rabi,394.47,782.6,25.7,6.09,137.2,4.31,7.854
Tamil Nadu,Thanjavur,Wheat,Rabi,312.76,1187.7,31.8,7.21,80.9,4.18,7.247
Madhya Pradesh,Indore,Wheat,Rabi,270.66,758.3,25.1,7.02,75.0,1.02,6.657
Bihar,Gaya,Barley,Rabi,273.76,1101.5,22.3,6.48,97.6,13.31,6.796
Assam,Jorhat,Barley,Rabi,113.14,2303.4,24.7,5.99,37.3,8.37,6.299
Haryana,Hisar,Maize,Kharif,40.37,491.4,28.2,7.33,190.6,10.54,8.288
Bihar,Muzaffarpur,Soybean,Kharif,15.4,1245.8,26.7,5.99,128.6,1.78,6.305
Punjab,Ludhiana,Chickpea,Rabi,267.49,655.6,23.5,7.14,250.6,0.48,3.761
Madhya Pradesh,Jabalpur,Maize,Kharif,121.85,915.8,30.4,6.53,71.0,0.53,6.972
Madhya Pradesh,Indore,Sugarcane,Whole Year,104.94,855.1,24.8,6.93,164.6,1.3,13.0
Rajasthan,Jodhpur,Chickpea,Rabi,468.48,240.3,27.6,7.8,91.2,2.95,2.222
Tamil Nadu,Thanjavur,Wheat,Rabi,84.92,1001.7,32.8,6.51,126.3,3.9,7.774
Karnataka,Mysuru,Mustard,Rabi,502.61,972.4,25.9,6.48,157.9,5.06,5.533
Punjab,Amritsar,Barley,Rabi,20.56,493.6,19.0,6.76,185.3,2.58,6.792
Maharashtra,Nagpur,Groundnut,Kharif,377.75,1211.6,28.0,7.07,139.1,7.67,6.613
Uttar Pradesh,Kanpur,Barley,Rabi,47.91,737.0,33.1,7.31,152.2,0.38,6.041
Tamil Nadu,Thanjavur,Sugarcane,Whole Year,449.29,892.2,24.7,7.06,110.2,3.98,13.0
Gujarat,Ahmedabad,Cotton,Kharif,499.31,616.5,27.7,7.03,120.4,0.28,4.581
Punjab,Patiala,Maize,Kharif,208.03,397.1,22.1,6.9,147.8,3.01,6.888
Gujarat,Ahmedabad,Sugarcane,Whole Year,5.47,765.0,23.1,7.75,195.5,8.03,13.0
Haryana,Rohtak,Barley,Rabi,80.75,461.3,26.1,6.89,151.6,11.26,5.583
Gujarat,Rajkot,Chickpea,Rabi,87.61,792.9,38.2,7.18,143.7,0.1,2.428
Rajasthan,Jaipur,Mustard,Rabi,133.47,376.5,31.8,7.46,145.6,2.43,3.51
Uttar Pradesh,Kanpur,Rice,Kharif,21.97,867.9,27.3,6.47,216.8,2.98,10.305
Maharashtra,Pune,Rice,Kharif,179.33,1019.5,23.8,6.94,111.9,2.52,9.784
Odisha,Puri,Wheat,Rabi,170.84,1629.6,27.7,5.82,125.9,5.12,9.117
Maharashtra,Nashik,Rice,Kharif,160.55,676.2,19.3,6.0,146.6,0.37,7.861
Bihar,Patna,Mustard,Rabi,50.59,838.1,34.8,7.24,199.2,6.58,5.863
Punjab,Amritsar,Groundnut,Kharif,443.91,617.0,22.0,7.27,278.5,7.94,6.48
Haryana,Rohtak,Groundnut,Kharif,39.65,618.8,20.9,7.49,130.1,1.49,5.022
Uttar Pradesh,Agra,Cotton,Kharif,198.11,1110.8,20.5,8.02,118.7,4.51,5.273
Tamil Nadu,Coimbatore,Cotton,Kharif,108.99,1056.6,28.9,6.44,173.6,12.15,6.308
Karnataka,Dharwad,Groundnut,Kharif,92.38,1025.3,19.0,6.01,123.0,1.47,5.54
Bihar,Muzaffarpur,Mustard,Rabi,41.38,766.3,29.0,6.98,176.5,2.73,4.954
Assam,Kamrup,Sugarcane,Whole Year,30.42,1786.3,20.8,5.52,86.0,2.54,13.0
Bihar,Muzaffarpur,Chickpea,Rabi,5.84,925.1,28.7,6.16,166.4,1.88,3.337
Maharashtra,Pune,Mustard,Rabi,167.79,504.5,30.8,6.6,180.4,2.7,4.522
Andhra Pradesh,Kurnool,Barley,Rabi,1.97,1350.0,32.3,6.99,142.6,1.0,6.93
Maharashtra,Nagpur,Barley,Rabi,219.19,931.6,32.4,7.28,169.7,1.71,6.912
Uttar Pradesh,Varanasi,Wheat,Rabi,37.37,343.7,23.3,7.38,142.4,1.52,6.851
Karnataka,Mysuru,Sugarcane,Whole Year,353.26,957.8,27.3,6.13,145.1,1.59,13.0
Maharashtra,Nagpur,Chickpea,Rabi,246.47,869.9,33.6,5.21,117.9,0.33,3.073
Punjab,Patiala,Groundnut,Kharif,758.62,759.6,24.2,6.75,172.5,1.04,5.596
Andhra Pradesh,Guntur,Maize,Kharif,390.05,728.7,30.3,7.59,183.3,2.8,9.144
Madhya Pradesh,Bhopal,Maize,Kharif,145.85,851.2,44.3,7.65,80.3,7.88,6.747
Jharkhand,Hazaribag,Barley,Rabi,589.79,977.2,28.3,4.93,94.6,7.49,5.672
Bihar,Patna,Sugarcane,Whole Year,1082.94,1009.6,24.7,7.57,181.9,5.95,13.0
Rajasthan,Jaipur,Cotton,Kharif,353.55,336.9,24.4,7.75,140.1,4.58,4.06
Assam,Kamrup,Chickpea,Rabi,41.42,1521.8,23.8,5.26,133.1,2.95,4.37
Bihar,Muzaffarpur,Cotton,Kharif,763.13,1339.1,29.4,5.74,152.2,4.26,6.306
Punjab,Amritsar,Maize,Kharif,297.46,501.0,32.5,7.33,196.5,0.46,8.024
Haryana,Rohtak,Rice,Kharif,433.27,613.5,24.0,7.61,229.0,3.97,9.455
Haryana,Rohtak,Groundnut,Kharif,10.01,639.3,20.7,7.55,229.7,15.17,6.527
Odisha,Cuttack,Wheat,Rabi,651.83,1031.7,25.3,5.53,73.0,3.02,6.684
Bihar,Muzaffarpur,Chickpea,Rabi,90.47,964.7,20.6,6.64,125.0,1.11,3.516
Andhra Pradesh,Guntur,Maize,Kharif,8.22,1010.2,23.8,6.41,143.3,6.14,9.064
Maharashtra,Nagpur,Mustard,Rabi,293.59,1480.1,31.4,6.79,144.5,5.0,6.402
Madhya Pradesh,Bhopal,Mustard,Rabi,135.62,791.1,26.3,6.78,181.5,0.72,5.488
West Bengal,Burdwan,Sugarcane,Whole Year,298.79,2046.4,32.0,5.66,150.6,0.1,13.0
Bihar,Patna,Barley,Rabi,311.32,1192.2,27.2,6.45,125.6,2.64,7.127
Jharkhand,Ranchi,Barley,Rabi,197.92,1290.3,29.7,5.0,123.5,12.19,6.981
Maharashtra,Nashik,Chickpea,Rabi,40.48,918.3,26.5,7.95,125.3,0.1,3.147
Rajasthan,Jaipur,Groundnut,Kharif,116.72,135.6,39.3,7.36,49.9,1.36,2.872
Tamil Nadu,Madurai,Cotton,Kharif,139.99,1019.7,33.7,6.38,146.5,3.56,5.56
Karnataka,Raichur,Soybean,Kharif,8.75,836.3,33.6,7.33,148.1,8.94,5.668
Odisha,Puri,Mustard,Rabi,16.79,1465.5,19.4,5.5,85.8,2.89,5.195
Uttar Pradesh,Agra,Soybean,Kharif,22.25,818.4,27.5,7.24,128.7,1.54,5.094
Assam,Jorhat,Groundnut,Kharif,117.86,2264.7,24.5,6.43,73.0,1.49,6.623
Rajasthan,Bikaner,Soybean,Kharif,233.94,318.2,29.4,7.71,126.6,0.7,3.603
Odisha,Puri,Rice,Kharif,93.91,1266.8,30.9,5.44,148.7,2.22,10.525
Uttar Pradesh,Agra,Mustard,Rabi,808.51,444.8,34.0,5.66,159.1,5.21,4.244
Tamil Nadu,Thanjavur,Wheat,Rabi,212.1,1182.0,26.3,6.8,146.0,1.14,9.028
Haryana,Karnal,Maize,Kharif,38.21,522.0,29.6,7.72,216.9,12.09,8.889
Gujarat,Surat,Sugarcane,Whole Year,8.5,674.8,16.0,8.13,167.3,4.47,13.0
Gujarat,Surat,Groundnut,Kharif,61.04,586.6,35.6,6.85,73.1,5.08,3.97
Bihar,Muzaffarpur,Mustard,Rabi,30.33,819.8,20.9,6.81,143.5,0.87,4.786
Andhra Pradesh,Krishna,Chickpea,Rabi,392.24,916.0,29.6,6.32,171.3,7.31,4.089
Andhra Pradesh,Kurnool,Maize,Kharif,383.36,859.9,29.2,7.05,115.8,5.28,8.239
Rajasthan,Jaipur,Groundnut,Kharif,239.34,579.6,33.3,8.25,130.3,1.02,4.64
Karnataka,Raichur,Groundnut,Kharif,117.31,997.6,20.2,6.28,150.1,1.38,5.853
Gujarat,Rajkot,Mustard,Rabi,184.58,630.2,32.0,6.92,126.5,1.84,3.924
Andhra Pradesh,Guntur,Wheat,Rabi,81.37,1048.0,33.1,7.24,164.9,7.46,8.911
Jharkhand,Hazaribag,Soybean,Kharif,458.7,1282.7,25.4,5.32,100.5,2.32,6.233
Karnataka,Dharwad,Sugarcane,Whole Year,154.64,767.5,31.4,6.14,139.0,0.55,13.0
Jharkhand,Dhanbad,Rice,Kharif,196.99,1344.3,25.6,6.01,102.5,5.29,10.217
Punjab,Patiala,Chickpea,Rabi,311.54,582.2,23.1,6.96,213.1,0.64,4.161
Andhra Pradesh,Krishna,Groundnut,Kharif,328.88,797.7,34.4,6.43,91.3,1.17,5.01
Madhya Pradesh,Bhopal,Rice,Kharif,141.05,903.9,26.3,7.31,126.1,2.75,8.421
Uttar Pradesh,Varanasi,Mustard,Rabi,152.21,818.1,33.4,7.3,127.6,11.01,4.535
Rajasthan,Jodhpur,Chickpea,Rabi,494.24,269.6,31.6,7.16,68.8,6.7,2.38
Haryana,Hisar,Maize,Kharif,665.83,751.2,19.3,7.45,141.8,1.31,7.906
West Bengal,Murshidabad,Groundnut,Kharif,56.93,1080.8,24.8,6.55,147.6,6.76,6.029
Rajasthan,Bikaner,Wheat,Rabi,145.4,517.1,40.5,7.63,147.5,0.1,6.456
Jharkhand,Ranchi,Wheat,Rabi,141.68,1215.4,24.4,5.98,98.0,2.81,8.034
Bihar,Patna,Chickpea,Rabi,144.39,1381.7,26.6,7.35,150.4,1.08,4.522
Jharkhand,Hazaribag,Wheat,Rabi,97.4,1217.8,28.7,5.21,90.2,10.02,7.663
Andhra Pradesh,Guntur,Soybean,Kharif,198.62,1088.7,21.5,6.25,104.2,6.35,6.135
Andhra Pradesh,Kurnool,Barley,Rabi,191.89,1053.3,29.2,6.28,123.2,5.29,6.179
Punjab,Patiala,Sugarcane,Whole Year,706.23,653.0,25.5,7.59,196.1,2.43,13.0
Haryana,Karnal,Groundnut,Kharif,0.3,371.2,14.1,6.57,195.6,1.29,4.452
Bihar,Gaya,Sugarcane,Whole Year,536.17,776.6,25.4,7.12,208.4,1.1,13.0
Bihar,Gaya,Cotton,Kharif,435.49,1188.8,27.1,7.02,195.1,3.83,6.276
West Bengal,Burdwan,Rice,Kharif,897.66,1733.4,25.7,6.93,81.9,6.32,11.252
Uttar Pradesh,Kanpur,Rice,Kharif,230.06,828.2,17.6,7.01,211.2,3.1,9.489
Assam,Kamrup,Soybean,Kharif,514.34,2472.8,22.1,5.14,64.3,5.04,6.89
Madhya Pradesh,Indore,Groundnut,Kharif,186.8,611.0,20.1,7.33,151.1,0.1,4.958
Rajasthan,Jodhpur,Wheat,Rabi,125.71,396.0,32.5,7.13,127.8,2.01,6.128
Karnataka,Mysuru,Maize,Kharif,452.18,950.1,20.2,6.68,106.3,0.73,7.48
Tamil Nadu,Thanjavur,Groundnut,Kharif,85.53,722.3,28.0,6.42,175.4,0.1,5.487
Haryana,Hisar,Wheat,Rabi,99.56,555.5,15.7,7.66,241.0,0.44,8.629
Tamil Nadu,Coimbatore,Barley,Rabi,171.74,1297.1,32.6,7.36,142.8,1.01,6.858
Odisha,Cuttack,Mustard,Rabi,574.72,1986.8,29.5,5.67,102.7,5.2,5.596
Karnataka,Mysuru,Cotton,Kharif,108.52,1037.7,36.3,6.8,117.0,1.99,4.923
West Bengal,Nadia,Soybean,Kharif,98.33,1699.6,29.3,6.42,179.3,2.45,7.819
Karnataka,Dharwad,Groundnut,Kharif,396.91,921.1,27.0,6.08,168.2,1.01,6.339
Madhya Pradesh,Indore,Wheat,Rabi,381.89,762.5,35.7,7.05,154.9,1.57,7.391
Assam,Jorhat,Soybean,Kharif,315.34,1887.9,24.9,6.54,111.4,6.75,7.693
Punjab,Patiala,Maize,Kharif,396.86,639.4,16.1,6.76,186.9,0.77,8.191
Madhya Pradesh,Jabalpur,Maize,Kharif,45.42,1028.0,29.0,8.32,119.1,7.07,8.448
Punjab,Patiala,Groundnut,Kharif,92.71,659.6,28.4,7.31,223.1,0.7,5.742
Maharashtra,Pune,Cotton,Kharif,589.48,1088.4,37.1,6.15,176.8,1.7,5.914
Rajasthan,Jodhpur,Chickpea,Rabi,126.41,457.7,22.3,7.59,101.5,3.8,2.868
Bihar,Patna,Maize,Kharif,32.7,1328.5,32.5,6.73,173.5,0.75,9.641
Rajasthan,Jodhpur,Sugarcane,Whole Year,139.86,337.7,43.5,7.12,43.5,0.28,8.549
Maharashtra,Pune,Chickpea,Rabi,99.83,1269.4,27.0,6.69,116.3,1.69,4.445
Odisha,Puri,Cotton,Kharif,204.04,1409.1,24.9,5.29,86.4,2.14,5.591
Jharkhand,Hazaribag,Soybean,Kharif,11.88,866.1,26.8,5.53,108.1,7.04,4.967
Uttar Pradesh,Agra,Rice,Kharif,467.31,684.4,27.6,7.39,197.8,0.1,9.209
Tamil Nadu,Thanjavur,Soybean,Kharif,38.8,950.5,29.0,6.15,119.9,2.04,5.429
Odisha,Puri,Wheat,Rabi,678.59,1569.9,32.5,6.57,109.8,1.57,9.062
Jharkhand,Dhanbad,Sugarcane,Whole Year,799.18,1445.9,29.8,6.32,79.5,4.2,13.0
Rajasthan,Jodhpur,Wheat,Rabi,93.51,282.1,28.6,8.65,134.2,4.75,5.358
Punjab,Patiala,Wheat,Rabi,116.51,584.4,18.9,6.72,98.5,2.38,7.031
Haryana,Karnal,Maize,Kharif,86.11,473.2,30.9,7.28,221.9,18.0,9.13
Madhya Pradesh,Jabalpur,Sugarcane,Whole Year,291.99,887.1,26.7,6.7,196.7,0.64,13.0
Karnataka,Mysuru,Maize,Kharif,143.02,823.7,27.0,6.3,199.9,0.84,9.512
Odisha,Sambalpur,Mustard,Rabi,340.87,1359.1,26.3,5.17,184.6,2.58,6.523
Madhya Pradesh,Indore,Cotton,Kharif,66.56,929.9,20.2,7.24,104.5,5.74,4.439
Jharkhand,Dhanbad,Cotton,Kharif,558.99,1010.9,32.1,5.64,87.0,6.2,4.711
Uttar Pradesh,Agra,Chickpea,Rabi,486.24,1246.9,33.5,7.69,141.6,4.36,3.905
Gujarat,Ahmedabad,Sugarcane,Whole Year,79.05,663.9,24.0,7.14,80.4,3.3,12.168
Odisha,Puri,Rice,Kharif,221.1,1218.8,31.1,6.33,150.5,6.25,10.364
Jharkhand,Ranchi,Barley,Rabi,53.28,1689.7,29.2,5.1,48.5,4.88,6.293
Gujarat,Surat,Groundnut,Kharif,69.96,543.7,30.9,6.87,130.8,3.34,4.626
Punjab,Amritsar,Sugarcane,Whole Year,442.69,475.0,27.3,7.63,240.7,4.19,13.0
Uttar Pradesh,Agra,Sugarcane,Whole Year,76.67,968.7,19.6,7.51,139.1,3.51,13.0
Haryana,Hisar,Sugarcane,Whole Year,2.5,426.6,19.7,7.6,198.2,0.1,12.607
Punjab,Patiala,Groundnut,Kharif,161.22,744.9,25.1,7.1,213.9,3.62,6.296
Punjab,Ludhiana,Soybean,Kharif,78.78,618.3,22.6,7.55,122.7,1.44,4.31
Maharashtra,Nagpur,Mustard,Rabi,51.67,1158.1,32.6,7.42,53.2,3.41,4.035
Tamil Nadu,Thanjavur,Sugarcane,Whole Year,523.49,987.7,31.6,7.21,92.9,7.64,13.0
Rajasthan,Jodhpur,Cotton,Kharif,258.75,374.7,30.3,7.53,121.5,0.84,3.74
Uttar Pradesh,Varanasi,Rice,Kharif,213.5,909.9,22.5,6.99,182.1,6.2,10.017
Bihar,Patna,Barley,Rabi,456.23,834.9,30.5,6.69,64.1,0.57,4.784
Maharashtra,Nagpur,Rice,Kharif,101.82,1170.5,25.2,6.41,127.6,0.85,10.108
Uttar Pradesh,Varanasi,Wheat,Rabi,264.76,792.6,28.6,6.98,163.3,1.17,7.691
Madhya Pradesh,Indore,Chickpea,Rabi,4.19,722.6,28.5,6.59,107.8,0.16,2.59
Assam,Jorhat,Barley,Rabi,247.16,1719.7,21.5,4.98,110.5,9.57,7.761
Rajasthan,Jaipur,Cotton,Kharif,773.72,467.5,35.6,7.05,149.5,2.06,4.561
Punjab,Ludhiana,Maize,Kharif,353.6,791.3,21.6,7.89,228.6,0.12,9.637
Uttar Pradesh,Varanasi,Sugarcane,Whole Year,36.41,835.9,42.6,6.86,149.1,0.74,13.0
Jharkhand,Ranchi,Sugarcane,Whole Year,69.57,948.5,27.9,5.52,136.2,6.16,13.0
Haryana,Karnal,Wheat,Rabi,211.53,553.1,20.1,7.45,133.9,7.49,7.48
Assam,Jorhat,Barley,Rabi,503.35,2125.9,22.9,5.87,29.8,2.72,5.937
Bihar,Patna,Chickpea,Rabi,5.36,1296.4,25.1,7.43,132.1,1.59,4.096
Odisha,Cuttack,Sugarcane,Whole Year,41.19,1450.3,31.4,5.75,28.3,1.21,13.0
Gujarat,Surat,Wheat,Rabi,337.11,708.5,19.8,7.4,173.2,0.22,8.461
Odisha,Cuttack,Maize,Kharif,144.54,1413.2,27.6,6.14,174.4,0.32,10.758
West Bengal,Nadia,Rice,Kharif,505.06,1613.5,28.6,5.49,168.0,2.35,12.3
Madhya Pradesh,Indore,Maize,Kharif,73.3,1085.1,36.2,6.88,178.3,0.38,9.255
Karnataka,Dharwad,Wheat,Rabi,319.94,785.7,21.0,6.77,110.0,0.93,7.133
Bihar,Patna,Maize,Kharif,215.6,999.9,27.8,6.73,167.6,11.24,9.569
Karnataka,Raichur,Rice,Kharif,200.95,719.3,26.2,7.1,23.4,0.28,6.384
Maharashtra,Nagpur,Chickpea,Rabi,70.3,965.8,26.9,6.29,122.2,2.95,3.465
Uttar Pradesh,Agra,Sugarcane,Whole Year,61.47,1160.4,33.8,7.2,188.8,4.05,13.0
Gujarat,Ahmedabad,Chickpea,Rabi,121.46,800.2,35.4,7.31,165.3,2.17,3.546
Karnataka,Raichur,Cotton,Kharif,124.44,470.8,29.5,7.11,170.5,7.31,4.525
Karnataka,Dharwad,Mustard,Rabi,166.66,678.6,17.3,6.52,132.4,0.35,4.527
Karnataka,Dharwad,Cotton,Kharif,155.57,977.3,25.5,6.03,202.0,3.58,6.365
West Bengal,Murshidabad,Barley,Rabi,69.05,1444.0,29.9,6.03,61.8,3.18,6.031
Bihar,Muzaffarpur,Cotton,Kharif,192.95,1363.9,24.5,6.82,135.9,4.04,5.924
Assam,Kamrup,Wheat,Rabi,342.99,2462.5,19.3,5.45,107.5,0.1,9.041
Andhra Pradesh,Guntur,Maize,Kharif,306.83,1033.9,33.7,7.68,177.3,1.2,9.012
Andhra Pradesh,Krishna,Groundnut,Kharif,25.4,1067.2,35.9,5.65,143.6,1.84,5.277
Uttar Pradesh,Agra,Mustard,Rabi,52.98,611.3,30.3,6.97,176.6,0.12,5.291
Punjab,Amritsar,Rice,Kharif,256.77,564.1,30.5,7.19,173.9,1.75,8.377
Haryana,Rohtak,Groundnut,Kharif,90.24,465.4,24.6,6.46,217.7,1.45,5.457
Tamil Nadu,Thanjavur,Sugarcane,Whole Year,204.87,1098.2,31.8,7.26,149.2,0.22,13.0
Gujarat,Rajkot,Groundnut,Kharif,237.15,657.9,33.9,7.25,182.6,3.84,5.724
Bihar,Gaya,Mustard,Rabi,57.67,1133.8,21.4,7.27,215.9,1.62,6.553
Jharkhand,Hazaribag,Groundnut,Kharif,205.86,1146.9,30.3,5.94,109.4,1.02,5.713
Gujarat,Rajkot,Barley,Rabi,159.02,599.2,34.7,7.52,136.1,1.17,5.293
Tamil Nadu,Madurai,Maize,Kharif,56.14,1132.8,31.2,6.87,201.6,6.02,10.867
Assam,Nagaon,Rice,Kharif,251.3,2053.6,24.9,5.68,73.1,1.63,10.476
Punjab,Patiala,Sugarcane,Whole Year,210.05,708.8,20.2,6.72,219.6,3.09,13.0
West Bengal,Nadia,Chickpea,Rabi,27.32,1590.9,26.8,5.94,75.9,5.68,4.323
Tamil Nadu,Coimbatore,Chickpea,Rabi,185.39,1079.2,29.4,5.76,106.7,0.15,3.024
Andhra Pradesh,Guntur,Sugarcane,Whole Year,34.38,888.6,25.4,6.86,106.3,8.21,13.0
West Bengal,Burdwan,Barley,Rabi,17.67,1305.1,28.0,5.93,141.5,1.04,6.968
Bihar,Gaya,Cotton,Kharif,354.73,1051.0,29.3,6.18,123.9,1.37,5.749
Rajasthan,Jodhpur,Barley,Rabi,39.81,272.3,16.1,7.82,68.0,4.07,4.504
Andhra Pradesh,Guntur,Wheat,Rabi,268.48,1050.2,22.2,6.41,242.3,4.68,10.347
Karnataka,Dharwad,Groundnut,Kharif,134.72,838.7,32.6,5.98,86.3,0.98,4.954
Haryana,Rohtak,Cotton,Kharif,171.49,594.7,27.4,6.79,162.4,6.04,5.111
Tamil Nadu,Thanjavur,Maize,Kharif,67.86,1097.8,24.6,6.72,152.9,0.54,8.684
Punjab,Ludhiana,Barley,Rabi,420.09,612.0,21.4,6.99,171.7,2.0,6.758
Maharashtra,Pune,Mustard,Rabi,227.34,684.2,22.2,6.94,189.2,10.36,5.736
Jharkhand,Hazaribag,Soybean,Kharif,132.49,1025.4,24.7,6.15,122.6,2.7,5.937
Jharkhand,Dhanbad,Rice,Kharif,117.05,1063.1,24.1,5.42,75.5,1.3,8.512
Andhra Pradesh,Krishna,Mustard,Rabi,503.96,613.3,35.4,6.55,128.4,1.21,3.888
Assam,Jorhat,Wheat,Rabi,627.51,2132.9,21.0,5.18,103.0,1.28,9.233
Madhya Pradesh,Indore,Mustard,Rabi,669.47,935.0,38.0,6.14,185.4,2.97,5.815
West Bengal,Murshidabad,Chickpea,Rabi,151.23,1690.2,31.0,5.66,118.3,0.3,3.762
Andhra Pradesh,Krishna,Mustard,Rabi,919.47,839.5,29.5,6.07,83.8,0.82,4.11
Punjab,Patiala,Mustard,Rabi,169.38,622.4,21.9,6.84,249.9,0.62,6.511
West Bengal,Nadia,Groundnut,Kharif,717.22,1809.7,27.2,6.58,158.7,1.71,7.604
Bihar,Patna,Soybean,Kharif,260.95,842.9,21.7,7.23,158.7,0.18,5.432
Punjab,Ludhiana,Maize,Kharif,25.89,584.0,22.7,6.84,186.7,1.16,8.247
Uttar Pradesh,Varanasi,Rice,Kharif,78.53,801.4,29.9,6.28,200.4,1.52,9.559
Andhra Pradesh,Krishna,Groundnut,Kharif,31.1,1066.1,29.3,6.15,132.6,7.75,6.223
Assam,Jorhat,Soybean,Kharif,180.93,1794.0,25.7,5.69,63.2,7.41,7.187
Uttar Pradesh,Kanpur,Barley,Rabi,168.23,734.1,23.2,8.22,192.6,0.43,6.369
West Bengal,Nadia,Groundnut,Kharif,52.25,1614.4,26.7,5.53,133.6,1.23,6.957
Karnataka,Dharwad,Barley,Rabi,253.11,988.6,23.1,7.52,219.6,0.81,7.919
Punjab,Ludhiana,Groundnut,Kharif,204.83,531.1,12.0,6.84,145.6,7.86,4.642
Maharashtra,Pune,Groundnut,Kharif,100.01,1025.3,23.9,6.4,147.8,0.2,6.293
Gujarat,Rajkot,Cotton,Kharif,109.37,634.2,21.3,7.9,146.4,15.41,4.69
Maharashtra,Nashik,Sugarcane,Whole Year,174.39,787.9,25.4,7.09,110.5,4.32,13.0
Uttar Pradesh,Varanasi,Cotton,Kharif,30.36,765.3,15.6,6.8,108.4,8.41,4.353
Jharkhand,Dhanbad,Barley,Rabi,1025.28,1082.7,27.4,5.91,119.8,2.7,6.507
Punjab,Amritsar,Chickpea,Rabi,233.78,630.4,22.2,7.33,207.6,0.37,3.836
Rajasthan,Jaipur,Groundnut,Kharif,89.14,260.5,32.5,7.98,105.9,1.38,3.535
Punjab,Amritsar,Rice,Kharif,7.78,622.1,21.3,7.32,160.9,4.39,8.339
Bihar,Gaya,Sugarcane,Whole Year,37.24,1251.8,30.2,6.78,134.9,6.71,13.0
Andhra Pradesh,Guntur,Mustard,Rabi,10.6,639.0,29.2,6.44,127.0,5.41,4.828
Bihar,Muzaffarpur,Wheat,Rabi,417.2,726.6,20.9,6.45,134.1,6.11,8.172
Uttar Pradesh,Varanasi,Mustard,Rabi,151.87,562.3,23.1,6.72,180.7,1.21,4.824
Karnataka,Dharwad,Maize,Kharif,774.88,988.9,33.7,7.29,153.5,5.55,8.981
Haryana,Rohtak,Sugarcane,Whole Year,59.85,565.3,26.0,7.54,142.1,8.37,12.727
Andhra Pradesh,Krishna,Barley,Rabi,229.27,1113.0,25.8,6.42,135.2,2.03,6.895
Odisha,Cuttack,Maize,Kharif,77.72,1422.3,37.8,6.05,109.8,0.1,8.653
Karnataka,Raichur,Cotton,Kharif,1.3,908.9,27.7,6.35,112.9,4.29,5.222
Karnataka,Dharwad,Soybean,Kharif,440.24,987.6,20.6,7.11,112.0,0.64,5.811
Andhra Pradesh,Kurnool,Wheat,Rabi,89.25,1060.7,33.4,6.75,63.9,0.1,6.229
Haryana,Hisar,Wheat,Rabi,113.82,544.5,29.0,7.41,205.8,1.83,8.0
Maharashtra,Nagpur,Rice,Kharif,93.89,917.9,35.1,7.12,113.6,0.1,8.65
Haryana,Rohtak,Mustard,Rabi,282.36,433.1,24.6,7.15,123.1,0.32,3.518
Odisha,Sambalpur,Wheat,Rabi,145.23,1959.8,22.1,6.39,195.0,7.23,10.537
Andhra Pradesh,Kurnool,Mustard,Rabi,26.21,1141.8,25.0,6.55,138.1,1.71,5.618
Odisha,Puri,Cotton,Kharif,137.13,1024.7,20.1,5.57,88.1,8.07,4.759
Maharashtra,Nagpur,Rice,Kharif,210.22,735.0,30.5,5.63,186.5,10.46,9.001
Gujarat,Surat,Wheat,Rabi,362.06,835.7,29.6,7.85,132.0,2.12,7.698
Maharashtra,Pune,Sugarcane,Whole Year,99.78,1479.9,35.2,7.38,74.6,0.6,13.0
Gujarat,Ahmedabad,Soybean,Kharif,342.94,668.3,25.3,7.12,110.0,1.7,4.855
West Bengal,Burdwan,Sugarcane,Whole Year,56.42,2165.3,32.6,6.67,130.1,6.37,13.0
West Bengal,Murshidabad,Chickpea,Rabi,276.73,1604.6,32.0,7.01,143.6,1.79,4.38
Assam,Nagaon,Sugarcane,Whole Year,156.47,2148.5,22.8,4.51,127.1,0.14,13.0
Tamil Nadu,Thanjavur,Cotton,Kharif,47.73,1333.2,27.9,6.51,109.6,0.27,5.572
Rajasthan,Jodhpur,Barley,Rabi,223.63,363.1,30.9,8.0,93.9,1.6,3.945
Jharkhand,Ranchi,Mustard,Rabi,86.39,898.4,24.9,6.54,44.1,0.85,4.151
Jharkhand,Hazaribag,Maize,Kharif,516.99,1005.1,21.3,7.48,81.2,0.68,7.492
West Bengal,Murshidabad,Cotton,Kharif,568.09,1669.3,27.6,7.83,179.7,8.89,7.313
Maharashtra,Nagpur,Wheat,Rabi,96.46,1100.7,35.9,7.52,175.5,0.1,8.539
Madhya Pradesh,Indore,Sugarcane,Whole Year,78.45,972.8,14.5,6.95,170.1,2.6,13.0
Jharkhand,Dhanbad,Maize,Kharif,338.12,1248.5,29.6,7.1,125.0,2.49,9.504
Assam,Jorhat,Wheat,Rabi,1149.86,2314.3,26.7,5.53,75.4,4.62,8.381
Andhra Pradesh,Guntur,Soybean,Kharif,62.73,846.1,30.4,5.97,164.5,0.36,5.098
Odisha,Sambalpur,Cotton,Kharif,114.8,1056.0,23.0,6.33,148.6,3.7,5.81
Maharashtra,Nagpur,Wheat,Rabi,48.38,1262.9,27.7,6.07,83.3,0.73,7.702
Maharashtra,Pune,Chickpea,Rabi,87.22,511.3,25.5,6.02,149.1,0.84,3.431
Andhra Pradesh,Guntur,Cotton,Kharif,110.02,1028.3,35.1,6.76,143.5,2.99,5.609
Gujarat,Ahmedabad,Groundnut,Kharif,89.65,625.5,32.7,6.69,138.9,0.1,4.89
Assam,Kamrup,Wheat,Rabi,345.93,2394.8,25.1,5.23,50.0,6.53,8.171
Maharashtra,Nashik,Barley,Rabi,58.44,1208.6,31.4,6.51,110.7,7.78,6.516
Rajasthan,Jaipur,Soybean,Kharif,231.93,416.5,22.1,8.0,131.3,0.11,3.202
Uttar Pradesh,Varanasi,Sugarcane,Whole Year,197.57,902.5,31.4,6.71,139.4,8.09,13.0
Andhra Pradesh,Krishna,Wheat,Rabi,192.55,1142.1,24.9,7.54,139.5,1.76,8.545
Punjab,Patiala,Cotton,Kharif,261.38,602.7,19.2,7.7,202.5,1.61,5.084
Karnataka,Mysuru,Sugarcane,Whole Year,229.9,1165.8,29.6,7.26,209.7,0.29,13.0
Odisha,Cuttack,Barley,Rabi,93.63,1027.8,29.3,6.9,135.7,3.08,6.155
Jharkhand,Dhanbad,Rice,Kharif,70.67,1202.1,22.7,5.34,40.8,1.64,8.057
Jharkhand,Ranchi,Sugarcane,Whole Year,94.75,1178.3,34.0,5.82,145.8,4.18,13.0
Assam,Kamrup,Chickpea,Rabi,157.7,2430.2,26.0,6.11,94.3,2.55,4.518
Andhra Pradesh,Kurnool,Cotton,Kharif,134.42,816.1,33.0,7.28,118.0,0.58,4.656
Jharkhand,Dhanbad,Mustard,Rabi,280.78,1055.9,17.1,5.31,134.1,3.99,5.05
West Bengal,Murshidabad,Rice,Kharif,208.89,1877.5,31.5,4.9,172.2,8.36,11.303
Andhra Pradesh,Kurnool,Maize,Kharif,90.3,787.9,26.5,6.88,174.1,0.62,8.355
Assam,Kamrup,Maize,Kharif,31.84,2235.0,28.2,5.0,127.6,0.54,9.575
Andhra Pradesh,Guntur,Wheat,Rabi,153.97,1076.0,29.4,7.69,127.0,0.67,8.091
Rajasthan,Jaipur,Rice,Kharif,175.85,465.7,37.9,7.68,121.9,0.1,6.302
Uttar Pradesh,Varanasi,Wheat,Rabi,230.94,822.8,26.8,6.91,155.7,0.29,8.069
Karnataka,Mysuru,Sugarcane,Whole Year,364.65,1221.6,31.8,6.73,119.5,4.48,13.0
West Bengal,Nadia,Barley,Rabi,293.04,1296.2,25.2,6.08,162.8,1.2,7.53
Maharashtra,Nashik,Groundnut,Kharif,21.37,943.0,36.0,6.32,180.0,1.71,6.237
Rajasthan,Bikaner,Sugarcane,Whole Year,14.55,324.9,30.5,7.51,111.6,5.76,10.665
Haryana,Rohtak,Maize,Kharif,58.67,464.9,25.1,6.81,171.2,2.45,7.934
Andhra Pradesh,Kurnool,Wheat,Rabi,212.47,1049.2,26.2,6.11,187.2,6.68,9.232
Jharkhand,Ranchi,Mustard,Rabi,547.85,1400.7,33.3,5.68,80.8,6.95,4.824
Jharkhand,Dhanbad,Rice,Kharif,455.8,1102.3,24.2,5.69,114.6,0.78,9.26
Maharashtra,Nagpur,Rice,Kharif,440.71,860.4,33.1,7.42,149.3,2.21,8.949
Rajasthan,Bikaner,Sugarcane,Whole Year,83.72,445.7,25.5,7.55,77.0,4.76,10.643
Madhya Pradesh,Indore,Rice,Kharif,261.31,767.8,22.8,6.92,164.8,0.13,8.55
Gujarat,Rajkot,Wheat,Rabi,183.6,387.2,34.8,7.47,154.3,5.37,6.852
Bihar,Gaya,Soybean,Kharif,485.36,825.9,26.5,6.91,123.3,3.28,5.79
Tamil Nadu,Madurai,Sugarcane,Whole Year,50.77,1221.5,33.3,5.97,204.3,12.32,13.0
Uttar Pradesh,Varanasi,Mustard,Rabi,87.68,662.4,30.4,7.57,187.4,10.79,5.071
Karnataka,Raichur,Rice,Kharif,193.09,995.7,25.1,6.43,153.4,0.38,9.364
Madhya Pradesh,Indore,Soybean,Kharif,243.13,659.2,22.0,7.93,139.3,0.51,4.86
Punjab,Patiala,Chickpea,Rabi,148.16,709.5,23.4,7.11,177.7,5.91,4.246
Odisha,Cuttack,Maize,Kharif,245.89,1149.4,30.0,5.63,100.3,4.63,8.25
Haryana,Hisar,Cotton,Kharif,384.51,440.1,20.7,7.82,207.0,1.38,4.913
Maharashtra,Pune,Chickpea,Rabi,22.24,1186.9,27.8,7.44,127.6,0.53,3.69
Maharashtra,Nagpur,Soybean,Kharif,46.33,1067.9,32.9,6.45,95.1,0.33,5.434
Odisha,Puri,Barley,Rabi,126.75,1163.1,29.6,5.48,111.0,9.46,6.242
Rajasthan,Jaipur,Wheat,Rabi,157.97,370.3,31.8,8.46,80.8,2.83,5.356
Punjab,Patiala,Barley,Rabi,268.87,484.5,25.0,7.06,160.2,8.68,6.689
Tamil Nadu,Coimbatore,Sugarcane,Whole Year,220.37,925.0,32.7,7.08,155.7,6.04,13.0
Gujarat,Ahmedabad,Maize,Kharif,542.59,698.2,29.3,7.61,133.1,4.81,7.819
Haryana,Karnal,Wheat,Rabi,86.94,432.0,25.9,7.8,189.6,4.54,7.714
Uttar Pradesh,Varanasi,Cotton,Kharif,464.8,929.8,30.3,6.46,246.3,3.68,6.604
Jharkhand,Hazaribag,Sugarcane,Whole Year,1033.44,1162.8,23.0,6.23,115.0,4.27,13.0
Madhya Pradesh,Jabalpur,Cotton,Kharif,46.47,846.1,34.3,6.82,95.6,9.8,4.473
Maharashtra,Nashik,Soybean,Kharif,537.31,1022.2,29.3,6.31,113.0,1.27,5.556
West Bengal,Nadia,Mustard,Rabi,188.94,1554.8,23.3,6.25,139.7,5.4,6.736
Jharkhand,Ranchi,Chickpea,Rabi,177.88,1102.1,37.5,6.26,100.4,12.5,3.278
Uttar Pradesh,Agra,Soybean,Kharif,102.37,516.3,35.2,6.95,179.6,3.84,4.937
Uttar Pradesh,Kanpur,Rice,Kharif,72.84,1026.3,22.5,8.07,129.3,1.84,8.816
Assam,Kamrup,Rice,Kharif,25.03,2092.5,17.8,4.98,58.6,1.82,9.19
Tamil Nadu,Thanjavur,Maize,Kharif,126.26,961.0,35.3,7.95,182.4,4.86,9.442
Jharkhand,Hazaribag,Wheat,Rabi,396.17,1246.9,24.5,5.22,90.0,3.33,7.882
Punjab,Patiala,Mustard,Rabi,165.04,612.9,21.4,7.33,233.2,1.78,6.025
Rajasthan,Bikaner,Wheat,Rabi,33.59,393.0,41.9,6.97,101.1,0.81,5.488
Odisha,Sambalpur,Maize,Kharif,673.42,1213.6,31.4,6.32,122.7,1.95,8.767
Madhya Pradesh,Bhopal,Mustard,Rabi,96.4,768.0,31.8,7.19,67.6,2.3,3.536
Maharashtra,Nagpur,Rice,Kharif,13.4,1252.1,32.6,7.38,144.2,6.48,10.144
Punjab,Amritsar,Sugarcane,Whole Year,25.81,571.7,15.6,7.87,204.3,0.88,13.0
Karnataka,Raichur,Chickpea,Rabi,113.62,661.3,15.0,6.19,146.7,1.24,3.294
Odisha,Puri,Sugarcane,Whole Year,415.98,1454.0,27.7,7.23,150.2,5.96,13.0
Haryana,Rohtak,Wheat,Rabi,70.02,579.3,27.3,8.02,215.3,1.76,8.175
West Bengal,Nadia,Chickpea,Rabi,138.08,1558.2,34.1,7.27,142.6,3.28,4.245
Maharashtra,Nagpur,Soybean,Kharif,579.13,1173.2,32.5,6.98,121.3,1.52,6.678
Rajasthan,Bikaner,Sugarcane,Whole Year,117.52,440.8,37.6,7.47,123.1,3.77,12.09
Punjab,Patiala,Mustard,Rabi,155.61,570.6,17.5,7.39,129.0,2.22,3.72
Assam,Kamrup,Sugarcane,Whole Year,51.22,2434.1,23.6,6.16,149.0,8.76,13.0
Karnataka,Dharwad,Rice,Kharif,78.48,778.1,24.4,6.39,163.8,1.56,8.602
Tamil Nadu,Thanjavur,Mustard,Rabi,139.03,1211.9,27.2,6.11,182.1,1.51,6.224
Haryana,Karnal,Chickpea,Rabi,401.05,641.4,27.9,7.08,195.7,1.83,3.801
Assam,Jorhat,Wheat,Rabi,751.52,1863.5,25.4,5.88,48.8,2.09,8.027
Maharashtra,Nashik,Barley,Rabi,150.25,1383.7,38.7,6.11,75.6,2.84,5.472
Karnataka,Mysuru,Mustard,Rabi,509.9,489.6,29.8,7.81,156.8,0.69,4.245
Odisha,Cuttack,Rice,Kharif,282.97,1338.0,27.4,6.11,49.0,6.95,9.693
Andhra Pradesh,Krishna,Cotton,Kharif,153.03,1206.1,24.1,6.96,141.2,4.14,5.689
Bihar,Gaya,Chickpea,Rabi,1.3,1005.4,23.3,6.73,30.3,5.56,3.413
Rajasthan,Jodhpur,Sugarcane,Whole Year,31.5,336.3,33.9,7.72,72.8,0.91,9.637
Bihar,Muzaffarpur,Groundnut,Kharif,846.99,1081.3,25.4,6.77,180.2,1.38,6.655
Odisha,Sambalpur,Barley,Rabi,31.43,1342.6,28.5,6.2,133.8,3.13,7.145
Haryana,Karnal,Rice,Kharif,18.56,584.0,30.6,7.28,156.4,0.53,7.711
Karnataka,Mysuru,Cotton,Kharif,146.48,1061.3,25.1,7.6,176.6,6.0,5.835
Madhya Pradesh,Jabalpur,Sugarcane,Whole Year,382.96,976.5,22.6,7.17,107.9,0.27,13.0
West Bengal,Nadia,Cotton,Kharif,29.87,1190.3,34.8,5.79,136.8,1.75,5.324
Bihar,Muzaffarpur,Rice,Kharif,256.19,1065.8,28.1,6.14,219.2,1.75,11.048
Punjab,Ludhiana,Wheat,Rabi,607.73,518.3,31.7,7.98,197.2,1.22,7.858
Assam,Jorhat,Mustard,Rabi,46.37,1695.1,23.4,5.71,55.2,3.95,4.688
Jharkhand,Dhanbad,Mustard,Rabi,33.44,1267.2,27.9,5.35,58.9,4.11,4.42
Gujarat,Ahmedabad,Sugarcane,Whole Year,32.66,728.5,29.3,7.57,173.6,8.23,13.0
Rajasthan,Jodhpur,Cotton,Kharif,5.62,257.2,31.3,8.53,87.7,0.2,2.763
Rajasthan,Bikaner,Sugarcane,Whole Year,263.94,325.7,31.2,7.89,129.1,0.62,11.239
Madhya Pradesh,Bhopal,Barley,Rabi,180.74,840.9,31.3,6.9,168.5,6.43,6.696
West Bengal,Nadia,Mustard,Rabi,244.76,1481.7,26.9,6.37,153.6,0.98,6.085
Gujarat,Ahmedabad,Barley,Rabi,89.76,347.0,24.9,7.06,147.1,4.94,6.008
Uttar Pradesh,Varanasi,Mustard,Rabi,23.05,720.8,29.6,7.04,164.2,10.42,4.906
Tamil Nadu,Madurai,Mustard,Rabi,117.72,1229.1,26.8,6.53,159.2,0.65,6.333
Gujarat,Ahmedabad,Soybean,Kharif,3.29,571.4,19.0,6.46,148.2,6.05,4.42
Assam,Nagaon,Soybean,Kharif,9.41,2040.5,23.3,5.02,78.7,7.34,6.376
Gujarat,Surat,Mustard,Rabi,895.46,793.5,31.1,6.7,143.4,0.15,4.537
Maharashtra,Nagpur,Maize,Kharif,150.65,1087.9,29.8,6.81,88.9,2.53,7.947
Tamil Nadu,Madurai,Wheat,Rabi,95.95,1059.5,32.6,6.67,193.4,0.85,8.974
Andhra Pradesh,Krishna,Maize,Kharif,619.7,637.4,29.3,7.01,133.0,10.49,7.859
Rajasthan,Jodhpur,Sugarcane,Whole Year,1332.69,541.7,32.0,8.46,99.7,2.19,11.898
Rajasthan,Jodhpur,Sugarcane,Whole Year,33.16,317.0,22.2,7.72,111.4,3.06,10.225
Haryana,Rohtak,Chickpea,Rabi,127.1,565.6,27.2,7.2,118.5,5.2,3.012
Jharkhand,Dhanbad,Groundnut,Kharif,144.41,1138.7,34.0,5.58,72.5,6.69,5.173
Karnataka,Dharwad,Wheat,Rabi,130.64,945.5,22.2,6.89,105.9,3.98,8.266
Rajasthan,Jaipur,Mustard,Rabi,62.98,417.7,36.9,8.27,128.4,2.74,3.066
West Bengal,Murshidabad,Wheat,Rabi,25.52,1282.3,31.0,7.09,155.2,5.88,8.855
Karnataka,Raichur,Cotton,Kharif,42.32,1101.4,28.4,7.02,134.6,8.65,5.523
Tamil Nadu,Thanjavur,Maize,Kharif,2.64,994.0,32.4,6.76,204.2,0.28,9.454
Punjab,Amritsar,Wheat,Rabi,383.2,621.2,23.5,7.42,231.9,0.67,8.955
Odisha,Puri,Chickpea,Rabi,480.73,1013.0,35.0,5.56,108.4,3.3,3.127
Haryana,Rohtak,Sugarcane,Whole Year,212.95,568.1,18.5,7.39,144.6,3.03,12.594
Maharashtra,Pune,Mustard,Rabi,26.27,968.6,33.5,6.05,216.0,6.61,5.879
Odisha,Cuttack,Barley,Rabi,318.2,1814.7,29.7,4.97,123.7,0.67,6.48
Madhya Pradesh,Indore,Groundnut,Kharif,53.28,663.9,12.7,6.39,115.8,5.43,4.436
Tamil Nadu,Coimbatore,Rice,Kharif,369.39,1011.8,25.0,5.84,104.0,4.8,8.834
Rajasthan,Jaipur,Barley,Rabi,1274.86,342.1,36.8,7.99,114.9,7.63,4.469
Tamil Nadu,Madurai,Soybean,Kharif,21.72,1390.7,27.3,6.23,62.9,0.1,5.966
Uttar Pradesh,Varanasi,Soybean,Kharif,212.75,844.7,25.5,7.69,166.6,1.34,5.432
Karnataka,Mysuru,Sugarcane,Whole Year,196.52,763.1,31.9,6.87,140.5,0.56,13.0
Haryana,Rohtak,Sugarcane,Whole Year,95.86,556.5,21.1,7.34,214.0,1.76,13.0
Assam,Kamrup,Sugarcane,Whole Year,111.04,2140.5,27.4,6.17,57.1,2.55,13.0
Gujarat,Rajkot,Wheat,Rabi,134.43,791.8,26.4,7.37,158.8,1.68,7.892
Haryana,Hisar,Maize,Kharif,667.42,567.2,26.6,7.22,264.3,7.39,10.044
West Bengal,Murshidabad,Mustard,Rabi,327.54,1914.7,29.3,6.56,143.3,5.87,6.443
Bihar,Patna,Cotton,Kharif,10.18,863.9,32.9,6.36,101.5,2.37,4.295
Gujarat,Rajkot,Sugarcane,Whole Year,7.3,672.1,27.3,7.03,168.3,1.6,13.0
Madhya Pradesh,Indore,Chickpea,Rabi,32.2,859.8,20.2,6.81,179.2,4.5,4.456
Assam,Nagaon,Barley,Rabi,182.15,1927.8,25.2,5.13,132.7,4.73,7.26
West Bengal,Murshidabad,Chickpea,Rabi,207.52,1749.7,31.7,6.75,159.3,1.8,4.928
Madhya Pradesh,Bhopal,Wheat,Rabi,172.79,862.6,31.3,6.8,141.8,16.4,7.53
Uttar Pradesh,Varanasi,Soybean,Kharif,12.81,860.9,32.4,6.84,193.3,2.26,6.084
Tamil Nadu,Madurai,Soybean,Kharif,360.36,851.5,31.5,6.6,222.8,3.43,6.619
Bihar,Patna,Groundnut,Kharif,392.83,1346.2,18.8,6.79,108.3,2.37,5.881
Rajasthan,Jaipur,Sugarcane,Whole Year,372.29,374.5,25.1,7.76,126.2,0.52,11.363
Karnataka,Raichur,Cotton,Kharif,365.86,893.6,30.3,6.21,133.3,4.78,5.869
West Bengal,Burdwan,Cotton,Kharif,506.94,1694.7,25.7,5.82,174.5,5.53,7.138
Jharkhand,Ranchi,Cotton,Kharif,584.62,1527.3,23.9,6.01,93.8,2.32,5.343
Jharkhand,Dhanbad,Barley,Rabi,485.19,1033.9,25.7,5.13,138.9,1.73,6.303
West Bengal,Burdwan,Soybean,Kharif,135.64,1401.4,16.9,5.55,100.2,0.78,6.206
Tamil Nadu,Coimbatore,Rice,Kharif,108.17,1412.9,29.0,6.15,155.8,0.31,10.862
Uttar Pradesh,Varanasi,Rice,Kharif,338.15,825.6,20.8,7.11,179.1,7.19,8.983
Karnataka,Dharwad,Cotton,Kharif,332.8,1076.9,28.8,6.08,184.2,4.6,6.404
Odisha,Sambalpur,Wheat,Rabi,83.57,1643.5,26.1,6.2,102.1,1.3,8.417
Gujarat,Surat,Barley,Rabi,72.85,821.1,33.4,7.25,164.6,1.92,6.391
West Bengal,Burdwan,Chickpea,Rabi,30.48,1828.5,33.6,6.98,78.4,0.24,3.964
Odisha,Puri,Mustard,Rabi,263.31,1210.0,31.1,6.33,114.2,3.2,5.152
West Bengal,Burdwan,Wheat,Rabi,222.1,1386.1,30.0,6.06,165.0,0.89,9.451
Odisha,Sambalpur,Barley,Rabi,119.25,1018.3,32.1,6.69,119.4,16.19,6.366
West Bengal,Burdwan,Barley,Rabi,308.48,1731.3,20.8,6.44,200.6,1.16,9.177
Tamil Nadu,Thanjavur,Barley,Rabi,222.54,1187.8,27.2,7.21,164.9,0.66,7.274
Andhra Pradesh,Guntur,Rice,Kharif,178.33,1038.9,32.7,6.27,122.6,4.73,9.209
Tamil Nadu,Coimbatore,Cotton,Kharif,1042.2,987.7,29.0,6.92,104.7,5.25,5.315
Haryana,Hisar,Wheat,Rabi,47.55,469.6,25.4,7.0,191.1,0.66,7.716
Andhra Pradesh,Kurnool,Rice,Kharif,130.56,835.4,33.2,6.81,208.7,2.87,9.641
Tamil Nadu,Coimbatore,Wheat,Rabi,26.89,1027.4,26.1,6.68,97.2,10.48,7.584
Jharkhand,Ranchi,Mustard,Rabi,12.58,1217.8,23.5,6.21,160.1,0.98,5.938
Haryana,Hisar,Chickpea,Rabi,9.58,525.6,19.6,7.47,228.0,12.81,4.027
Punjab,Ludhiana,Soybean,Kharif,142.75,633.5,21.1,6.85,233.3,5.85,6.509
Bihar,Muzaffarpur,Maize,Kharif,259.92,1009.8,32.1,6.83,216.6,2.28,10.044
Punjab,Amritsar,Soybean,Kharif,235.82,494.9,20.6,6.95,171.8,1.04,4.876
Andhra Pradesh,Krishna,Mustard,Rabi,90.46,972.6,27.3,6.6,203.0,1.98,6.102
Madhya Pradesh,Bhopal,Chickpea,Rabi,189.86,882.3,33.0,5.8,177.4,5.11,3.747
Andhra Pradesh,Guntur,Groundnut,Kharif,12.22,1024.6,34.2,5.8,129.1,1.44,6.031
Karnataka,Dharwad,Maize,Kharif,27.41,804.4,22.1,6.71,106.5,1.36,7.191
Tamil Nadu,Thanjavur,Soybean,Kharif,29.07,1215.4,32.9,7.43,196.0,2.25,6.93
Jharkhand,Ranchi,Sugarcane,Whole Year,12.03,1161.3,33.1,6.6,27.8,5.02,13.0
Bihar,Patna,Maize,Kharif,238.26,694.0,27.0,6.84,162.6,0.31,8.579
Haryana,Hisar,Groundnut,Kharif,13.12,434.2,19.0,7.58,192.7,3.67,5.392
Tamil Nadu,Madurai,Cotton,Kharif,355.58,1007.8,37.2,6.46,159.3,4.32,5.64
Assam,Nagaon,Groundnut,Kharif,259.33,2377.2,22.5,5.51,123.0,0.63,6.415
Bihar,Patna,Wheat,Rabi,110.84,1287.8,18.9,7.55,119.9,0.58,8.429
Uttar Pradesh,Kanpur,Chickpea,Rabi,6.51,916.1,30.0,6.85,163.5,5.58,3.74
Rajasthan,Jodhpur,Mustard,Rabi,138.39,294.3,25.5,7.6,167.5,0.48,4.311
Rajasthan,Jodhpur,Maize,Kharif,699.06,471.5,33.8,7.68,70.2,4.98,5.781
Andhra Pradesh,Guntur,Mustard,Rabi,60.74,1068.7,29.4,7.43,217.6,3.28,5.845
Andhra Pradesh,Guntur,Sugarcane,Whole Year,27.1,1155.2,27.6,7.06,157.8,18.0,13.0
Haryana,Rohtak,Cotton,Kharif,219.46,540.7,16.8,7.34,160.1,12.01,3.999
Tamil Nadu,Coimbatore,Cotton,Kharif,293.81,983.2,35.2,5.86,224.5,0.32,6.589
Tamil Nadu,Coimbatore,Cotton,Kharif,111.14,1335.4,30.0,7.2,153.0,18.0,6.038
Tamil Nadu,Thanjavur,Barley,Rabi,123.51,1008.1,29.4,6.23,151.4,8.15,6.86
Jharkhand,Dhanbad,Soybean,Kharif,858.51,1142.4,21.6,6.01,112.0,1.16,6.181
Punjab,Ludhiana,Rice,Kharif,124.49,594.0,29.2,6.74,245.0,0.18,9.302
Madhya Pradesh,Indore,Maize,Kharif,162.69,832.2,29.4,7.24,109.5,1.08,7.628
Uttar Pradesh,Kanpur,Chickpea,Rabi,361.81,921.9,34.2,7.01,105.9,7.69,2.918
Andhra Pradesh,Guntur,Wheat,Rabi,199.09,1137.0,36.9,7.92,147.4,4.41,8.529
Punjab,Ludhiana,Chickpea,Rabi,62.4,658.2,22.9,6.94,138.8,0.22,2.929
West Bengal,Murshidabad,Maize,Kharif,12.08,1850.8,25.8,6.37,145.4,0.1,9.89
West Bengal,Murshidabad,Sugarcane,Whole Year,98.0,1791.5,34.7,6.61,31.5,0.1,13.0
Madhya Pradesh,Jabalpur,Wheat,Rabi,136.45,657.1,37.9,7.16,177.1,8.55,7.351
Jharkhand,Ranchi,Cotton,Kharif,133.09,1087.3,26.9,5.43,109.7,5.58,5.083
Madhya Pradesh,Bhopal,Mustard,Rabi,250.35,966.4,29.4,7.43,83.6,1.22,4.715
Maharashtra,Pune,Sugarcane,Whole Year,96.07,1168.5,29.7,7.51,128.6,0.99,13.0
Uttar Pradesh,Agra,Rice,Kharif,263.17,907.0,28.1,7.33,118.4,0.68,9.197
Bihar,Muzaffarpur,Maize,Kharif,26.19,852.5,30.5,5.59,220.4,18.0,9.938
Uttar Pradesh,Agra,Rice,Kharif,25.69,1006.9,18.4,7.47,124.5,5.04,9.249
Tamil Nadu,Coimbatore,Soybean,Kharif,19.2,1011.8,32.3,7.23,128.6,2.21,5.721
Jharkhand,Hazaribag,Groundnut,Kharif,101.44,1404.9,32.7,4.2,140.8,6.93,6.055
Haryana,Karnal,Wheat,Rabi,382.53,458.8,33.5,7.17,107.4,5.14,6.357
Karnataka,Dharwad,Barley,Rabi,684.6,863.2,29.0,6.97,166.9,5.83,7.021
West Bengal,Burdwan,Chickpea,Rabi,285.08,1445.4,22.6,5.47,191.4,4.83,5.08
Uttar Pradesh,Kanpur,Rice,Kharif,0.56,781.5,23.5,6.59,196.5,8.5,9.189
Punjab,Amritsar,Cotton,Kharif,496.37,808.1,14.3,7.06,203.0,1.4,4.554
Bihar,Patna,Wheat,Rabi,125.29,1202.5,27.6,7.75,108.7,0.45,7.651
Gujarat,Surat,Mustard,Rabi,474.84,711.3,26.7,7.43,211.4,0.11,5.752
Haryana,Rohtak,Mustard,Rabi,241.24,550.6,25.6,6.8,229.0,6.49,6.303
West Bengal,Murshidabad,Cotton,Kharif,46.34,1663.1,32.4,5.7,162.5,6.04,6.8
Madhya Pradesh,Jabalpur,Soybean,Kharif,341.12,891.4,27.9,6.83,76.5,5.2,5.206
Bihar,Muzaffarpur,Rice,Kharif,18.6,970.4,27.5,6.36,87.1,0.29,8.254
Tamil Nadu,Thanjavur,Rice,Kharif,58.43,1306.7,30.1,5.59,90.4,5.97,9.984
Madhya Pradesh,Bhopal,Cotton,Kharif,60.71,918.3,22.8,6.89,106.5,0.39,4.27
Punjab,Ludhiana,Groundnut,Kharif,244.54,703.0,22.4,7.61,261.5,6.18,6.981
Bihar,Patna,Maize,Kharif,473.19,1205.8,27.6,7.31,125.8,10.33,9.307
Jharkhand,Hazaribag,Groundnut,Kharif,198.9,1591.6,31.2,6.0,114.6,14.11,6.345
Andhra Pradesh,Kurnool,Soybean,Kharif,173.2,764.4,23.4,6.34,116.5,0.94,5.11
Rajasthan,Bikaner,Wheat,Rabi,134.28,132.9,38.1,8.09,72.0,1.3,4.145
Haryana,Hisar,Rice,Kharif,80.75,435.9,32.8,6.91,204.4,1.51,8.189
Odisha,Cuttack,Mustard,Rabi,92.82,1217.6,22.8,7.56,124.1,3.88,6.006
Odisha,Puri,Chickpea,Rabi,509.87,1262.8,28.4,4.66,98.4,2.02,3.42
Jharkhand,Hazaribag,Cotton,Kharif,1791.82,868.0,27.4,7.26,57.3,3.62,4.408
Andhra Pradesh,Guntur,Sugarcane,Whole Year,73.59,1250.1,26.7,6.54,151.3,4.75,13.0
Assam,Nagaon,Chickpea,Rabi,106.01,2185.6,32.9,5.65,80.1,8.92,4.286
Andhra Pradesh,Kurnool,Wheat,Rabi,375.17,919.3,30.9,6.78,140.7,0.1,7.483
Assam,Kamrup,Maize,Kharif,707.04,2234.5,25.2,5.61,170.9,0.49,10.864
Assam,Kamrup,Rice,Kharif,98.48,2425.9,31.2,5.43,101.6,0.53,10.666
Jharkhand,Dhanbad,Soybean,Kharif,139.23,961.2,25.4,4.94,190.4,1.0,6.293
Gujarat,Rajkot,Mustard,Rabi,65.96,814.7,39.4,7.3,63.6,1.36,3.201
West Bengal,Burdwan,Cotton,Kharif,4.59,1261.3,30.7,5.68,138.6,8.96,6.037
Assam,Nagaon,Soybean,Kharif,299.5,2531.3,30.1,4.31,56.8,0.27,5.45
Andhra Pradesh,Guntur,Soybean,Kharif,22.02,803.0,29.2,6.11,137.0,7.94,5.586
Maharashtra,Nashik,Maize,Kharif,61.08,1026.9,46.2,7.63,146.5,2.09,8.142
Bihar,Muzaffarpur,Mustard,Rabi,519.0,877.2,18.7,7.08,199.8,0.1,5.596
Uttar Pradesh,Agra,Cotton,Kharif,584.93,1033.3,27.3,7.03,202.1,13.8,6.132
Tamil Nadu,Coimbatore,Cotton,Kharif,457.09,949.8,30.6,7.02,170.0,2.08,5.54
Madhya Pradesh,Jabalpur,Rice,Kharif,622.28,864.0,13.2,6.75,191.4,3.73,9.27
Uttar Pradesh,Varanasi,Sugarcane,Whole Year,277.96,728.9,27.7,7.08,169.3,0.13,13.0
Maharashtra,Nashik,Soybean,Kharif,187.33,1063.9,34.2,6.18,141.6,9.02,5.873
Assam,Nagaon,Barley,Rabi,39.13,2263.0,25.8,4.72,77.8,18.0,6.133
Andhra Pradesh,Kurnool,Maize,Kharif,64.59,1171.8,27.8,5.52,153.7,6.48,9.31
Uttar Pradesh,Kanpur,Rice,Kharif,70.28,954.8,26.9,7.17,158.3,0.96,9.101
West Bengal,Murshidabad,Cotton,Kharif,183.37,1924.7,38.9,7.42,114.5,2.82,5.425
Punjab,Patiala,Wheat,Rabi,441.74,526.3,23.8,6.96,164.5,0.66,7.57
Odisha,Sambalpur,Sugarcane,Whole Year,361.37,1529.1,37.1,6.19,125.0,0.19,13.0
Tamil Nadu,Madurai,Rice,Kharif,27.77,1081.2,27.9,6.15,116.6,1.0,9.371
Punjab,Ludhiana,Rice,Kharif,53.94,718.7,25.3,7.31,146.8,1.62,8.21
Andhra Pradesh,Guntur,Cotton,Kharif,467.27,981.0,37.1,6.33,174.4,18.0,5.742
Assam,Nagaon,Wheat,Rabi,230.2,2653.6,19.1,5.79,104.2,0.65,8.386
Jharkhand,Hazaribag,Cotton,Kharif,11.16,1325.0,30.4,5.81,86.7,2.8,5.153
Rajasthan,Jaipur,Mustard,Rabi,410.52,386.8,22.3,7.81,140.7,0.61,3.825
Andhra Pradesh,Krishna,Barley,Rabi,106.57,1090.0,28.4,6.22,171.9,0.77,7.032
Haryana,Hisar,Wheat,Rabi,362.89,575.0,22.5,7.78,216.5,0.87,8.746
Rajasthan,Bikaner,Sugarcane,Whole Year,124.44,474.6,33.3,6.96,64.6,0.56,10.76
Madhya Pradesh,Indore,Wheat,Rabi,161.3,839.3,36.0,7.44,130.8,4.13,7.829
Gujarat,Ahmedabad,Cotton,Kharif,8.97,835.7,32.5,7.41,149.9,0.93,4.642
West Bengal,Burdwan,Soybean,Kharif,107.74,1004.7,27.6,5.88,143.2,3.53,6.169
Karnataka,Dharwad,Wheat,Rabi,53.56,1079.7,25.7,6.74,139.3,13.69,8.231
Andhra Pradesh,Kurnool,Chickpea,Rabi,173.77,844.9,30.0,6.0,180.6,5.03,3.802
Rajasthan,Bikaner,Wheat,Rabi,658.86,431.7,19.9,8.33,79.4,9.57,6.476
Gujarat,Rajkot,Sugarcane,Whole Year,663.79,621.7,29.0,7.36,136.4,0.89,13.0
Punjab,Ludhiana,Sugarcane,Whole Year,392.55,548.8,23.4,7.01,189.9,3.13,13.0
Madhya Pradesh,Indore,Mustard,Rabi,113.08,999.8,22.2,6.74,168.4,10.62,5.566
West Bengal,Nadia,Groundnut,Kharif,495.11,1098.9,29.2,6.46,92.2,6.31,6.198
Haryana,Karnal,Barley,Rabi,11.98,473.5,21.0,7.3,202.3,4.2,6.946
Haryana,Rohtak,Groundnut,Kharif,245.96,468.2,29.2,7.89,149.9,2.68,5.122
Punjab,Amritsar,Mustard,Rabi,428.67,747.9,28.4,7.25,216.3,1.88,5.082
Uttar Pradesh,Agra,Cotton,Kharif,293.12,792.7,27.8,7.67,180.3,1.51,5.71
Maharashtra,Nashik,Sugarcane,Whole Year,130.29,838.5,28.8,6.0,135.5,2.61,13.0
Haryana,Karnal,Mustard,Rabi,109.82,531.2,20.6,7.63,101.2,1.17,3.956
Haryana,Karnal,Maize,Kharif,387.21,548.8,25.9,7.2,205.8,1.13,8.893
Bihar,Muzaffarpur,Sugarcane,Whole Year,117.18,938.2,17.4,7.56,120.1,0.1,13.0
Karnataka,Raichur,Barley,Rabi,41.78,925.6,22.1,7.49,158.6,7.84,6.854
Karnataka,Dharwad,Rice,Kharif,229.25,962.5,31.1,6.64,122.2,2.98,9.067
Rajasthan,Jaipur,Sugarcane,Whole Year,382.79,331.8,35.4,8.56,116.3,1.78,10.576
Maharashtra,Nashik,Barley,Rabi,33.04,921.7,25.6,6.54,121.7,0.16,6.149
Jharkhand,Hazaribag,Barley,Rabi,33.81,1118.5,25.5,5.59,66.7,3.73,5.75
Jharkhand,Ranchi,Rice,Kharif,84.07,1368.4,27.6,4.96,110.6,2.64,10.262
Madhya Pradesh,Jabalpur,Cotton,Kharif,97.36,727.8,39.9,6.41,127.2,12.21,4.449
Gujarat,Surat,Rice,Kharif,1.94,901.7,33.2,7.65,168.6,0.87,9.25
Assam,Nagaon,Cotton,Kharif,270.37,2306.3,31.3,5.13,43.5,9.07,5.392
Rajasthan,Jaipur,Cotton,Kharif,118.24,297.3,32.0,7.33,88.8,2.89,3.237
Madhya Pradesh,Bhopal,Sugarcane,Whole Year,181.74,876.4,29.9,7.13,151.1,2.39,13.0
Uttar Pradesh,Varanasi,Mustard,Rabi,29.49,1090.7,17.3,6.15,153.4,2.34,5.394
Bihar,Gaya,Wheat,Rabi,42.9,1122.5,34.5,6.68,99.2,1.5,7.327
Karnataka,Dharwad,Sugarcane,Whole Year,42.59,842.3,25.9,6.54,162.2,4.4,13.0
West Bengal,Murshidabad,Rice,Kharif,1232.96,1240.2,26.8,5.01,197.9,4.14,11.269
Andhra Pradesh,Kurnool,Chickpea,Rabi,223.48,950.1,31.9,5.77,146.6,14.11,3.275
Uttar Pradesh,Agra,Groundnut,Kharif,37.93,836.9,34.1,6.64,90.3,5.58,5.272
Gujarat,Ahmedabad,Cotton,Kharif,68.43,443.9,30.0,7.1,169.9,0.71,4.835
Jharkhand,Dhanbad,Chickpea,Rabi,177.75,1424.2,14.1,5.93,89.8,1.82,3.915
Rajasthan,Jaipur,Groundnut,Kharif,170.01,286.8,27.8,7.65,126.6,8.07,4.873
Haryana,Rohtak,Wheat,Rabi,235.0,497.5,23.2,6.64,193.3,4.04,7.844
Rajasthan,Bikaner,Maize,Kharif,93.47,260.6,40.1,7.57,133.7,5.29,6.337
Assam,Kamrup,Groundnut,Kharif,382.31,2190.2,25.8,5.57,101.6,3.82,6.968
Assam,Kamrup,Mustard,Rabi,132.38,1834.8,23.2,5.9,117.3,8.38,6.054
Uttar Pradesh,Agra,Groundnut,Kharif,813.5,822.4,25.1,7.27,163.9,1.08,5.913
Haryana,Rohtak,Groundnut,Kharif,40.14,620.9,17.8,6.49,217.2,3.22,5.89
West Bengal,Murshidabad,Mustard,Rabi,912.07,1842.5,24.6,4.86,124.8,2.14,6.193
Madhya Pradesh,Bhopal,Chickpea,Rabi,114.76,931.0,19.4,6.87,44.4,1.1,2.922
Odisha,Sambalpur,Groundnut,Kharif,137.6,1434.5,15.8,5.91,38.8,2.42,4.991
Madhya Pradesh,Indore,Wheat,Rabi,153.81,764.2,36.8,6.0,68.4,2.11,5.886
Madhya Pradesh,Indore,Sugarcane,Whole Year,176.2,1005.5,24.1,6.77,112.0,1.3,13.0
Odisha,Puri,Maize,Kharif,92.9,1601.3,25.1,5.4,67.9,1.76,8.652
Madhya Pradesh,Jabalpur,Chickpea,Rabi,146.18,843.1,13.6,7.12,164.4,0.34,3.238
Odisha,Cuttack,Maize,Kharif,119.64,1403.2,23.7,6.45,119.8,5.23,9.661
Assam,Nagaon,Rice,Kharif,69.89,2097.4,31.4,6.03,54.7,0.87,9.913
Karnataka,Dharwad,Barley,Rabi,197.18,1274.3,25.6,7.1,108.2,0.1,6.512
West Bengal,Burdwan,Groundnut,Kharif,155.77,2165.8,26.8,6.55,177.4,9.32,7.65
Assam,Kamrup,Mustard,Rabi,126.0,1321.4,25.8,5.61,111.7,3.91,5.224
Odisha,Cuttack,Cotton,Kharif,255.34,1093.3,31.2,5.75,83.4,3.43,4.553
Madhya Pradesh,Jabalpur,Maize,Kharif,9.03,1134.1,30.2,7.12,152.4,0.6,8.936
Jharkhand,Hazaribag,Chickpea,Rabi,317.96,884.7,18.2,5.94,106.9,0.82,3.495
Tamil Nadu,Coimbatore,Soybean,Kharif,120.06,1202.0,33.0,6.37,199.6,6.59,6.817
Jharkhand,Dhanbad,Groundnut,Kharif,599.0,1287.0,26.4,6.91,81.9,0.62,6.098
Jharkhand,Dhanbad,Barley,Rabi,33.71,1336.3,38.9,6.48,107.8,0.1,5.826
Gujarat,Rajkot,Barley,Rabi,498.77,718.2,32.9,6.74,107.9,0.39,5.058
Haryana,Karnal,Chickpea,Rabi,77.44,390.5,18.7,7.2,166.7,14.03,3.347
Uttar Pradesh,Kanpur,Wheat,Rabi,410.29,789.7,19.2,6.67,147.3,1.53,8.281
Maharashtra,Pune,Chickpea,Rabi,54.57,1028.1,26.7,7.25,98.7,4.68,3.474
Assam,Kamrup,Sugarcane,Whole Year,170.02,2465.4,26.2,5.02,56.7,0.41,13.0
Gujarat,Ahmedabad,Cotton,Kharif,610.69,671.3,22.7,7.95,42.4,3.24,3.144
Punjab,Ludhiana,Wheat,Rabi,139.48,645.0,21.9,7.6,144.2,4.09,7.718
Assam,Kamrup,Cotton,Kharif,505.6,2217.9,27.8,5.22,78.0,1.57,5.631
Rajasthan,Bikaner,Soybean,Kharif,462.94,306.8,35.1,7.73,89.9,0.59,3.047
Gujarat,Rajkot,Sugarcane,Whole Year,592.24,811.7,25.0,7.78,185.8,1.93,13.0
Tamil Nadu,Coimbatore,Cotton,Kharif,462.6,828.4,30.0,6.06,135.1,0.66,4.526
Assam,Kamrup,Rice,Kharif,649.91,2657.2,21.1,6.63,86.1,0.43,10.097
Maharashtra,Nagpur,Rice,Kharif,45.17,1151.6,26.6,6.72,137.2,1.16,9.912
Assam,Kamrup,Rice,Kharif,223.54,1931.8,21.4,4.91,54.0,2.65,9.301
Rajasthan,Jodhpur,Sugarcane,Whole Year,142.62,315.8,35.0,7.22,115.4,0.47,10.23
Gujarat,Surat,Rice,Kharif,68.29,729.0,27.7,7.63,190.0,0.22,8.849
Madhya Pradesh,Indore,Barley,Rabi,269.66,1031.3,34.2,6.24,143.9,7.9,6.857
Uttar Pradesh,Kanpur,Barley,Rabi,273.78,888.4,29.8,7.98,85.3,5.19,5.51
West Bengal,Burdwan,Groundnut,Kharif,108.94,1746.8,35.0,5.26,136.3,4.11,6.503
West Bengal,Nadia,Maize,Kharif,238.5,1474.9,23.3,5.95,188.0,2.48,11.274
Jharkhand,Dhanbad,Groundnut,Kharif,245.45,1071.0,23.7,8.49,127.7,1.84,5.937
Assam,Nagaon,Chickpea,Rabi,196.9,2841.6,20.1,4.93,59.9,0.49,3.605
Andhra Pradesh,Kurnool,Soybean,Kharif,12.86,1272.3,29.3,6.11,45.6,8.34,5.79
Rajasthan,Jodhpur,Mustard,Rabi,67.01,228.7,32.9,7.58,102.0,3.86,2.99
Maharashtra,Pune,Soybean,Kharif,147.15,976.3,34.6,6.79,166.6,18.0,6.03
Punjab,Amritsar,Mustard,Rabi,51.89,716.4,29.6,7.49,206.8,2.38,5.097
Andhra Pradesh,Guntur,Mustard,Rabi,485.37,1047.6,34.4,7.1,131.9,3.61,5.22
Tamil Nadu,Coimbatore,Wheat,Rabi,375.1,981.0,24.8,6.4,207.0,15.71,9.516
Madhya Pradesh,Bhopal,Maize,Kharif,717.47,732.5,31.8,7.03,53.2,0.75,6.15
Rajasthan,Jodhpur,Barley,Rabi,327.92,511.5,38.6,7.23,146.7,2.67,5.299
Andhra Pradesh,Kurnool,Maize,Kharif,404.55,889.9,25.3,6.58,180.2,3.89,9.321
Uttar Pradesh,Agra,Chickpea,Rabi,280.99,740.9,18.7,6.79,208.1,2.03,4.376
Haryana,Hisar,Mustard,Rabi,211.72,496.5,22.9,7.74,202.4,0.7,5.078
Karnataka,Mysuru,Soybean,Kharif,297.06,899.1,27.7,5.97,100.0,7.38,5.673
Karnataka,Raichur,Barley,Rabi,104.69,900.4,29.1,6.2,117.6,2.65,5.725
Jharkhand,Ranchi,Mustard,Rabi,81.09,1424.2,25.1,6.49,86.6,2.03,5.096
Uttar Pradesh,Kanpur,Soybean,Kharif,401.63,876.6,33.5,7.01,195.5,0.23,5.891
Haryana,Rohtak,Barley,Rabi,180.02,359.7,21.9,7.88,171.5,18.0,5.792
West Bengal,Burdwan,Maize,Kharif,204.27,1769.8,29.1,6.09,115.2,6.95,9.798
Andhra Pradesh,Guntur,Barley,Rabi,50.74,1003.2,33.6,5.79,194.1,3.86,7.038
Jharkhand,Dhanbad,Soybean,Kharif,188.11,1367.6,25.4,5.87,72.8,0.85,6.588
Madhya Pradesh,Bhopal,Wheat,Rabi,88.25,906.0,15.5,6.4,106.8,7.69,7.405
Punjab,Patiala,Mustard,Rabi,239.58,705.0,23.5,6.13,145.1,2.57,4.906
Bihar,Gaya,Barley,Rabi,290.02,1351.3,34.3,7.12,82.8,1.55,5.947
Tamil Nadu,Madurai,Maize,Kharif,45.82,1274.4,33.5,5.49,172.1,0.27,9.492
Haryana,Rohtak,Barley,Rabi,184.17,377.1,25.3,6.88,152.8,9.31,5.76
Andhra Pradesh,Krishna,Cotton,Kharif,120.27,1114.6,25.0,6.4,140.4,1.42,5.44
Assam,Nagaon,Maize,Kharif,113.1,2129.2,22.3,5.42,132.4,2.85,10.136
Punjab,Patiala,Rice,Kharif,8.48,642.5,19.2,7.09,169.1,3.67,8.032
Andhra Pradesh,Kurnool,Wheat,Rabi,107.86,897.6,28.5,6.1,138.7,6.39,8.333
Maharashtra,Nashik,Sugarcane,Whole Year,24.0,1146.2,31.3,6.12,183.3,1.4,13.0
Gujarat,Surat,Cotton,Kharif,104.18,518.5,31.6,7.17,178.3,5.78,5.345
Rajasthan,Bikaner,Mustard,Rabi,125.71,572.1,36.9,7.99,49.1,1.71,2.84
Maharashtra,Pune,Cotton,Kharif,78.11,695.9,25.3,6.86,221.1,0.8,5.635
Rajasthan,Jodhpur,Wheat,Rabi,392.61,411.5,35.8,7.81,97.7,3.94,5.742
Jharkhand,Dhanbad,Barley,Rabi,214.05,1155.2,34.4,6.25,88.8,1.23,5.965
West Bengal,Murshidabad,Cotton,Kharif,131.83,1525.2,30.0,6.02,129.0,0.43,5.874
Karnataka,Raichur,Groundnut,Kharif,67.27,941.2,30.7,7.28,144.7,5.48,6.377
Karnataka,Raichur,Cotton,Kharif,278.55,763.1,22.5,6.06,110.7,12.63,4.609
Karnataka,Mysuru,Rice,Kharif,460.54,801.6,28.3,6.41,207.0,4.16,9.98
Madhya Pradesh,Indore,Sugarcane,Whole Year,39.43,784.7,24.0,6.51,168.0,1.85,13.0
Haryana,Rohtak,Barley,Rabi,290.14,371.6,23.9,7.2,198.6,5.98,6.183
West Bengal,Nadia,Rice,Kharif,197.98,1543.6,24.7,4.86,161.9,1.19,11.374
Uttar Pradesh,Kanpur,Mustard,Rabi,6.98,859.4,24.0,7.34,189.6,8.29,5.88
Maharashtra,Pune,Chickpea,Rabi,257.46,1161.9,26.4,6.51,97.0,0.57,3.972
Rajasthan,Bikaner,Sugarcane,Whole Year,89.87,479.1,43.3,7.23,139.7,1.32,11.571
Odisha,Cuttack,Maize,Kharif,305.5,1460.8,29.6,6.35,108.9,4.44,10.263
Tamil Nadu,Thanjavur,Maize,Kharif,288.43,1110.5,22.4,6.2,172.7,0.26,9.951
Madhya Pradesh,Jabalpur,Rice,Kharif,17.91,881.3,40.1,6.85,104.9,2.39,7.568
Assam,Jorhat,Cotton,Kharif,3.33,2043.4,29.4,6.54,65.1,0.55,5.411
West Bengal,Nadia,Mustard,Rabi,170.54,1811.7,26.9,6.52,99.9,3.27,5.439
Jharkhand,Hazaribag,Rice,Kharif,491.87,1025.6,23.7,5.68,77.4,1.48,8.214
Uttar Pradesh,Agra,Barley,Rabi,61.36,894.6,21.2,7.49,183.1,7.31,6.921
Tamil Nadu,Madurai,Sugarcane,Whole Year,147.53,1341.5,28.6,7.1,121.2,1.89,13.0
Haryana,Rohtak,Barley,Rabi,133.43,587.2,22.4,7.51,159.1,4.64,6.257
Karnataka,Raichur,Sugarcane,Whole Year,102.52,1223.3,24.1,6.36,127.8,3.15,13.0
Bihar,Gaya,Wheat,Rabi,56.18,965.2,23.5,6.06,147.3,2.23,7.901
Karnataka,Mysuru,Sugarcane,Whole Year,354.63,899.0,19.9,5.7,138.5,2.76,13.0
Assam,Nagaon,Cotton,Kharif,67.72,2147.6,29.2,5.68,77.3,5.5,5.475
West Bengal,Nadia,Groundnut,Kharif,160.43,1479.8,34.0,6.76,142.5,1.03,7.068
Tamil Nadu,Thanjavur,Groundnut,Kharif,326.56,499.1,29.3,6.05,201.3,1.46,5.66
Uttar Pradesh,Agra,Sugarcane,Whole Year,293.91,1066.1,12.0,6.35,167.9,2.84,13.0
Assam,Jorhat,Cotton,Kharif,60.34,2164.5,23.9,5.57,102.5,3.2,5.534
Rajasthan,Bikaner,Groundnut,Kharif,40.03,536.5,34.0,8.25,98.3,1.52,3.751
Jharkhand,Ranchi,Cotton,Kharif,86.81,925.8,30.7,5.55,32.2,0.45,3.429
West Bengal,Murshidabad,Groundnut,Kharif,24.56,1668.0,32.4,6.35,110.7,6.47,7.266
Gujarat,Surat,Cotton,Kharif,28.59,629.2,33.0,7.73,210.8,0.86,5.166
Assam,Nagaon,Soybean,Kharif,304.99,2386.8,31.2,6.28,61.4,9.51,7.028
Andhra Pradesh,Krishna,Soybean,Kharif,245.87,745.6,26.2,6.43,136.0,2.39,5.417
Bihar,Gaya,Wheat,Rabi,0.55,1293.7,26.5,7.85,59.6,1.59,7.337
Maharashtra,Nashik,Cotton,Kharif,3.12,840.3,24.1,7.28,117.9,5.94,4.575
Maharashtra,Pune,Cotton,Kharif,81.44,1019.6,35.1,6.58,79.4,1.48,4.565
Haryana,Karnal,Soybean,Kharif,469.09,655.5,30.0,8.0,201.0,11.0,5.514
Bihar,Muzaffarpur,Wheat,Rabi,526.61,856.0,30.6,6.74,158.9,1.43,8.397
Bihar,Muzaffarpur,Wheat,Rabi,215.61,1251.5,27.2,7.34,100.5,3.17,8.205
Haryana,Rohtak,Maize,Kharif,110.41,465.4,30.7,7.82,142.4,0.91,7.194
Punjab,Patiala,Cotton,Kharif,102.45,602.4,24.1,7.13,219.7,0.68,5.444
Bihar,Patna,Chickpea,Rabi,436.9,988.6,26.4,7.26,152.4,2.79,3.916
Gujarat,Surat,Sugarcane,Whole Year,113.7,585.7,32.1,7.77,163.5,17.24,13.0
Madhya Pradesh,Jabalpur,Sugarcane,Whole Year,632.61,936.4,37.8,6.54,40.3,1.7,12.531
Tamil Nadu,Madurai,Cotton,Kharif,9.94,859.9,28.6,6.45,187.3,3.07,5.293
Haryana,Hisar,Maize,Kharif,5.15,561.4,25.8,7.27,196.9,14.3,8.66
Madhya Pradesh,Bhopal,Soybean,Kharif,63.43,986.5,35.3,7.33,90.8,12.96,4.952
Gujarat,Surat,Cotton,Kharif,81.23,726.3,40.4,7.24,164.5,6.75,5.087
Maharashtra,Nagpur,Sugarcane,Whole Year,140.39,1002.8,41.6,6.64,143.4,1.22,13.0
Karnataka,Mysuru,Groundnut,Kharif,75.66,1147.5,29.1,6.35,130.3,1.32,6.495
Odisha,Cuttack,Rice,Kharif,6.94,1152.3,36.7,5.96,68.8,6.07,8.606
Andhra Pradesh,Kurnool,Soybean,Kharif,15.27,1169.2,28.5,7.34,141.3,0.74,6.385
Rajasthan,Jodhpur,Chickpea,Rabi,101.83,357.4,32.9,7.3,73.3,3.45,1.842
Assam,Kamrup,Groundnut,Kharif,802.36,2098.9,22.8,6.14,55.6,5.58,6.181
Haryana,Karnal,Groundnut,Kharif,55.25,629.2,27.2,7.11,209.3,15.0,6.605
Rajasthan,Jaipur,Maize,Kharif,49.18,289.7,39.7,7.82,80.2,2.86,5.491
Karnataka,Mysuru,Groundnut,Kharif,77.08,696.3,31.7,6.79,91.2,1.14,3.984
Bihar,Patna,Sugarcane,Whole Year,189.15,1382.9,32.4,6.13,86.6,0.5,13.0
Maharashtra,Nashik,Soybean,Kharif,114.8,981.3,27.5,6.89,148.0,1.4,5.91
Uttar Pradesh,Kanpur,Groundnut,Kharif,43.25,835.0,32.5,7.62,213.9,0.78,6.459
Andhra Pradesh,Kurnool,Chickpea,Rabi,268.62,909.0,24.8,6.83,156.5,7.98,3.476
Haryana,Rohtak,Sugarcane,Whole Year,487.66,553.5,34.4,7.45,138.1,0.1,12.405
Gujarat,Ahmedabad,Cotton,Kharif,192.36,706.9,26.1,6.96,175.9,1.3,5.305
Odisha,Puri,Maize,Kharif,97.87,1196.1,22.9,5.52,90.7,11.72,8.039
Assam,Nagaon,Cotton,Kharif,4.15,1771.2,21.6,5.83,96.8,3.24,5.179
Uttar Pradesh,Agra,Barley,Rabi,50.66,912.5,27.2,7.56,212.2,2.68,7.845
Rajasthan,Jaipur,Barley,Rabi,48.79,405.6,42.7,7.0,140.4,1.69,4.133
Haryana,Hisar,Cotton,Kharif,33.12,600.5,22.0,7.14,206.9,1.5,5.139
Odisha,Puri,Cotton,Kharif,73.41,1318.9,26.1,6.99,118.6,0.23,5.406
Uttar Pradesh,Agra,Rice,Kharif,89.4,854.5,18.5,6.91,179.4,2.24,9.45
Madhya Pradesh,Jabalpur,Barley,Rabi,4.38,942.7,25.3,7.02,163.6,3.07,6.922
Tamil Nadu,Coimbatore,Maize,Kharif,20.53,1030.6,28.4,6.75,168.2,2.6,9.237
Jharkhand,Dhanbad,Rice,Kharif,829.25,920.7,28.7,5.38,133.6,6.67,9.029
Karnataka,Dharwad,Soybean,Kharif,215.31,1001.5,33.6,6.59,126.8,1.31,5.55
Jharkhand,Dhanbad,Chickpea,Rabi,152.7,1192.6,26.3,6.59,78.5,6.06,3.695
Odisha,Cuttack,Chickpea,Rabi,311.11,1494.3,29.0,5.75,96.4,0.1,3.902
Maharashtra,Nashik,Chickpea,Rabi,143.12,786.3,23.2,6.38,153.6,7.33,3.877
West Bengal,Murshidabad,Barley,Rabi,241.01,1655.0,25.6,5.62,147.3,4.25,7.596
West Bengal,Burdwan,Soybean,Kharif,0.45,1575.8,31.6,6.17,168.9,0.1,7.044
Maharashtra,Pune,Soybean,Kharif,100.51,904.7,34.0,6.91,143.6,0.35,5.045
Karnataka,Raichur,Maize,Kharif,250.91,674.4,31.5,6.29,100.8,1.19,6.56
Rajasthan,Bikaner,Wheat,Rabi,245.11,316.5,30.8,8.5,92.9,5.56,5.249
Assam,Jorhat,Barley,Rabi,88.83,2425.1,24.4,5.12,104.9,8.17,7.051
Gujarat,Ahmedabad,Chickpea,Rabi,481.04,696.2,31.3,7.06,120.7,0.1,2.613
Haryana,Rohtak,Mustard,Rabi,200.22,544.7,17.1,7.46,267.3,1.26,6.422
Bihar,Gaya,Chickpea,Rabi,47.62,806.9,28.3,7.01,137.1,1.03,3.374
Tamil Nadu,Thanjavur,Sugarcane,Whole Year,145.8,914.7,30.1,6.43,182.7,3.88,13.0
Bihar,Gaya,Mustard,Rabi,14.13,834.3,32.1,7.42,134.2,0.29,4.836
Gujarat,Rajkot,Wheat,Rabi,407.21,786.8,25.5,7.11,160.0,3.04,8.14
Uttar Pradesh,Kanpur,Soybean,Kharif,48.96,1012.1,23.9,7.0,152.0,4.76,6.364
Bihar,Gaya,Maize,Kharif,262.31,1108.7,28.2,7.68,132.6,1.21,8.668
West Bengal,Murshidabad,Wheat,Rabi,324.71,1453.2,25.0,6.46,86.6,4.99,8.534
Jharkhand,Ranchi,Cotton,Kharif,312.66,1484.4,27.6,5.18,97.7,3.27,5.343
Maharashtra,Nagpur,Mustard,Rabi,404.01,1068.3,28.5,7.34,141.7,3.18,5.471
Andhra Pradesh,Krishna,Cotton,Kharif,454.27,1053.0,31.1,6.0,120.9,2.48,5.026
Odisha,Puri,Barley,Rabi,217.3,1428.1,31.4,6.21,77.4,4.81,6.732
Haryana,Karnal,Wheat,Rabi,3.68,637.4,25.9,7.31,237.3,1.95,8.734
Tamil Nadu,Madurai,Barley,Rabi,1023.62,1064.6,29.9,5.87,166.1,0.52,7.41
Assam,Jorhat,Soybean,Kharif,302.25,2442.1,27.3,5.16,116.4,1.06,7.16
Odisha,Cuttack,Sugarcane,Whole Year,238.47,1004.6,26.7,6.28,95.4,0.42,13.0
Bihar,Gaya,Barley,Rabi,12.25,952.4,21.2,7.52,115.0,1.63,6.273
Gujarat,Ahmedabad,Sugarcane,Whole Year,7.09,702.4,31.6,7.47,127.6,3.43,12.978
Assam,Kamrup,Maize,Kharif,34.75,2280.1,24.2,6.36,73.5,2.19,8.848
Punjab,Patiala,Rice,Kharif,438.23,731.3,24.7,7.33,216.1,1.43,9.902
Madhya Pradesh,Indore,Wheat,Rabi,59.54,906.6,33.5,5.94,48.0,0.46,5.625
Madhya Pradesh,Bhopal,Wheat,Rabi,48.0,853.8,20.6,7.62,186.3,2.25,8.77
Jharkhand,Dhanbad,Mustard,Rabi,101.16,1246.4,30.4,5.75,151.8,5.28,5.65
Rajasthan,Jodhpur,Groundnut,Kharif,40.97,457.1,29.1,8.13,72.6,5.91,3.877
Assam,Jorhat,Wheat,Rabi,379.9,2281.2,29.0,5.78,102.1,0.27,8.65
Maharashtra,Pune,Cotton,Kharif,148.31,1028.1,31.2,6.0,89.0,7.14,4.751
Uttar Pradesh,Agra,Chickpea,Rabi,284.33,749.6,18.8,7.04,103.9,0.44,3.546
Gujarat,Ahmedabad,Barley,Rabi,22.27,689.1,34.5,7.67,186.4,1.11,5.711
Jharkhand,Ranchi,Groundnut,Kharif,33.37,1305.7,22.2,4.84,144.8,2.04,6.586
Assam,Kamrup,Rice,Kharif,77.1,2506.9,24.9,4.95,108.5,5.43,10.784
Rajasthan,Jodhpur,Soybean,Kharif,89.29,306.5,22.5,8.13,179.9,3.87,4.178
Karnataka,Dharwad,Cotton,Kharif,342.64,1113.6,26.3,6.77,123.5,3.78,5.224
Bihar,Patna,Barley,Rabi,60.0,922.9,22.6,5.87,106.1,4.93,6.529
Odisha,Puri,Mustard,Rabi,392.88,1169.0,27.9,5.66,114.4,5.01,5.283
Rajasthan,Bikaner,Soybean,Kharif,373.8,199.9,26.4,8.47,71.7,2.38,2.727
Jharkhand,Hazaribag,Barley,Rabi,835.53,1135.2,35.8,6.37,151.6,1.19,6.519
Karnataka,Raichur,Mustard,Rabi,158.52,986.8,29.0,6.69,62.9,3.75,4.036
Rajasthan,Jodhpur,Cotton,Kharif,388.44,315.4,29.5,8.25,90.4,1.84,3.33
Haryana,Rohtak,Maize,Kharif,43.56,517.0,31.9,7.55,202.3,0.23,8.319
West Bengal,Murshidabad,Chickpea,Rabi,140.26,1593.2,29.0,6.25,133.8,2.26,4.128
Bihar,Gaya,Sugarcane,Whole Year,48.79,1160.5,33.3,5.96,119.3,1.46,13.0
Gujarat,Ahmedabad,Rice,Kharif,154.87,677.6,28.7,8.13,203.5,4.3,9.659
Andhra Pradesh,Kurnool,Cotton,Kharif,36.5,774.5,27.5,5.44,212.7,1.03,5.742
West Bengal,Burdwan,Rice,Kharif,187.25,1449.3,26.0,6.12,138.3,2.94,11.284
Karnataka,Raichur,Cotton,Kharif,70.19,734.7,24.8,6.61,144.4,3.79,4.331
Punjab,Ludhiana,Cotton,Kharif,218.18,674.8,14.2,6.94,207.2,2.63,4.847
West Bengal,Burdwan,Mustard,Rabi,21.96,1698.6,30.5,6.59,106.4,9.54,5.349
Bihar,Muzaffarpur,Soybean,Kharif,30.02,772.4,31.4,7.03,141.3,4.51,5.068
Andhra Pradesh,Krishna,Groundnut,Kharif,147.24,926.4,33.2,6.61,145.2,0.43,5.756
Tamil Nadu,Madurai,Wheat,Rabi,126.46,1377.2,32.5,6.04,152.2,0.3,9.147
Jharkhand,Ranchi,Chickpea,Rabi,511.43,1330.6,39.4,6.52,67.9,2.01,3.325
Tamil Nadu,Madurai,Barley,Rabi,145.13,791.6,29.1,6.24,155.6,3.16,6.662
West Bengal,Nadia,Sugarcane,Whole Year,123.76,1379.0,28.1,6.94,129.0,10.52,13.0
Rajasthan,Jodhpur,Rice,Kharif,55.81,381.5,19.0,7.86,120.4,2.03,6.023
Punjab,Ludhiana,Rice,Kharif,372.36,608.9,23.9,7.68,225.0,0.33,9.152
Madhya Pradesh,Jabalpur,Maize,Kharif,47.13,1056.6,22.1,7.43,151.6,2.35,9.026
Karnataka,Mysuru,Soybean,Kharif,64.32,813.4,22.3,6.38,95.4,0.29,5.097
Odisha,Puri,Rice,Kharif,188.17,1686.4,33.5,6.67,116.7,8.34,10.805
Haryana,Hisar,Mustard,Rabi,158.45,555.7,22.2,7.26,195.9,1.92,5.403
Madhya Pradesh,Indore,Chickpea,Rabi,187.22,892.1,31.0,6.35,153.0,12.27,3.64
West Bengal,Murshidabad,Maize,Kharif,178.12,1607.8,26.7,5.42,85.2,8.87,9.47
Punjab,Ludhiana,Chickpea,Rabi,55.3,683.4,14.5,6.89,236.7,6.38,4.406
West Bengal,Murshidabad,Mustard,Rabi,198.87,1250.5,33.8,6.13,216.2,8.31,6.497
Bihar,Muzaffarpur,Soybean,Kharif,212.9,673.9,27.2,6.77,111.4,4.1,5.84
Rajasthan,Bikaner,Barley,Rabi,241.33,228.7,33.0,8.55,38.1,2.76,2.865
Bihar,Patna,Barley,Rabi,35.23,1354.9,31.3,6.89,203.4,1.7,8.334
Odisha,Sambalpur,Maize,Kharif,92.01,1483.0,31.7,6.36,104.4,0.91,9.791
Bihar,Muzaffarpur,Barley,Rabi,66.84,1202.8,26.7,6.12,146.1,8.86,7.643
Assam,Nagaon,Wheat,Rabi,253.34,1652.6,28.8,4.97,116.4,6.75,8.67
Andhra Pradesh,Guntur,Maize,Kharif,12.87,1034.9,23.2,6.66,153.7,1.67,9.068
Madhya Pradesh,Jabalpur,Cotton,Kharif,55.87,919.7,15.9,7.06,82.2,8.45,4.622
Punjab,Patiala,Soybean,Kharif,308.52,612.9,23.7,7.59,191.0,6.82,5.452
Assam,Jorhat,Chickpea,Rabi,147.72,2447.3,23.6,5.5,59.2,1.63,3.95
Karnataka,Raichur,Groundnut,Kharif,296.71,690.7,26.9,6.87,180.4,2.17,5.674
Tamil Nadu,Madurai,Cotton,Kharif,366.44,1092.0,22.4,6.51,148.8,1.65,5.234
Uttar Pradesh,Agra,Rice,Kharif,142.2,767.7,23.1,7.33,170.0,1.24,8.826
Uttar Pradesh,Agra,Barley,Rabi,162.52,800.7,23.2,7.11,194.5,3.66,6.916
Tamil Nadu,Coimbatore,Soybean,Kharif,239.52,1351.7,27.8,6.25,258.4,1.76,8.137
Karnataka,Dharwad,Mustard,Rabi,126.3,697.7,22.6,6.22,139.9,2.58,5.067
Assam,Kamrup,Maize,Kharif,35.76,2193.7,20.3,5.52,146.4,9.31,10.42
Maharashtra,Nashik,Mustard,Rabi,469.27,870.8,32.4,7.19,134.3,0.24,4.576
Haryana,Karnal,Barley,Rabi,214.89,482.2,20.7,7.05,156.1,0.43,6.338
Odisha,Sambalpur,Barley,Rabi,13.34,1042.7,30.9,6.59,57.2,3.02,5.032
Odisha,Cuttack,Soybean,Kharif,11.23,1440.7,26.5,6.51,79.7,3.49,6.995
Odisha,Cuttack,Mustard,Rabi,215.57,1201.2,29.2,5.06,87.5,0.64,4.475
Punjab,Ludhiana,Wheat,Rabi,511.23,571.0,25.5,6.97,232.9,4.32,9.444
Andhra Pradesh,Kurnool,Wheat,Rabi,1527.57,974.4,22.9,6.23,113.0,2.56,8.088
Haryana,Karnal,Chickpea,Rabi,3.07,579.9,26.2,6.94,196.3,4.22,4.209
Punjab,Patiala,Cotton,Kharif,541.84,680.8,34.0,7.55,204.8,1.24,5.586
Gujarat,Ahmedabad,Cotton,Kharif,346.92,413.9,36.3,7.28,190.1,6.42,5.004
Maharashtra,Nashik,Sugarcane,Whole Year,58.85,1161.8,29.4,6.79,139.6,4.68,13.0
Uttar Pradesh,Agra,Maize,Kharif,79.88,689.1,28.9,6.96,171.6,1.61,8.469
Jharkhand,Hazaribag,Chickpea,Rabi,197.8,1048.0,22.6,6.96,101.3,14.72,3.612
Jharkhand,Dhanbad,Cotton,Kharif,14.62,1465.9,25.6,5.16,60.6,1.17,5.02
Bihar,Patna,Mustard,Rabi,3.42,1300.6,27.2,8.01,117.1,5.15,5.097
Assam,Jorhat,Soybean,Kharif,98.68,1789.9,17.9,5.44,93.1,3.64,6.722
Karnataka,Mysuru,Barley,Rabi,289.22,614.2,20.1,6.46,117.3,2.02,5.88
Haryana,Rohtak,Soybean,Kharif,40.92,582.4,36.2,7.63,183.2,0.6,4.526
Andhra Pradesh,Guntur,Chickpea,Rabi,8.19,953.8,30.5,7.1,144.2,7.1,3.897
Karnataka,Dharwad,Groundnut,Kharif,216.19,506.5,20.6,6.4,114.8,0.97,4.361
Assam,Jorhat,Maize,Kharif,12.97,2124.9,23.6,5.17,89.2,0.8,8.736
Uttar Pradesh,Agra,Barley,Rabi,161.28,734.6,19.8,7.37,103.8,0.28,6.014
West Bengal,Nadia,Rice,Kharif,118.36,1583.2,28.7,6.73,174.0,1.16,12.061
Uttar Pradesh,Varanasi,Maize,Kharif,226.6,876.4,25.8,7.88,190.2,6.02,9.636
Maharashtra,Pune,Sugarcane,Whole Year,184.79,1091.0,33.5,6.62,73.2,4.69,13.0
Bihar,Gaya,Maize,Kharif,97.0,1147.9,22.5,6.49,63.9,6.69,7.887
Andhra Pradesh,Kurnool,Groundnut,Kharif,173.56,1161.8,30.8,6.63,162.5,1.44,6.732
Assam,Jorhat,Soybean,Kharif,402.25,2630.7,20.6,6.52,100.9,3.23,6.871
Bihar,Gaya,Sugarcane,Whole Year,12.69,1221.7,28.6,7.44,86.4,4.39,13.0
Rajasthan,Bikaner,Rice,Kharif,469.92,400.5,31.2,8.25,117.9,3.93,6.832
Haryana,Karnal,Chickpea,Rabi,109.53,496.2,23.4,7.53,173.9,7.49,3.476
West Bengal,Burdwan,Maize,Kharif,118.96,1830.7,30.6,5.86,107.6,1.59,9.683
Odisha,Sambalpur,Sugarcane,Whole Year,121.93,1337.7,31.8,5.57,99.0,1.8,13.0
Uttar Pradesh,Varanasi,Wheat,Rabi,176.91,988.6,33.8,6.66,184.6,9.91,9.217
Karnataka,Dharwad,Groundnut,Kharif,201.54,1112.9,27.0,6.71,199.7,9.75,7.235
Jharkhand,Ranchi,Wheat,Rabi,112.98,1598.9,23.6,4.84,62.3,4.76,8.334
Maharashtra,Pune,Maize,Kharif,65.95,1001.3,43.2,7.52,155.0,4.54,8.534
Tamil Nadu,Coimbatore,Maize,Kharif,53.69,1366.7,31.0,6.44,123.9,14.53,10.028
West Bengal,Nadia,Maize,Kharif,53.48,1681.6,28.8,6.5,113.3,2.03,9.976
Punjab,Amritsar,Groundnut,Kharif,302.45,555.9,24.6,7.33,173.0,2.81,5.443
Rajasthan,Jodhpur,Groundnut,Kharif,173.42,222.1,35.1,8.55,109.4,13.04,3.955
Punjab,Amritsar,Barley,Rabi,297.76,500.1,25.0,7.94,201.3,0.1,5.95
Maharashtra,Nagpur,Groundnut,Kharif,101.66,1006.1,37.3,7.29,82.9,0.91,5.013
Punjab,Patiala,Chickpea,Rabi,12.64,664.3,17.7,7.78,199.8,7.69,3.702
West Bengal,Murshidabad,Barley,Rabi,12.31,1806.5,25.0,7.34,199.7,6.75,7.938
Uttar Pradesh,Agra,Maize,Kharif,830.94,751.3,19.9,6.94,114.5,2.53,7.706
Bihar,Gaya,Mustard,Rabi,137.36,1253.0,31.5,7.25,134.0,5.08,5.447
West Bengal,Nadia,Soybean,Kharif,111.49,1824.2,30.8,5.87,165.5,8.11,7.261
Odisha,Cuttack,Rice,Kharif,297.57,1304.3,31.4,6.03,115.3,1.84,9.914
Odisha,Puri,Chickpea,Rabi,1155.97,1313.9,31.7,6.59,141.6,5.13,4.728
Karnataka,Dharwad,Chickpea,Rabi,244.89,536.8,27.0,7.41,116.3,5.57,3.142
Punjab,Amritsar,Sugarcane,Whole Year,3.2,553.7,23.1,7.02,168.8,5.41,13.0
Madhya Pradesh,Jabalpur,Maize,Kharif,49.95,629.2,27.2,6.3,67.6,0.1,6.112
Maharashtra,Nashik,Groundnut,Kharif,107.67,916.3,37.1,6.53,122.4,0.59,5.321
Jharkhand,Hazaribag,Maize,Kharif,812.6,1140.7,32.3,6.3,110.8,7.53,8.86
Rajasthan,Jaipur,Barley,Rabi,196.22,464.6,38.3,6.9,97.0,11.43,4.522
Maharashtra,Nashik,Mustard,Rabi,286.28,912.8,15.0,6.79,92.0,0.38,4.513
Assam,Nagaon,Cotton,Kharif,231.51,1838.9,22.4,5.86,93.9,9.14,5.869
Karnataka,Mysuru,Mustard,Rabi,193.94,1010.5,29.3,6.18,102.7,0.34,4.418
Bihar,Patna,Rice,Kharif,35.97,1091.1,32.5,7.11,136.8,2.74,9.557
Bihar,Muzaffarpur,Chickpea,Rabi,125.08,956.0,26.7,6.35,114.0,0.54,3.895
Punjab,Amritsar,Maize,Kharif,32.65,663.7,18.6,7.8,222.5,9.94,9.402
Assam,Nagaon,Barley,Rabi,67.61,2327.8,26.8,5.23,48.3,0.62,5.758
Gujarat,Ahmedabad,Maize,Kharif,378.64,828.3,31.3,7.17,170.6,0.76,9.089
West Bengal,Nadia,Cotton,Kharif,328.4,1030.7,25.9,5.56,238.0,0.33,6.472
Andhra Pradesh,Krishna,Rice,Kharif,892.86,822.9,26.1,6.65,133.3,3.52,9.245
West Bengal,Nadia,Wheat,Rabi,238.0,1259.5,34.4,6.79,169.9,0.35,9.257
Punjab,Patiala,Cotton,Kharif,16.45,634.1,32.9,7.41,252.9,4.54,6.26
Haryana,Rohtak,Sugarcane,Whole Year,787.26,592.3,26.2,7.45,207.3,18.0,13.0
Haryana,Karnal,Wheat,Rabi,15.36,485.2,29.6,7.46,192.3,1.83,7.847
Andhra Pradesh,Krishna,Soybean,Kharif,555.43,810.7,31.3,6.63,207.8,6.19,6.185
Madhya Pradesh,Bhopal,Maize,Kharif,41.42,1056.2,46.4,7.29,97.2,1.57,7.453
West Bengal,Murshidabad,Maize,Kharif,28.19,1590.8,31.6,6.37,129.8,1.83,9.903
Rajasthan,Jodhpur,Groundnut,Kharif,81.93,446.3,27.5,7.18,115.3,6.58,4.962
Gujarat,Ahmedabad,Barley,Rabi,57.49,382.9,31.9,7.14,120.1,0.33,4.86
Odisha,Puri,Groundnut,Kharif,154.73,1450.7,33.7,5.77,65.8,6.49,6.149
Assam,Kamrup,Soybean,Kharif,54.47,1978.3,25.1,6.32,126.4,1.99,7.256
Tamil Nadu,Thanjavur,Maize,Kharif,27.06,1076.3,29.5,7.11,140.8,3.9,8.9
Assam,Jorhat,Soybean,Kharif,148.15,2117.3,22.8,6.08,72.5,2.54,6.429
Bihar,Patna,Mustard,Rabi,51.0,903.4,28.7,6.87,197.3,1.2,6.155
Tamil Nadu,Madurai,Rice,Kharif,45.01,1286.9,29.0,7.21,203.9,0.47,11.639
West Bengal,Nadia,Cotton,Kharif,246.51,1361.7,23.2,6.62,202.6,5.17,6.809
Karnataka,Dharwad,Soybean,Kharif,275.35,900.7,31.6,6.39,102.5,0.26,5.132
Tamil Nadu,Coimbatore,Soybean,Kharif,29.29,1103.2,30.9,6.21,120.7,2.33,5.831
Odisha,Sambalpur,Cotton,Kharif,199.08,1565.9,21.1,6.34,85.2,7.45,5.621
Andhra Pradesh,Krishna,Maize,Kharif,409.15,767.0,28.6,6.84,113.6,3.59,7.676
Karnataka,Mysuru,Maize,Kharif,106.22,572.2,26.1,6.35,136.8,4.6,7.96
Karnataka,Mysuru,Barley,Rabi,137.92,752.0,23.5,6.74,102.6,1.49,5.702
Punjab,Patiala,Chickpea,Rabi,352.48,590.4,31.2,6.76,227.0,1.56,3.924
Gujarat,Rajkot,Mustard,Rabi,317.63,814.5,35.9,6.88,176.3,2.28,5.636
Karnataka,Raichur,Sugarcane,Whole Year,2.41,1161.3,25.0,6.43,109.7,1.36,13.0
Madhya Pradesh,Jabalpur,Soybean,Kharif,708.0,821.4,32.0,6.76,106.2,2.79,5.261
Bihar,Gaya,Rice,Kharif,130.93,984.6,25.1,6.89,143.3,3.22,9.253
Punjab,Amritsar,Groundnut,Kharif,314.65,490.7,20.0,7.17,193.0,1.56,5.422
Andhra Pradesh,Guntur,Soybean,Kharif,246.23,891.9,29.4,6.89,157.5,0.52,5.176
Uttar Pradesh,Kanpur,Groundnut,Kharif,355.79,737.3,31.4,7.42,192.6,1.31,5.74
Haryana,Karnal,Cotton,Kharif,16.15,621.6,22.2,7.25,224.8,0.1,5.185
Gujarat,Surat,Rice,Kharif,101.85,588.9,31.4,6.94,119.3,0.89,7.591
Gujarat,Surat,Cotton,Kharif,9.7,570.0,28.2,7.1,200.4,0.75,5.104
Madhya Pradesh,Jabalpur,Rice,Kharif,93.68,987.4,18.8,6.9,35.3,3.58,7.417
Tamil Nadu,Madurai,Soybean,Kharif,42.15,1049.0,31.7,6.38,165.4,0.18,5.647
Jharkhand,Ranchi,Sugarcane,Whole Year,92.43,1232.0,23.2,5.8,56.3,5.7,13.0
Uttar Pradesh,Agra,Maize,Kharif,588.35,558.1,22.1,6.94,198.4,0.3,8.396
Uttar Pradesh,Varanasi,Soybean,Kharif,70.91,795.4,23.3,7.02,272.3,7.53,6.784
Andhra Pradesh,Krishna,Cotton,Kharif,273.33,1015.6,24.7,6.52,133.0,0.77,4.985
Tamil Nadu,Coimbatore,Maize,Kharif,15.1,1069.2,28.0,6.32,166.2,0.73,9.479
Madhya Pradesh,Indore,Wheat,Rabi,585.64,1140.6,29.4,6.93,93.8,2.88,7.648
Odisha,Sambalpur,Cotton,Kharif,16.57,1486.5,34.9,6.13,100.1,0.1,5.502
Maharashtra,Pune,Groundnut,Kharif,51.16,1305.4,35.2,6.0,168.4,2.12,6.886
Haryana,Karnal,Maize,Kharif,247.93,559.5,28.1,7.33,111.8,0.83,6.938
Assam,Jorhat,Wheat,Rabi,193.99,2781.9,18.9,5.89,57.5,4.09,8.24
West Bengal,Nadia,Cotton,Kharif,27.44,1731.6,30.2,7.0,148.8,0.37,6.459
Uttar Pradesh,Varanasi,Groundnut,Kharif,146.19,932.3,12.0,7.19,248.3,4.55,6.337
Gujarat,Ahmedabad,Chickpea,Rabi,90.76,516.9,25.7,7.6,79.8,2.88,2.169
Assam,Kamrup,Mustard,Rabi,2.89,2025.4,19.9,5.83,91.7,0.1,5.147
Punjab,Amritsar,Chickpea,Rabi,903.58,406.0,21.3,7.6,201.3,0.1,3.88
Rajasthan,Jaipur,Soybean,Kharif,54.42,309.7,29.9,7.96,68.4,4.55,3.473
Maharashtra,Pune,Rice,Kharif,452.5,789.5,32.5,7.62,139.0,6.95,8.681
Tamil Nadu,Thanjavur,Wheat,Rabi,122.1,807.0,32.1,6.6,159.1,4.77,8.02
Rajasthan,Jaipur,Sugarcane,Whole Year,1013.46,297.9,37.1,8.32,132.4,2.22,10.632
Madhya Pradesh,Jabalpur,Maize,Kharif,22.73,874.3,28.2,6.57,121.6,2.4,8.003
Madhya Pradesh,Bhopal,Sugarcane,Whole Year,13.35,1181.7,23.0,6.7,85.3,3.69,13.0
Madhya Pradesh,Indore,Chickpea,Rabi,60.85,1076.6,23.2,7.03,48.6,1.99,3.196
Maharashtra,Nashik,Groundnut,Kharif,294.72,1243.1,24.7,6.52,156.9,5.71,6.871
Jharkhand,Ranchi,Groundnut,Kharif,58.12,1083.3,31.4,5.63,167.2,7.35,6.349
Madhya Pradesh,Indore,Soybean,Kharif,72.45,914.1,18.3,7.45,124.3,5.6,5.537
West Bengal,Murshidabad,Cotton,Kharif,115.67,1680.1,32.0,6.75,147.1,0.19,6.107
Tamil Nadu,Madurai,Cotton,Kharif,306.44,1107.3,35.4,6.45,206.0,9.32,6.666
Karnataka,Raichur,Wheat,Rabi,260.0,987.7,25.4,7.46,107.7,7.73,7.838
Gujarat,Rajkot,Wheat,Rabi,54.87,607.9,26.6,8.36,160.3,3.1,7.354
Bihar,Muzaffarpur,Maize,Kharif,154.28,1218.5,37.9,6.99,157.7,17.5,9.542
Maharashtra,Nagpur,Wheat,Rabi,53.54,1031.2,29.5,6.66,114.5,18.0,7.8
Gujarat,Rajkot,Cotton,Kharif,225.36,786.4,23.7,8.18,134.6,0.25,4.069
Assam,Kamrup,Sugarcane,Whole Year,103.14,2413.9,21.5,4.66,91.9,1.63,13.0
Andhra Pradesh,Krishna,Mustard,Rabi,105.85,885.2,22.6,6.96,174.8,9.73,5.405
Andhra Pradesh,Krishna,Soybean,Kharif,432.85,1084.0,31.7,6.17,108.5,0.29,5.903
Tamil Nadu,Coimbatore,Barley,Rabi,167.88,1110.1,25.9,6.13,265.5,1.87,8.85
Maharashtra,Pune,Maize,Kharif,134.31,1150.0,26.9,5.89,145.6,0.86,9.322
Uttar Pradesh,Kanpur,Mustard,Rabi,610.78,808.3,25.9,6.41,224.8,1.98,6.412
Madhya Pradesh,Jabalpur,Groundnut,Kharif,78.8,895.0,27.5,7.76,112.2,0.76,5.425
Madhya Pradesh,Bhopal,Wheat,Rabi,14.95,858.9,23.9,7.55,176.0,4.25,8.359
Haryana,Rohtak,Soybean,Kharif,157.42,584.7,34.9,7.35,140.2,10.54,4.685
Assam,Nagaon,Soybean,Kharif,398.75,2189.1,26.4,5.98,100.0,5.36,7.608
West Bengal,Burdwan,Mustard,Rabi,40.01,1531.7,23.9,6.55,129.0,2.15,6.131
Gujarat,Ahmedabad,Soybean,Kharif,150.19,1017.1,35.2,7.09,134.4,4.9,5.85
Punjab,Patiala,Mustard,Rabi,277.03,669.5,22.5,6.9,143.6,0.93,5.265
Odisha,Sambalpur,Cotton,Kharif,349.79,1376.0,35.5,7.22,130.1,5.01,5.95
Gujarat,Ahmedabad,Soybean,Kharif,196.42,873.7,25.6,6.45,148.9,6.35,6.028
Punjab,Ludhiana,Mustard,Rabi,566.04,536.7,20.8,7.51,214.5,11.61,5.768
Gujarat,Rajkot,Barley,Rabi,719.52,663.8,28.7,7.59,207.6,4.36,6.816
Andhra Pradesh,Guntur,Mustard,Rabi,71.83,880.4,25.8,6.61,113.5,1.97,4.544
Bihar,Muzaffarpur,Maize,Kharif,94.36,1091.6,32.3,7.9,56.9,0.48,7.007
Andhra Pradesh,Guntur,Rice,Kharif,31.33,982.0,25.9,6.24,188.7,0.71,9.987
Madhya Pradesh,Jabalpur,Chickpea,Rabi,127.88,936.1,25.3,8.29,125.6,2.31,3.639
Madhya Pradesh,Bhopal,Sugarcane,Whole Year,232.18,922.6,23.4,6.51,106.6,7.3,13.0
Odisha,Sambalpur,Maize,Kharif,171.31,1376.0,27.9,4.75,160.4,4.65,10.197
West Bengal,Nadia,Wheat,Rabi,343.99,1316.0,30.4,6.47,186.0,5.42,10.16
Assam,Nagaon,Soybean,Kharif,134.41,2030.3,22.5,5.26,54.3,11.18,6.66
Gujarat,Ahmedabad,Sugarcane,Whole Year,14.28,362.0,27.3,6.88,248.3,4.65,13.0
Odisha,Sambalpur,Barley,Rabi,327.48,1315.8,30.8,6.64,70.0,1.66,6.139
West Bengal,Murshidabad,Maize,Kharif,221.3,1631.8,30.0,6.56,114.9,2.16,9.74
Andhra Pradesh,Guntur,Mustard,Rabi,103.87,773.5,27.0,6.07,195.6,4.32,5.479
Karnataka,Raichur,Soybean,Kharif,29.92,969.6,30.7,5.84,136.5,0.61,5.456
Jharkhand,Hazaribag,Sugarcane,Whole Year,313.22,1096.3,24.1,5.15,115.4,1.24,13.0
Rajasthan,Bikaner,Groundnut,Kharif,3.43,244.2,19.4,7.37,79.9,0.77,2.825
Maharashtra,Nashik,Chickpea,Rabi,35.42,1306.6,34.9,7.28,118.5,7.54,3.609
Gujarat,Rajkot,Soybean,Kharif,368.21,634.2,42.8,6.93,138.2,7.82,4.689
Tamil Nadu,Madurai,Mustard,Rabi,44.7,1268.8,33.6,6.5,149.3,1.37,5.197
Odisha,Puri,Sugarcane,Whole Year,10.94,1469.8,45.6,5.51,132.7,2.17,13.0
Haryana,Rohtak,Soybean,Kharif,9.35,458.4,20.0,7.3,166.1,5.32,4.646
Rajasthan,Jaipur,Chickpea,Rabi,69.23,341.8,26.4,7.69,104.3,3.74,2.741
Odisha,Cuttack,Chickpea,Rabi,196.64,921.7,25.0,4.74,55.1,4.64,3.03
Gujarat,Ahmedabad,Sugarcane,Whole Year,118.33,832.8,26.1,7.98,140.3,2.54,13.0
Karnataka,Dharwad,Groundnut,Kharif,64.38,873.0,28.1,7.18,88.8,6.01,5.69
Tamil Nadu,Madurai,Cotton,Kharif,2.69,1116.9,26.7,6.45,134.5,3.29,5.434
Andhra Pradesh,Kurnool,Mustard,Rabi,12.32,837.7,25.3,6.56,188.4,0.41,5.583
Maharashtra,Nashik,Chickpea,Rabi,126.06,1151.6,37.1,7.32,128.1,3.33,3.605
Rajasthan,Jodhpur,Soybean,Kharif,2.36,522.2,26.0,8.49,109.9,4.07,3.933
Haryana,Karnal,Groundnut,Kharif,108.89,469.9,20.6,7.15,229.6,4.21,5.63
Uttar Pradesh,Kanpur,Barley,Rabi,5.17,700.9,35.8,7.57,123.0,1.04,4.826
Maharashtra,Pune,Rice,Kharif,97.51,1153.4,18.7,7.09,132.1,2.02,9.194
Tamil Nadu,Coimbatore,Mustard,Rabi,69.99,1061.6,34.0,6.06,129.1,6.6,4.598
Rajasthan,Jodhpur,Barley,Rabi,263.51,267.3,35.3,8.43,103.3,0.51,3.729
Andhra Pradesh,Guntur,Cotton,Kharif,174.22,801.0,36.2,6.91,189.7,8.11,5.429
Gujarat,Rajkot,Maize,Kharif,23.38,702.8,30.3,7.28,160.5,1.31,7.971
Assam,Nagaon,Soybean,Kharif,95.03,2282.7,27.3,5.08,100.7,9.03,7.24
Gujarat,Surat,Chickpea,Rabi,92.87,890.1,20.5,7.73,104.8,2.87,3.864
Andhra Pradesh,Krishna,Sugarcane,Whole Year,181.96,669.3,29.0,6.45,168.4,1.07,13.0
Assam,Kamrup,Cotton,Kharif,72.29,1752.5,26.5,5.92,129.9,3.18,6.514
Andhra Pradesh,Kurnool,Groundnut,Kharif,151.94,914.6,26.8,6.52,156.9,0.24,5.71
Andhra Pradesh,Kurnool,Sugarcane,Whole Year,18.98,885.3,33.7,7.09,142.9,6.69,13.0
West Bengal,Burdwan,Soybean,Kharif,385.13,1788.5,27.3,6.38,68.8,3.26,6.635
Punjab,Patiala,Wheat,Rabi,547.26,688.0,18.6,7.27,201.4,0.32,8.614
Andhra Pradesh,Guntur,Wheat,Rabi,361.89,811.2,32.3,6.38,209.2,5.79,8.733
Uttar Pradesh,Agra,Barley,Rabi,16.19,502.2,22.8,7.25,204.3,5.77,6.612
West Bengal,Murshidabad,Rice,Kharif,799.61,1647.0,36.2,5.92,153.5,4.67,12.236
Karnataka,Mysuru,Mustard,Rabi,240.4,776.4,32.8,7.08,128.5,1.54,4.385
Maharashtra,Nagpur,Barley,Rabi,534.63,1383.3,36.6,6.92,121.8,5.22,6.936
Jharkhand,Hazaribag,Chickpea,Rabi,436.61,1267.8,27.8,6.44,43.3,2.47,3.234
Haryana,Rohtak,Barley,Rabi,288.99,493.3,21.7,7.58,181.0,1.35,6.383
Gujarat,Ahmedabad,Chickpea,Rabi,545.98,736.6,24.3,7.66,85.3,1.44,2.891
Maharashtra,Nashik,Groundnut,Kharif,462.96,1119.3,38.3,6.75,146.4,6.01,6.702
Karnataka,Mysuru,Maize,Kharif,80.12,1069.9,27.6,6.23,205.4,8.38,10.176
Tamil Nadu,Thanjavur,Rice,Kharif,42.77,1091.9,34.3,7.04,143.6,2.03,9.609
Andhra Pradesh,Kurnool,Wheat,Rabi,0.91,1031.3,30.6,7.22,96.8,0.17,6.368
Punjab,Ludhiana,Wheat,Rabi,193.05,532.1,14.0,7.01,217.1,2.47,8.762
Assam,Kamrup,Soybean,Kharif,414.99,1874.1,26.3,5.76,90.1,0.85,6.835
Tamil Nadu,Coimbatore,Wheat,Rabi,187.5,1181.2,28.8,6.07,101.8,7.14,7.892
Haryana,Rohtak,Wheat,Rabi,112.49,596.3,26.9,8.21,174.1,5.46,7.522
Madhya Pradesh,Bhopal,Sugarcane,Whole Year,43.6,927.8,25.3,6.51,74.0,5.23,13.0
Rajasthan,Jaipur,Soybean,Kharif,182.7,508.9,34.5,8.19,120.4,7.17,4.098
Andhra Pradesh,Guntur,Maize,Kharif,152.76,857.6,28.4,6.87,88.2,6.51,7.757
Maharashtra,Nagpur,Barley,Rabi,43.68,1105.5,21.2,7.32,88.7,8.54,6.599
Punjab,Ludhiana,Rice,Kharif,52.28,652.6,23.9,7.44,266.1,0.1,9.443
Gujarat,Rajkot,Maize,Kharif,5.6,777.5,20.7,7.16,195.3,0.56,8.545
Assam,Jorhat,Soybean,Kharif,63.35,2392.7,29.5,5.16,99.0,0.1,6.387
Madhya Pradesh,Jabalpur,Groundnut,Kharif,324.96,725.0,32.3,6.62,117.3,1.01,5.146
Odisha,Puri,Groundnut,Kharif,213.73,1156.3,31.5,5.96,111.4,0.2,5.771
Punjab,Amritsar,Cotton,Kharif,121.21,587.9,20.4,7.35,180.1,0.37,4.371
Punjab,Ludhiana,Cotton,Kharif,125.83,630.3,16.9,6.99,188.9,3.12,4.751
Odisha,Sambalpur,Mustard,Rabi,483.81,1231.7,31.9,6.16,101.4,5.52,4.97
Odisha,Puri,Mustard,Rabi,265.73,1627.3,28.2,5.66,164.1,2.8,6.409
Karnataka,Raichur,Sugarcane,Whole Year,83.69,999.2,30.5,7.42,51.0,4.22,13.0
Haryana,Karnal,Groundnut,Kharif,265.69,472.0,19.6,6.74,264.0,1.67,6.064
Assam,Kamrup,Mustard,Rabi,101.87,2584.4,26.1,6.42,86.7,1.04,5.325
Bihar,Gaya,Rice,Kharif,603.34,1054.2,37.1,7.38,141.2,2.88,9.618
Karnataka,Dharwad,Mustard,Rabi,14.77,693.6,24.9,7.26,96.6,1.0,4.266
Madhya Pradesh,Jabalpur,Rice,Kharif,72.96,938.2,34.3,7.61,67.4,0.95,7.25
Odisha,Sambalpur,Rice,Kharif,334.31,1336.2,26.9,6.68,73.6,0.14,9.822
Karnataka,Raichur,Wheat,Rabi,224.44,1037.9,28.1,7.45,105.0,1.04,7.532
Punjab,Amritsar,Maize,Kharif,195.44,692.6,31.7,7.12,234.7,2.04,9.811
Assam,Nagaon,Soybean,Kharif,69.34,2377.0,26.8,6.0,126.8,2.39,7.523
Bihar,Gaya,Sugarcane,Whole Year,241.26,1001.2,25.1,7.17,117.0,1.54,13.0
Assam,Jorhat,Sugarcane,Whole Year,314.29,2218.7,23.0,5.83,63.9,3.59,13.0
Tamil Nadu,Coimbatore,Soybean,Kharif,12.3,1306.7,30.0,6.2,187.5,0.97,6.951
Madhya Pradesh,Bhopal,Soybean,Kharif,153.59,617.3,23.7,7.13,143.6,0.44,4.66
Gujarat,Ahmedabad,Groundnut,Kharif,6.87,704.7,18.8,7.11,93.7,1.22,4.27
Gujarat,Ahmedabad,Rice,Kharif,144.53,766.9,26.5,7.75,156.1,8.4,9.039
Punjab,Amritsar,Barley,Rabi,165.98,493.0,28.5,7.1,225.3,18.0,6.931
Uttar Pradesh,Kanpur,Soybean,Kharif,137.84,822.5,30.1,6.86,134.3,0.72,5.535
Gujarat,Ahmedabad,Wheat,Rabi,707.55,663.9,30.0,6.85,200.2,7.49,8.432
Andhra Pradesh,Krishna,Barley,Rabi,43.34,849.4,26.8,7.04,155.8,4.6,6.852
Odisha,Puri,Mustard,Rabi,169.7,1212.9,30.3,6.03,107.3,2.0,5.088
Karnataka,Raichur,Mustard,Rabi,143.08,1022.0,25.6,6.67,118.7,3.27,4.971
West Bengal,Nadia,Sugarcane,Whole Year,117.54,1137.1,22.3,6.29,138.8,11.01,13.0
Gujarat,Surat,Chickpea,Rabi,180.02,733.7,31.6,7.12,178.3,1.17,3.493
Haryana,Rohtak,Barley,Rabi,30.06,471.3,29.5,7.61,201.9,3.8,6.478
Jharkhand,Dhanbad,Wheat,Rabi,153.68,1534.8,28.5,5.84,147.0,0.77,9.382
Assam,Kamrup,Groundnut,Kharif,693.62,2122.1,23.0,5.56,92.4,1.74,6.502
Odisha,Puri,Sugarcane,Whole Year,26.81,1378.0,23.8,6.0,88.9,6.37,13.0
Jharkhand,Ranchi,Maize,Kharif,35.74,997.0,30.5,5.02,129.7,2.16,7.946
Haryana,Karnal,Cotton,Kharif,276.32,371.3,22.3,7.44,182.4,1.42,4.275
Andhra Pradesh,Guntur,Maize,Kharif,156.99,871.2,27.8,6.14,190.4,1.83,9.52
Assam,Nagaon,Wheat,Rabi,9.1,2396.2,22.2,4.88,91.6,4.19,8.407
Haryana,Hisar,Soybean,Kharif,44.54,675.4,32.5,7.79,168.6,2.07,4.582
Punjab,Ludhiana,Maize,Kharif,127.1,575.2,19.6,7.48,165.5,4.32,8.134
Odisha,Puri,Mustard,Rabi,174.23,1306.0,32.6,6.52,39.3,1.52,4.021
Punjab,Ludhiana,Barley,Rabi,433.71,474.8,26.1,8.18,144.3,3.03,5.793
Bihar,Muzaffarpur,Groundnut,Kharif,71.86,1438.5,27.5,6.33,79.1,1.97,6.575
Rajasthan,Jodhpur,Soybean,Kharif,83.87,248.6,39.4,7.55,131.4,0.88,2.964
Odisha,Sambalpur,Wheat,Rabi,140.13,1399.5,28.1,5.19,139.5,1.43,8.486
Assam,Jorhat,Soybean,Kharif,337.72,3175.1,29.9,4.9,67.0,0.39,6.709
Gujarat,Ahmedabad,Cotton,Kharif,68.57,652.1,27.3,7.41,123.6,6.73,4.512
Rajasthan,Jodhpur,Groundnut,Kharif,52.0,131.4,32.9,8.85,101.5,0.52,2.817
Punjab,Amritsar,Chickpea,Rabi,22.55,516.6,28.8,6.92,203.3,4.45,3.69
Haryana,Rohtak,Groundnut,Kharif,25.36,507.1,19.0,8.08,260.5,0.12,5.872
Maharashtra,Pune,Rice,Kharif,229.15,1171.7,39.1,6.87,164.3,0.23,9.899
Jharkhand,Hazaribag,Rice,Kharif,269.67,1188.1,36.7,6.35,109.1,2.17,9.408
Karnataka,Raichur,Sugarcane,Whole Year,3.84,923.1,27.4,7.26,158.0,0.37,13.0
Gujarat,Rajkot,Rice,Kharif,343.58,573.9,33.5,6.72,120.9,4.52,7.496
Madhya Pradesh,Indore,Rice,Kharif,160.58,919.6,34.8,7.18,97.6,2.03,7.885
Jharkhand,Ranchi,Cotton,Kharif,115.86,1032.4,35.5,6.25,120.8,4.83,5.567
Karnataka,Mysuru,Chickpea,Rabi,58.57,937.0,21.1,6.23,139.0,2.37,4.6
West Bengal,Murshidabad,Soybean,Kharif,249.4,1125.2,27.5,7.65,115.1,0.64,5.832
Maharashtra,Nashik,Maize,Kharif,259.63,1215.2,29.3,6.63,138.0,10.62,9.746
Maharashtra,Nashik,Sugarcane,Whole Year,50.0,1083.5,30.5,6.47,130.2,0.98,13.0
Gujarat,Rajkot,Sugarcane,Whole Year,160.31,664.5,34.2,6.82,108.4,9.69,13.0
Rajasthan,Jaipur,Sugarcane,Whole Year,108.47,408.7,22.2,6.92,78.3,2.06,10.449
Andhra Pradesh,Krishna,Maize,Kharif,119.89,619.2,24.2,6.74,178.0,11.24,8.636
Madhya Pradesh,Bhopal,Mustard,Rabi,153.43,878.9,24.5,7.49,60.7,3.17,3.594
West Bengal,Nadia,Maize,Kharif,112.56,1494.0,28.4,7.09,166.9,0.78,10.579
Maharashtra,Nashik,Soybean,Kharif,54.39,1159.5,28.9,6.83,174.2,0.75,6.446
Tamil Nadu,Madurai,Chickpea,Rabi,651.51,1283.1,33.9,5.8,169.7,4.93,4.785
Punjab,Patiala,Maize,Kharif,897.54,567.9,23.6,6.96,232.9,8.93,9.628
Rajasthan,Bikaner,Barley,Rabi,36.35,525.0,37.2,7.97,102.5,0.11,4.446
Uttar Pradesh,Kanpur,Groundnut,Kharif,199.69,700.7,25.9,8.22,94.0,15.88,4.726
Odisha,Sambalpur,Barley,Rabi,418.29,1515.5,27.1,5.36,177.1,0.69,7.45
Jharkhand,Dhanbad,Maize,Kharif,130.44,1167.4,30.8,5.48,90.8,10.23,8.689
Andhra Pradesh,Kurnool,Mustard,Rabi,89.5,1038.0,32.5,6.58,198.7,6.88,6.437
Andhra Pradesh,Guntur,Barley,Rabi,258.31,1257.0,39.6,6.98,147.6,1.08,6.646
Madhya Pradesh,Bhopal,Wheat,Rabi,200.62,986.1,29.7,7.12,125.5,0.49,7.832
Maharashtra,Nagpur,Groundnut,Kharif,258.46,811.3,22.5,6.52,150.7,2.37,5.663
Gujarat,Ahmedabad,Cotton,Kharif,748.56,705.3,33.2,7.36,123.5,3.95,4.642
Bihar,Muzaffarpur,Barley,Rabi,66.43,1267.5,27.8,7.22,167.7,0.1,7.15
Assam,Nagaon,Barley,Rabi,1.46,1849.4,20.8,6.51,111.6,0.26,6.83
Odisha,Cuttack,Rice,Kharif,278.77,1332.1,31.9,5.51,71.1,3.58,9.351
Maharashtra,Pune,Rice,Kharif,78.98,1203.6,24.6,7.41,116.8,5.17,9.533
Uttar Pradesh,Agra,Wheat,Rabi,221.73,631.8,30.8,7.31,189.4,0.36,7.802
Rajasthan,Jaipur,Cotton,Kharif,59.7,359.3,38.3,7.24,102.4,5.68,3.633
Rajasthan,Jodhpur,Chickpea,Rabi,317.25,243.5,27.4,7.31,80.7,0.29,2.194
Punjab,Ludhiana,Rice,Kharif,127.02,533.9,29.9,6.68,196.0,4.72,8.74
Uttar Pradesh,Varanasi,Mustard,Rabi,1.2,559.2,29.6,6.11,149.7,0.85,4.436
Karnataka,Mysuru,Sugarcane,Whole Year,46.08,989.5,29.0,7.37,162.2,0.82,13.0
Karnataka,Mysuru,Sugarcane,Whole Year,34.65,1019.0,26.6,7.06,105.1,3.35,13.0
Rajasthan,Jaipur,Barley,Rabi,504.75,457.6,32.9,7.43,50.0,0.48,3.887
Gujarat,Surat,Mustard,Rabi,9.68,532.4,15.9,8.0,172.2,0.29,4.358
Tamil Nadu,Madurai,Groundnut,Kharif,636.86,916.6,36.4,6.78,149.9,9.98,6.244
Assam,Nagaon,Soybean,Kharif,229.55,2466.2,20.6,6.98,114.6,0.67,7.164
Jharkhand,Dhanbad,Maize,Kharif,440.35,1021.2,32.4,5.09,130.8,2.75,8.496
Andhra Pradesh,Krishna,Groundnut,Kharif,219.62,592.8,32.4,6.51,87.8,1.7,4.584
Andhra Pradesh,Kurnool,Chickpea,Rabi,96.3,1056.3,32.3,6.89,157.5,1.4,3.602
Bihar,Gaya,Wheat,Rabi,239.41,1161.3,26.2,7.24,203.7,0.16,9.861
Tamil Nadu,Thanjavur,Cotton,Kharif,132.25,996.9,35.5,6.02,185.5,0.76,5.685
Haryana,Hisar,Sugarcane,Whole Year,204.16,543.5,19.6,7.35,199.4,11.21,13.0
Assam,Jorhat,Wheat,Rabi,89.01,2549.9,30.4,6.22,146.2,0.12,8.944
Haryana,Karnal,Sugarcane,Whole Year,525.21,655.2,16.0,7.24,133.1,2.93,12.795
Maharashtra,Pune,Maize,Kharif,384.97,905.1,38.2,7.16,163.5,0.1,8.414
Rajasthan,Jodhpur,Rice,Kharif,137.46,276.7,20.6,7.82,105.6,2.43,5.702
Andhra Pradesh,Guntur,Mustard,Rabi,39.29,933.4,32.8,7.01,79.2,4.99,3.702
Bihar,Gaya,Sugarcane,Whole Year,187.18,1436.1,24.3,5.9,154.9,1.6,13.0
Haryana,Karnal,Cotton,Kharif,169.52,442.6,26.1,6.89,174.7,3.94,4.4
Haryana,Hisar,Cotton,Kharif,26.33,417.5,26.8,7.76,203.3,2.01,5.242
Andhra Pradesh,Guntur,Barley,Rabi,31.23,774.2,24.3,6.77,109.6,0.22,5.437
Jharkhand,Ranchi,Cotton,Kharif,506.91,1067.1,34.0,5.58,104.7,5.1,5.082
Uttar Pradesh,Kanpur,Groundnut,Kharif,98.9,778.9,26.6,7.26,165.3,0.97,6.127
Punjab,Patiala,Sugarcane,Whole Year,48.04,646.8,21.9,7.32,164.2,3.26,13.0
Bihar,Gaya,Groundnut,Kharif,8.91,1006.3,20.1,7.4,59.3,1.58,5.026
Andhra Pradesh,Krishna,Rice,Kharif,504.3,727.1,31.1,6.26,113.7,4.99,7.769
Madhya Pradesh,Indore,Rice,Kharif,78.3,955.0,26.5,7.6,148.9,5.3,9.895
Karnataka,Raichur,Chickpea,Rabi,141.2,921.9,25.8,6.87,167.1,11.03,4.108
Andhra Pradesh,Guntur,Rice,Kharif,184.58,957.3,29.2,6.55,141.8,3.88,9.49
Assam,Kamrup,Groundnut,Kharif,107.08,2185.9,25.3,4.81,96.0,3.34,6.25
Andhra Pradesh,Krishna,Chickpea,Rabi,11.03,932.8,28.0,6.99,155.6,3.27,3.516
Jharkhand,Hazaribag,Barley,Rabi,74.28,1480.6,29.1,5.31,127.6,2.28,6.754
West Bengal,Nadia,Sugarcane,Whole Year,20.61,1533.7,25.3,6.63,187.6,1.7,13.0
Madhya Pradesh,Indore,Wheat,Rabi,79.96,802.3,37.0,6.99,83.8,10.27,5.507
Madhya Pradesh,Indore,Cotton,Kharif,445.69,952.9,16.3,6.96,46.3,0.59,3.466
Jharkhand,Hazaribag,Cotton,Kharif,19.55,1187.8,32.9,6.68,92.3,7.49,5.444
Assam,Jorhat,Wheat,Rabi,155.47,2327.4,21.5,6.27,110.7,2.08,8.775
Rajasthan,Jodhpur,Sugarcane,Whole Year,135.66,262.8,33.8,6.52,30.1,2.69,9.114
Rajasthan,Bikaner,Cotton,Kharif,761.2,343.5,30.6,7.71,37.5,0.6,2.744
Madhya Pradesh,Jabalpur,Sugarcane,Whole Year,387.07,695.9,33.2,6.83,98.7,2.41,12.737
Assam,Nagaon,Maize,Kharif,281.4,2389.1,35.3,6.09,94.5,1.74,9.417
Rajasthan,Bikaner,Sugarcane,Whole Year,316.94,347.1,30.3,8.2,91.3,1.96,10.714
Odisha,Cuttack,Chickpea,Rabi,7.59,1495.1,29.3,5.41,90.7,3.73,3.697
Karnataka,Mysuru,Groundnut,Kharif,211.25,968.9,19.2,6.27,95.9,0.57,5.3
Tamil Nadu,Madurai,Soybean,Kharif,188.58,1118.9,29.3,6.18,121.1,5.61,6.309
Karnataka,Raichur,Barley,Rabi,92.49,891.6,30.8,6.87,162.2,0.74,6.478
Jharkhand,Ranchi,Mustard,Rabi,105.69,1442.5,32.3,5.6,130.9,0.8,5.647
West Bengal,Nadia,Groundnut,Kharif,170.6,1759.6,30.2,6.18,212.6,1.63,8.205
Maharashtra,Nashik,Barley,Rabi,345.75,1239.5,28.1,6.23,144.9,2.41,7.057
Uttar Pradesh,Varanasi,Soybean,Kharif,54.58,976.6,23.2,8.19,164.8,4.29,5.764
Gujarat,Ahmedabad,Mustard,Rabi,309.59,511.4,25.5,7.58,193.0,2.25,5.447
Madhya Pradesh,Bhopal,Barley,Rabi,31.97,1013.0,25.2,7.68,87.1,4.93,5.534
Assam,Kamrup,Maize,Kharif,579.33,2325.4,30.2,5.14,72.7,3.44,8.699
Rajasthan,Jaipur,Sugarcane,Whole Year,245.47,283.7,28.9,7.64,149.9,1.36,11.525
Bihar,Gaya,Mustard,Rabi,355.58,1267.3,30.0,6.98,96.9,6.99,5.046
Odisha,Puri,Wheat,Rabi,130.72,1451.6,30.9,5.98,70.1,1.37,7.803
West Bengal,Murshidabad,Rice,Kharif,109.87,1711.2,32.5,5.99,144.6,2.89,11.628
Andhra Pradesh,Kurnool,Mustard,Rabi,85.41,1012.9,33.1,6.89,119.6,2.65,5.066
Andhra Pradesh,Guntur,Groundnut,Kharif,75.1,1180.3,25.0,7.1,136.7,15.15,6.187
Madhya Pradesh,Bhopal,Cotton,Kharif,68.05,797.2,17.2,6.43,125.2,14.38,3.951
Andhra Pradesh,Guntur,Maize,Kharif,130.23,1042.6,33.3,6.35,164.1,1.66,9.008
Odisha,Cuttack,Soybean,Kharif,158.55,1397.6,32.6,6.02,110.1,1.91,6.479
Rajasthan,Bikaner,Mustard,Rabi,110.18,375.9,28.3,7.41,102.7,0.87,3.358
Karnataka,Dharwad,Mustard,Rabi,395.06,842.7,28.5,6.94,170.4,13.07,5.439
Punjab,Patiala,Mustard,Rabi,467.44,709.6,24.6,7.41,197.4,4.81,5.714
Bihar,Muzaffarpur,Soybean,Kharif,98.42,767.8,29.4,7.17,139.7,3.49,5.2
Tamil Nadu,Coimbatore,Mustard,Rabi,95.0,1071.4,30.2,6.43,150.9,5.94,5.675
Andhra Pradesh,Guntur,Soybean,Kharif,114.53,1045.0,30.1,6.92,168.3,1.71,5.996
Punjab,Amritsar,Soybean,Kharif,108.56,546.6,20.9,7.6,217.3,4.2,5.399
Jharkhand,Hazaribag,Groundnut,Kharif,99.37,1194.0,30.3,5.86,95.1,4.34,6.421
Haryana,Hisar,Chickpea,Rabi,50.64,582.7,31.5,7.02,198.0,0.85,3.241
Odisha,Cuttack,Rice,Kharif,65.64,1791.9,29.3,5.09,143.0,1.46,11.29
Maharashtra,Nashik,Sugarcane,Whole Year,149.75,846.4,34.7,6.94,127.0,6.04,13.0
Karnataka,Dharwad,Groundnut,Kharif,777.11,797.2,25.9,6.73,74.7,0.23,4.961
Karnataka,Dharwad,Mustard,Rabi,326.03,677.2,25.0,6.21,156.9,2.08,5.217
West Bengal,Murshidabad,Wheat,Rabi,598.73,1407.5,19.6,6.97,186.4,6.82,10.808
Bihar,Gaya,Wheat,Rabi,59.99,809.1,16.8,7.45,58.2,1.29,5.89
Maharashtra,Nashik,Rice,Kharif,627.93,518.0,35.0,6.45,119.1,4.73,7.276
Rajasthan,Jaipur,Rice,Kharif,225.99,239.5,29.8,8.1,119.3,1.78,5.904
Haryana,Hisar,Maize,Kharif,168.1,407.2,32.1,6.93,228.0,3.32,9.002
Gujarat,Rajkot,Maize,Kharif,15.52,783.5,36.7,7.08,92.5,1.18,6.605
Assam,Nagaon,Chickpea,Rabi,174.71,2070.7,23.8,6.07,94.4,8.82,4.583
Punjab,Patiala,Cotton,Kharif,25.38,745.8,20.3,7.45,288.7,3.2,6.263
Tamil Nadu,Thanjavur,Barley,Rabi,66.07,748.2,28.8,6.76,168.5,0.35,6.117
Madhya Pradesh,Indore,Mustard,Rabi,209.43,855.4,20.3,6.89,60.0,2.19,4.193
Assam,Kamrup,Chickpea,Rabi,16.7,2348.4,24.8,5.52,69.2,9.03,4.034
Uttar Pradesh,Kanpur,Barley,Rabi,104.37,970.3,29.5,6.53,191.9,0.75,7.276
Andhra Pradesh,Guntur,Mustard,Rabi,339.81,1058.3,29.4,7.04,143.2,14.51,5.458
Karnataka,Mysuru,Sugarcane,Whole Year,255.34,904.5,31.2,7.2,91.8,1.22,13.0
Bihar,Patna,Soybean,Kharif,85.85,1100.4,30.7,6.44,148.5,2.92,6.293
Uttar Pradesh,Agra,Wheat,Rabi,81.9,906.0,19.1,6.31,245.6,5.17,10.289
Andhra Pradesh,Kurnool,Groundnut,Kharif,78.62,1116.8,35.1,6.44,114.2,2.97,5.904
Uttar Pradesh,Agra,Sugarcane,Whole Year,188.36,1074.5,23.2,7.37,150.4,5.95,13.0
Gujarat,Rajkot,Maize,Kharif,87.77,614.8,28.5,6.83,176.6,13.15,8.57
Madhya Pradesh,Bhopal,Soybean,Kharif,144.8,664.2,35.3,5.98,173.9,4.26,5.186
West Bengal,Murshidabad,Mustard,Rabi,255.89,1348.2,26.7,4.74,119.3,10.7,5.169
Bihar,Patna,Mustard,Rabi,12.98,1150.3,32.9,7.18,160.8,3.11,5.701
Maharashtra,Nashik,Barley,Rabi,99.01,919.1,23.3,6.4,89.2,1.29,5.691
Uttar Pradesh,Agra,Mustard,Rabi,25.18,1118.1,31.3,6.38,168.8,1.21,5.475
Bihar,Gaya,Rice,Kharif,37.59,746.1,30.9,7.25,148.3,2.11,8.121
Andhra Pradesh,Guntur,Maize,Kharif,237.0,755.2,27.6,6.92,157.0,1.57,8.457
Tamil Nadu,Thanjavur,Soybean,Kharif,53.69,1056.3,28.0,6.68,167.0,3.2,6.376
Bihar,Muzaffarpur,Groundnut,Kharif,39.8,1243.6,23.6,6.39,185.1,1.73,7.425
Andhra Pradesh,Krishna,Maize,Kharif,139.96,904.0,28.7,6.2,73.7,4.96,6.971
Assam,Kamrup,Chickpea,Rabi,28.8,1840.8,27.2,5.11,143.6,0.63,4.154
Karnataka,Mysuru,Rice,Kharif,155.57,973.4,28.9,7.05,107.3,1.39,8.621
Jharkhand,Hazaribag,Rice,Kharif,222.65,1021.9,34.9,5.5,79.7,2.52,7.943
Andhra Pradesh,Kurnool,Maize,Kharif,168.04,1101.9,23.6,6.82,141.3,5.16,8.679
Jharkhand,Dhanbad,Cotton,Kharif,52.99,1288.0,23.2,5.12,85.5,1.95,4.655
Assam,Kamrup,Groundnut,Kharif,543.42,2111.9,31.7,5.33,108.7,0.9,6.204
Gujarat,Rajkot,Barley,Rabi,214.27,755.4,22.6,7.15,156.3,3.17,6.217
Madhya Pradesh,Jabalpur,Mustard,Rabi,82.72,948.0,24.9,6.53,129.4,0.57,4.766
Rajasthan,Bikaner,Soybean,Kharif,677.51,592.6,23.1,6.7,108.8,1.4,4.435
Odisha,Puri,Sugarcane,Whole Year,9.78,1067.0,23.6,6.53,67.5,1.41,13.0
Haryana,Hisar,Cotton,Kharif,44.55,458.9,21.8,6.96,222.0,2.26,4.738
West Bengal,Nadia,Groundnut,Kharif,178.98,1499.1,32.7,6.77,138.5,7.44,6.885
Assam,Nagaon,Rice,Kharif,105.79,2186.4,31.9,5.17,127.8,0.3,10.715
Bihar,Patna,Wheat,Rabi,190.15,1102.0,27.5,7.28,185.2,1.78,9.105
Maharashtra,Pune,Rice,Kharif,5.56,1216.8,35.5,7.63,138.4,8.5,9.794
Uttar Pradesh,Kanpur,Rice,Kharif,139.64,787.8,31.4,7.0,188.7,8.99,9.226
Gujarat,Surat,Rice,Kharif,397.3,520.1,30.8,7.86,89.2,2.73,6.751
Tamil Nadu,Thanjavur,Soybean,Kharif,285.64,1019.8,26.0,6.93,167.0,8.39,6.896
West Bengal,Burdwan,Barley,Rabi,330.56,1622.0,27.5,6.84,125.3,2.43,7.769
Bihar,Muzaffarpur,Chickpea,Rabi,168.29,1066.7,23.0,5.7,157.3,2.14,4.5
Uttar Pradesh,Varanasi,Rice,Kharif,192.63,840.0,34.3,7.6,103.6,2.07,8.234
Madhya Pradesh,Indore,Maize,Kharif,89.18,892.9,18.9,7.29,113.7,9.68,7.914
Rajasthan,Jodhpur,Groundnut,Kharif,30.79,345.4,31.4,7.35,126.5,4.53,4.122
Jharkhand,Ranchi,Mustard,Rabi,769.13,1350.3,24.6,5.19,150.4,0.98,6.165
Odisha,Sambalpur,Mustard,Rabi,134.27,1424.7,25.9,5.22,91.6,0.4,5.07
West Bengal,Nadia,Maize,Kharif,279.86,1310.9,25.9,6.93,160.4,4.44,10.952
Maharashtra,Nashik,Groundnut,Kharif,129.41,1005.5,27.9,7.02,134.1,0.38,6.088
Jharkhand,Ranchi,Sugarcane,Whole Year,270.52,1265.9,30.6,6.12,72.8,7.63,13.0
Punjab,Ludhiana,Mustard,Rabi,97.67,521.3,32.3,6.86,96.4,3.84,3.442
Jharkhand,Dhanbad,Sugarcane,Whole Year,977.64,1383.5,20.7,6.57,131.7,1.71,13.0
Bihar,Muzaffarpur,Chickpea,Rabi,17.7,1021.5,27.3,6.16,75.1,4.52,3.499
Assam,Jorhat,Mustard,Rabi,51.27,1638.6,24.5,5.81,64.8,0.1,4.422
Odisha,Sambalpur,Maize,Kharif,145.84,1186.4,31.4,6.1,58.2,4.93,7.741
Odisha,Puri,Sugarcane,Whole Year,196.54,1061.2,31.2,6.33,96.1,1.78,13.0
Madhya Pradesh,Indore,Cotton,Kharif,706.13,706.7,32.6,7.68,78.8,2.74,4.741
Haryana,Rohtak,Groundnut,Kharif,235.09,548.1,24.3,6.81,240.8,3.77,6.371
Uttar Pradesh,Kanpur,Groundnut,Kharif,818.73,801.9,24.4,7.74,136.1,1.97,5.504
Madhya Pradesh,Bhopal,Rice,Kharif,141.28,1091.2,28.5,6.59,128.7,5.31,10.436
Madhya Pradesh,Indore,Maize,Kharif,166.14,1041.6,25.4,6.36,65.8,3.85,7.877
Madhya Pradesh,Indore,Wheat,Rabi,212.34,994.6,30.9,6.5,119.4,0.7,7.413
Madhya Pradesh,Jabalpur,Rice,Kharif,8.26,1015.2,36.0,7.12,108.5,1.55,8.621
Maharashtra,Nagpur,Wheat,Rabi,58.14,861.0,31.3,6.24,139.3,2.15,7.666
Odisha,Puri,Mustard,Rabi,74.87,1226.6,30.7,6.03,160.3,3.29,5.861
Andhra Pradesh,Kurnool,Rice,Kharif,65.81,816.0,30.9,7.02,108.9,2.51,8.514
Punjab,Patiala,Mustard,Rabi,510.19,497.7,24.4,7.48,189.9,4.03,5.162
Haryana,Hisar,Sugarcane,Whole Year,78.99,480.4,18.1,7.64,230.7,3.82,13.0
Odisha,Sambalpur,Barley,Rabi,294.89,1665.4,26.9,5.88,129.0,5.71,7.278
Haryana,Rohtak,Sugarcane,Whole Year,184.45,562.3,17.5,8.08,228.9,3.67,13.0
Tamil Nadu,Coimbatore,Barley,Rabi,137.72,1116.0,29.6,7.05,168.2,1.88,7.116
Andhra Pradesh,Kurnool,Wheat,Rabi,56.6,714.6,27.3,6.25,165.0,1.97,8.03
Haryana,Rohtak,Cotton,Kharif,171.21,380.4,28.9,7.37,187.4,5.39,5.25
Punjab,Amritsar,Barley,Rabi,46.6,732.2,12.6,7.51,217.3,0.25,7.149
Tamil Nadu,Thanjavur,Wheat,Rabi,7.35,629.5,30.2,6.31,164.4,4.66,7.507
Rajasthan,Bikaner,Wheat,Rabi,23.45,317.1,41.1,8.36,139.3,6.41,5.98
Karnataka,Mysuru,Groundnut,Kharif,556.18,980.3,29.7,6.55,66.7,4.59,5.426
Maharashtra,Pune,Barley,Rabi,348.99,802.2,28.0,6.87,182.8,0.68,7.025
Rajasthan,Jodhpur,Maize,Kharif,11.45,535.5,36.5,7.91,127.1,0.86,6.705
Tamil Nadu,Thanjavur,Barley,Rabi,373.78,1030.6,29.9,6.13,165.7,3.64,7.144
Uttar Pradesh,Varanasi,Soybean,Kharif,195.19,982.2,21.5,6.45,183.4,2.64,6.336
Maharashtra,Nashik,Chickpea,Rabi,465.08,947.3,32.8,6.25,130.9,4.85,3.714
West Bengal,Burdwan,Soybean,Kharif,521.98,1679.0,37.8,6.02,193.0,11.36,7.463
Odisha,Sambalpur,Groundnut,Kharif,535.48,1472.2,30.1,5.72,20.9,3.88,5.671
Odisha,Cuttack,Chickpea,Rabi,48.68,1109.8,17.5,5.67,77.2,2.69,3.33
Odisha,Sambalpur,Groundnut,Kharif,7.28,1336.9,31.3,5.27,70.5,1.15,5.422
Tamil Nadu,Coimbatore,Chickpea,Rabi,318.13,1029.3,32.3,6.19,202.5,1.2,3.779
Bihar,Muzaffarpur,Soybean,Kharif,190.28,1189.7,16.4,6.3,75.8,2.36,5.663
Maharashtra,Nagpur,Mustard,Rabi,190.91,1339.1,32.0,5.95,115.3,0.1,4.892
Tamil Nadu,Madurai,Groundnut,Kharif,55.09,975.7,31.9,6.15,155.4,5.22,6.154
Assam,Jorhat,Sugarcane,Whole Year,15.32,2004.7,22.5,6.18,134.1,8.03,13.0
Madhya Pradesh,Indore,Wheat,Rabi,23.54,907.4,30.0,6.76,136.6,2.42,7.832
Rajasthan,Bikaner,Groundnut,Kharif,28.84,458.0,32.9,7.71,127.2,4.62,4.832
Karnataka,Raichur,Barley,Rabi,130.12,796.4,23.2,6.33,162.0,2.92,6.859
Rajasthan,Jaipur,Wheat,Rabi,21.63,365.4,30.1,8.45,68.2,3.54,4.612
Gujarat,Surat,Soybean,Kharif,121.53,802.4,18.6,7.25,108.8,2.71,4.997
Tamil Nadu,Coimbatore,Chickpea,Rabi,5.29,1074.7,29.4,6.19,133.4,0.29,3.726
Odisha,Puri,Sugarcane,Whole Year,62.13,1280.2,24.8,5.25,147.1,5.88,13.0
Assam,Kamrup,Mustard,Rabi,183.72,2584.9,24.6,5.43,20.0,0.31,4.192
Karnataka,Mysuru,Wheat,Rabi,120.05,881.8,23.9,6.92,126.7,8.01,7.753
Rajasthan,Bikaner,Maize,Kharif,27.69,196.4,39.4,7.53,157.4,1.83,5.962
Maharashtra,Nagpur,Sugarcane,Whole Year,23.54,939.5,30.0,7.16,137.4,3.13,13.0
Tamil Nadu,Thanjavur,Groundnut,Kharif,362.36,1081.3,28.5,6.72,106.0,2.54,6.316
Bihar,Patna,Sugarcane,Whole Year,28.77,1474.5,27.0,6.59,127.7,1.36,13.0
Jharkhand,Hazaribag,Soybean,Kharif,366.01,1170.3,29.2,6.22,83.2,3.89,6.024
Madhya Pradesh,Bhopal,Maize,Kharif,34.89,1127.5,25.7,6.85,113.2,8.33,8.341
Uttar Pradesh,Varanasi,Wheat,Rabi,90.58,1001.3,29.6,7.73,175.2,5.28,8.516
Odisha,Puri,Chickpea,Rabi,124.21,1397.1,31.5,6.11,151.5,2.63,4.533
Andhra Pradesh,Kurnool,Groundnut,Kharif,144.06,700.8,34.9,6.39,151.8,7.35,5.323
Gujarat,Surat,Maize,Kharif,138.22,621.6,24.9,7.0,147.6,1.0,7.904
Andhra Pradesh,Guntur,Sugarcane,Whole Year,138.81,824.3,31.9,6.5,122.6,0.79,13.0
Karnataka,Raichur,Rice,Kharif,127.91,785.6,30.1,6.13,191.2,0.83,8.925
Haryana,Rohtak,Cotton,Kharif,431.7,585.8,18.2,7.38,233.3,1.2,4.946
Karnataka,Mysuru,Soybean,Kharif,257.76,879.7,23.9,6.43,120.3,0.15,5.685
Assam,Kamrup,Barley,Rabi,255.66,2174.8,26.8,6.02,58.5,1.03,6.119
Andhra Pradesh,Kurnool,Maize,Kharif,114.94,750.5,22.5,6.86,140.2,2.81,8.18
Gujarat,Rajkot,Barley,Rabi,9.08,801.8,23.8,7.16,158.5,9.94,7.095
Gujarat,Ahmedabad,Soybean,Kharif,287.72,806.2,29.1,7.44,170.7,7.98,5.703
Uttar Pradesh,Agra,Sugarcane,Whole Year,213.71,1035.7,32.6,6.8,88.0,8.94,13.0
Andhra Pradesh,Kurnool,Soybean,Kharif,362.51,656.8,28.6,7.12,137.7,9.93,4.986
Maharashtra,Nashik,Soybean,Kharif,167.02,690.0,30.3,7.25,129.8,8.76,4.76
Tamil Nadu,Madurai,Wheat,Rabi,188.22,1039.1,29.5,6.23,158.3,2.59,8.548
Andhra Pradesh,Guntur,Mustard,Rabi,24.59,1176.9,31.3,7.17,135.3,3.96,4.835
Maharashtra,Nashik,Mustard,Rabi,29.41,952.7,30.8,7.29,79.5,3.96,4.113
Gujarat,Ahmedabad,Rice,Kharif,1233.02,620.3,25.9,7.68,172.4,14.39,9.024
Maharashtra,Pune,Wheat,Rabi,19.8,820.6,34.8,7.57,165.1,5.04,8.039
Jharkhand,Hazaribag,Wheat,Rabi,19.77,1116.6,25.0,6.29,134.6,3.75,8.238
Uttar Pradesh,Kanpur,Wheat,Rabi,382.83,1020.8,35.8,6.86,109.3,12.49,7.652
Haryana,Rohtak,Soybean,Kharif,68.78,549.5,24.2,7.19,164.1,0.1,4.905
Rajasthan,Jodhpur,Mustard,Rabi,145.22,483.3,32.5,8.97,116.3,7.43,3.236
Andhra Pradesh,Guntur,Cotton,Kharif,31.63,771.2,26.0,6.33,132.9,2.01,4.598
Madhya Pradesh,Indore,Soybean,Kharif,342.36,933.3,13.2,6.95,79.1,1.66,4.403
Tamil Nadu,Coimbatore,Chickpea,Rabi,448.5,804.4,25.0,6.31,147.9,1.83,3.477
Odisha,Cuttack,Rice,Kharif,115.14,1663.2,31.0,4.2,149.2,0.1,10.492
Bihar,Gaya,Maize,Kharif,183.18,1352.8,33.7,7.24,108.6,2.74,9.203
Jharkhand,Hazaribag,Wheat,Rabi,252.48,1350.2,17.2,6.85,115.6,0.94,8.616
Gujarat,Rajkot,Rice,Kharif,204.19,719.1,40.3,7.32,108.5,1.62,7.689
Rajasthan,Jaipur,Soybean,Kharif,418.64,363.2,18.1,7.19,160.0,2.59,4.711
Karnataka,Dharwad,Wheat,Rabi,3.83,796.6,28.4,5.72,143.5,0.76,7.422
Karnataka,Dharwad,Sugarcane,Whole Year,148.64,935.9,27.0,7.2,187.4,4.22,13.0
Andhra Pradesh,Guntur,Chickpea,Rabi,15.36,967.9,31.0,7.46,92.1,0.1,2.755
Uttar Pradesh,Kanpur,Maize,Kharif,526.95,831.6,36.1,6.69,147.1,7.19,8.584
Maharashtra,Nashik,Cotton,Kharif,74.08,1198.8,32.9,7.06,194.5,1.62,6.135
Madhya Pradesh,Indore,Sugarcane,Whole Year,31.38,1124.0,26.2,7.07,94.2,9.72,13.0
Punjab,Patiala,Wheat,Rabi,34.21,562.5,27.1,7.27,174.6,1.13,7.066
Rajasthan,Bikaner,Chickpea,Rabi,69.93,315.9,36.8,8.47,72.1,0.44,1.147
Madhya Pradesh,Indore,Wheat,Rabi,138.35,670.4,27.8,6.87,99.2,1.28,6.756
Rajasthan,Jodhpur,Maize,Kharif,456.52,243.2,21.5,8.8,57.5,0.77,4.254
Gujarat,Rajkot,Mustard,Rabi,251.66,578.6,33.7,7.51,176.7,0.21,4.564
Andhra Pradesh,Krishna,Rice,Kharif,142.34,719.2,22.6,6.37,130.4,9.21,8.037
Bihar,Patna,Cotton,Kharif,211.4,1029.1,22.8,7.31,98.9,0.74,4.358
Jharkhand,Dhanbad,Rice,Kharif,41.42,1115.1,29.1,5.73,157.8,4.2,10.08
Madhya Pradesh,Bhopal,Mustard,Rabi,340.07,907.7,31.7,6.91,156.6,1.7,5.227
Maharashtra,Nashik,Maize,Kharif,284.25,1006.4,30.9,6.62,177.4,1.72,9.837
Andhra Pradesh,Kurnool,Maize,Kharif,62.49,996.7,25.5,6.33,130.3,5.3,8.852
Tamil Nadu,Thanjavur,Barley,Rabi,228.98,1370.9,30.6,6.23,152.1,2.06,7.425
Assam,Nagaon,Cotton,Kharif,29.15,2404.6,22.2,5.64,87.5,6.16,5.472
Assam,Nagaon,Soybean,Kharif,335.88,1761.5,24.7,5.65,102.4,2.4,7.018
Odisha,Cuttack,Chickpea,Rabi,140.19,869.6,34.0,5.85,71.7,6.02,2.758
Haryana,Karnal,Maize,Kharif,11.65,449.9,33.4,8.01,210.0,2.88,8.156
Haryana,Hisar,Sugarcane,Whole Year,380.08,669.3,28.6,7.62,224.7,4.22,13.0
Uttar Pradesh,Agra,Sugarcane,Whole Year,303.76,880.4,12.0,7.02,190.2,1.09,13.0
Rajasthan,Bikaner,Soybean,Kharif,262.18,310.3,27.7,8.42,87.2,3.94,3.444
Assam,Kamrup,Rice,Kharif,329.65,1823.5,27.5,5.82,120.2,5.21,11.265
Punjab,Patiala,Maize,Kharif,197.89,601.1,35.0,7.47,190.6,2.59,8.275
Andhra Pradesh,Krishna,Mustard,Rabi,32.08,786.9,31.5,7.27,108.7,4.11,4.503
Odisha,Cuttack,Groundnut,Kharif,112.28,1572.6,26.3,6.1,106.6,1.81,6.259
Tamil Nadu,Thanjavur,Groundnut,Kharif,211.93,856.6,30.5,6.31,138.8,0.4,5.542
Odisha,Sambalpur,Rice,Kharif,105.13,1139.4,29.5,6.18,125.8,0.7,9.674
Andhra Pradesh,Guntur,Soybean,Kharif,12.27,919.8,26.4,7.1,176.7,1.45,5.902
Assam,Jorhat,Sugarcane,Whole Year,121.34,2091.4,29.4,5.78,71.1,7.89,13.0
Tamil Nadu,Madurai,Groundnut,Kharif,315.36,986.2,28.0,6.64,156.1,1.68,6.818
Madhya Pradesh,Jabalpur,Rice,Kharif,140.81,1086.7,39.2,6.34,176.9,5.04,10.254
Madhya Pradesh,Jabalpur,Mustard,Rabi,127.27,608.2,20.5,6.81,134.9,0.73,4.76
Punjab,Ludhiana,Groundnut,Kharif,392.98,626.2,25.9,6.78,274.4,0.1,6.825
West Bengal,Murshidabad,Rice,Kharif,5.64,1611.8,29.8,6.19,78.0,1.45,10.769
Jharkhand,Dhanbad,Groundnut,Kharif,63.36,1738.4,30.4,4.78,56.0,3.51,5.708
Uttar Pradesh,Agra,Wheat,Rabi,104.91,845.7,23.2,7.17,103.6,3.72,7.416
Bihar,Muzaffarpur,Sugarcane,Whole Year,607.46,1162.5,19.0,6.34,74.0,5.49,13.0
Madhya Pradesh,Indore,Sugarcane,Whole Year,337.03,1261.5,37.0,6.82,174.0,1.31,13.0
Assam,Kamrup,Cotton,Kharif,66.5,2324.8,28.5,5.26,64.3,3.72,5.546
Maharashtra,Nagpur,Chickpea,Rabi,40.5,508.1,26.8,6.73,143.4,1.59,3.278
Tamil Nadu,Coimbatore,Groundnut,Kharif,112.32,1260.7,31.1,6.29,155.6,6.54,7.029
Jharkhand,Dhanbad,Wheat,Rabi,1368.72,1044.4,21.3,6.21,92.2,5.21,8.026
Andhra Pradesh,Kurnool,Barley,Rabi,415.34,918.5,25.5,6.36,146.4,17.75,6.849
Odisha,Puri,Maize,Kharif,16.62,1456.0,27.9,6.79,101.8,5.43,9.526
Maharashtra,Nagpur,Chickpea,Rabi,34.8,999.2,29.3,7.62,131.1,0.1,2.883
Jharkhand,Hazaribag,Rice,Kharif,331.87,1699.8,29.3,5.2,82.5,8.26,10.059
Uttar Pradesh,Varanasi,Soybean,Kharif,78.94,866.0,21.4,7.02,188.5,1.17,5.545
Uttar Pradesh,Kanpur,Chickpea,Rabi,18.66,970.2,26.8,6.88,113.2,0.42,3.279
Haryana,Hisar,Groundnut,Kharif,171.52,606.1,19.5,7.11,147.7,2.68,4.962
Assam,Kamrup,Maize,Kharif,259.55,2207.6,25.4,4.74,117.6,1.66,9.257
Maharashtra,Nashik,Barley,Rabi,543.75,1088.6,22.5,6.47,173.0,1.94,7.851
Maharashtra,Pune,Groundnut,Kharif,229.24,572.5,28.4,6.12,131.0,0.2,4.65
West Bengal,Burdwan,Cotton,Kharif,53.91,1431.5,29.7,5.49,138.1,1.95,5.948
Odisha,Sambalpur,Rice,Kharif,260.7,1263.6,29.3,4.95,95.7,2.33,9.294
Rajasthan,Jaipur,Wheat,Rabi,38.21,428.9,33.7,7.98,84.0,0.93,5.292
Rajasthan,Jodhpur,Cotton,Kharif,965.4,241.6,24.5,7.55,87.9,4.0,3.286
Andhra Pradesh,Guntur,Cotton,Kharif,144.25,1018.0,32.1,7.26,112.8,2.27,5.111
Gujarat,Rajkot,Chickpea,Rabi,172.3,435.7,29.9,8.24,200.8,6.69,3.398
Andhra Pradesh,Kurnool,Cotton,Kharif,24.14,508.0,30.3,7.11,132.8,4.87,4.073
Tamil Nadu,Thanjavur,Cotton,Kharif,206.06,1092.0,30.8,7.4,105.3,1.09,4.995
Jharkhand,Ranchi,Wheat,Rabi,199.23,1372.3,34.4,6.84,84.2,0.82,7.5
Bihar,Muzaffarpur,Wheat,Rabi,91.85,1247.7,23.7,6.94,114.0,7.02,8.606
Haryana,Hisar,Sugarcane,Whole Year,633.27,473.7,21.5,7.68,144.1,3.14,12.245
Karnataka,Dharwad,Soybean,Kharif,79.12,533.6,27.6,6.08,128.9,0.26,4.314
Karnataka,Mysuru,Sugarcane,Whole Year,710.9,901.0,25.0,7.16,141.4,5.46,13.0
Uttar Pradesh,Agra,Sugarcane,Whole Year,95.21,1102.1,18.0,7.55,102.0,1.51,13.0
Bihar,Patna,Rice,Kharif,21.64,1277.3,27.6,6.95,108.7,3.18,10.346
Assam,Kamrup,Mustard,Rabi,31.33,1652.0,27.3,5.2,47.8,1.44,4.655
Odisha,Cuttack,Sugarcane,Whole Year,237.46,1462.9,27.5,5.96,165.4,1.67,13.0
Maharashtra,Pune,Chickpea,Rabi,267.05,1039.2,40.1,7.1,75.6,12.76,2.758
West Bengal,Burdwan,Chickpea,Rabi,360.98,1507.7,24.5,5.97,140.1,0.72,4.803
Haryana,Hisar,Barley,Rabi,4.32,694.9,24.3,7.07,123.1,3.3,6.009
Gujarat,Ahmedabad,Mustard,Rabi,333.57,661.4,33.1,6.68,130.5,1.84,3.88
Punjab,Ludhiana,Sugarcane,Whole Year,617.24,553.4,20.0,7.87,249.2,0.92,13.0
West Bengal,Burdwan,Mustard,Rabi,36.33,1839.2,27.6,5.0,163.5,0.1,5.836
Andhra Pradesh,Guntur,Maize,Kharif,40.55,852.0,27.4,6.94,142.4,8.98,8.812
Tamil Nadu,Coimbatore,Mustard,Rabi,51.64,1291.6,28.2,5.95,141.3,0.32,5.595
Punjab,Patiala,Maize,Kharif,72.06,607.4,18.5,6.5,221.6,1.93,9.022
Gujarat,Rajkot,Barley,Rabi,269.16,647.4,27.8,7.47,171.6,3.69,6.339
Karnataka,Raichur,Soybean,Kharif,363.62,996.2,16.8,7.03,122.0,2.38,5.838
Rajasthan,Bikaner,Chickpea,Rabi,98.65,292.1,36.1,6.93,67.1,1.04,1.743
Odisha,Puri,Chickpea,Rabi,139.31,1562.4,27.4,5.39,142.7,0.59,4.394
Tamil Nadu,Coimbatore,Maize,Kharif,94.65,848.2,35.3,6.47,166.1,0.77,8.136
Karnataka,Raichur,Barley,Rabi,126.65,943.4,27.9,6.57,140.6,2.0,6.376
Punjab,Patiala,Wheat,Rabi,85.93,430.1,19.3,6.93,216.0,5.58,8.513
Jharkhand,Ranchi,Mustard,Rabi,6.48,983.4,28.3,5.74,103.0,1.12,4.007
Andhra Pradesh,Guntur,Groundnut,Kharif,67.01,727.9,33.3,6.55,115.7,1.74,5.027
Karnataka,Raichur,Soybean,Kharif,224.79,691.0,28.2,6.73,100.7,0.42,4.612
Bihar,Gaya,Mustard,Rabi,98.37,1056.9,26.9,7.52,124.4,0.64,5.028
Jharkhand,Hazaribag,Groundnut,Kharif,36.49,938.3,16.8,5.96,119.0,0.6,4.977
Assam,Nagaon,Barley,Rabi,21.86,2001.0,22.6,5.47,92.0,0.72,6.054
Assam,Jorhat,Rice,Kharif,330.87,2279.1,25.2,6.44,103.1,6.07,10.749
Maharashtra,Pune,Groundnut,Kharif,11.19,1040.4,32.3,7.01,118.4,3.16,5.815
West Bengal,Murshidabad,Sugarcane,Whole Year,24.95,1706.5,36.2,7.27,93.5,1.71,13.0
Odisha,Sambalpur,Groundnut,Kharif,47.7,1661.3,28.0,5.99,99.2,3.54,7.05
Odisha,Cuttack,Chickpea,Rabi,125.56,1415.8,34.1,7.28,92.9,3.62,4.015
Punjab,Ludhiana,Groundnut,Kharif,18.29,575.5,26.7,6.69,221.6,4.98,5.99
Gujarat,Surat,Mustard,Rabi,156.58,782.4,25.1,7.12,152.9,5.74,5.435
Rajasthan,Jaipur,Mustard,Rabi,108.02,320.2,32.1,7.65,100.3,2.29,3.483
Andhra Pradesh,Krishna,Mustard,Rabi,193.23,1186.4,28.9,6.68,216.1,10.48,6.767
West Bengal,Burdwan,Barley,Rabi,350.03,1695.5,29.8,6.85,94.9,0.74,6.987
Rajasthan,Bikaner,Rice,Kharif,11.16,334.0,26.0,7.43,47.0,4.51,5.81
Madhya Pradesh,Indore,Wheat,Rabi,338.68,1298.1,25.6,6.4,144.3,3.69,9.045
Tamil Nadu,Coimbatore,Rice,Kharif,12.91,1261.6,31.7,6.59,121.3,0.68,10.184
Tamil Nadu,Coimbatore,Barley,Rabi,117.14,848.5,34.4,6.5,135.8,0.84,5.521
Karnataka,Raichur,Maize,Kharif,430.64,540.3,33.6,6.54,120.6,7.19,7.277
Bihar,Muzaffarpur,Mustard,Rabi,258.32,1065.3,26.4,6.24,124.4,5.37,5.495
Jharkhand,Dhanbad,Barley,Rabi,547.85,1312.2,22.2,6.0,102.5,0.1,6.755
Andhra Pradesh,Guntur,Chickpea,Rabi,116.83,906.0,32.8,6.37,148.9,12.96,3.823
Odisha,Puri,Chickpea,Rabi,91.72,1565.9,31.0,6.16,63.3,2.47,3.906
Maharashtra,Nagpur,Rice,Kharif,11.73,1051.7,37.9,6.6,176.7,4.87,9.524
Uttar Pradesh,Kanpur,Chickpea,Rabi,34.63,735.6,32.5,6.87,129.1,11.83,2.761
West Bengal,Nadia,Sugarcane,Whole Year,39.84,2082.1,25.5,6.86,107.5,2.85,13.0
Punjab,Patiala,Maize,Kharif,257.77,810.2,18.4,7.77,227.8,5.52,9.691
West Bengal,Burdwan,Mustard,Rabi,200.12,1224.1,22.4,5.93,85.7,4.4,5.078
Bihar,Patna,Groundnut,Kharif,207.15,1297.3,22.0,7.47,176.8,0.88,6.854
Uttar Pradesh,Kanpur,Wheat,Rabi,60.61,759.0,19.4,7.18,95.3,1.92,7.064
Assam,Kamrup,Chickpea,Rabi,461.11,2173.0,22.7,6.31,78.7,8.31,4.131
Assam,Kamrup,Sugarcane,Whole Year,53.36,1869.5,29.0,5.47,34.0,3.81,13.0
Madhya Pradesh,Jabalpur,Rice,Kharif,408.07,950.9,19.4,6.66,134.3,6.47,9.007
Assam,Kamrup,Sugarcane,Whole Year,253.16,2771.6,24.6,6.08,94.4,0.25,13.0
Bihar,Muzaffarpur,Soybean,Kharif,101.57,1201.6,36.3,6.19,78.4,1.2,5.667
Maharashtra,Pune,Chickpea,Rabi,150.91,1263.2,29.5,6.48,168.2,1.88,4.368
Haryana,Rohtak,Soybean,Kharif,256.31,554.6,28.7,7.0,195.1,3.21,5.876
Bihar,Gaya,Cotton,Kharif,116.52,1062.6,21.1,7.31,107.0,0.63,4.888
Jharkhand,Hazaribag,Chickpea,Rabi,204.49,1169.3,28.0,6.75,87.7,1.88,3.712
Madhya Pradesh,Jabalpur,Cotton,Kharif,0.62,1207.6,31.9,6.41,27.4,1.26,4.518
Tamil Nadu,Coimbatore,Wheat,Rabi,88.98,1014.9,35.4,6.3,151.5,6.6,8.016
Madhya Pradesh,Jabalpur,Sugarcane,Whole Year,118.87,539.4,29.0,6.59,161.1,5.61,13.0
Gujarat,Ahmedabad,Mustard,Rabi,259.88,483.9,26.8,7.26,170.1,0.71,4.497
Haryana,Hisar,Mustard,Rabi,110.15,579.5,20.3,8.52,137.7,0.4,4.138
Bihar,Muzaffarpur,Mustard,Rabi,417.39,966.4,24.7,7.42,219.7,3.58,6.253
Andhra Pradesh,Krishna,Cotton,Kharif,312.2,1044.2,27.9,7.21,187.7,0.1,5.861
Uttar Pradesh,Kanpur,Barley,Rabi,213.15,996.4,38.3,7.33,167.9,3.65,6.731
Uttar Pradesh,Varanasi,Soybean,Kharif,5.82,906.8,32.8,7.24,235.6,8.28,6.918
Gujarat,Ahmedabad,Mustard,Rabi,21.87,761.8,31.8,7.49,153.7,0.45,4.752
Madhya Pradesh,Indore,Groundnut,Kharif,149.71,1098.0,21.7,6.63,116.0,3.78,6.426
Uttar Pradesh,Varanasi,Maize,Kharif,172.54,836.2,21.4,6.43,182.6,2.67,8.917
Tamil Nadu,Coimbatore,Cotton,Kharif,79.76,979.5,30.0,6.16,117.1,4.71,4.72
Karnataka,Dharwad,Barley,Rabi,187.47,844.6,21.1,6.97,209.7,2.77,7.542
Haryana,Karnal,Maize,Kharif,1.69,418.9,34.4,7.08,162.0,6.82,7.369
Tamil Nadu,Thanjavur,Sugarcane,Whole Year,37.98,912.9,34.0,5.69,175.1,1.23,13.0
Rajasthan,Jaipur,Soybean,Kharif,44.14,190.8,28.6,7.22,85.2,1.51,2.4
Gujarat,Rajkot,Chickpea,Rabi,0.44,740.8,32.1,7.28,235.1,3.33,3.682
Maharashtra,Nashik,Rice,Kharif,17.73,936.6,31.2,7.82,117.7,0.83,8.309
Madhya Pradesh,Bhopal,Chickpea,Rabi,76.53,975.9,30.9,6.77,58.9,12.32,2.937
Assam,Nagaon,Cotton,Kharif,350.8,2384.9,32.0,5.56,96.2,7.06,6.234
Odisha,Sambalpur,Barley,Rabi,195.6,1254.1,35.0,5.87,89.0,0.75,5.666
West Bengal,Murshidabad,Sugarcane,Whole Year,240.22,1355.7,25.7,5.98,161.2,1.12,13.0
West Bengal,Nadia,Groundnut,Kharif,126.22,1250.3,29.0,6.25,113.8,0.45,6.104
Andhra Pradesh,Guntur,Maize,Kharif,415.52,1120.6,36.3,5.97,181.8,2.25,9.801
Uttar Pradesh,Kanpur,Wheat,Rabi,105.41,856.2,30.7,7.43,174.7,1.9,8.104
Bihar,Gaya,Wheat,Rabi,462.6,1053.9,30.3,6.77,159.4,1.15,8.955
Bihar,Gaya,Rice,Kharif,155.42,1189.6,32.4,5.98,104.0,7.58,9.6
Maharashtra,Nagpur,Wheat,Rabi,12.33,1206.7,23.8,7.01,133.1,0.51,8.727
Rajasthan,Jaipur,Rice,Kharif,200.75,554.3,27.6,7.32,108.4,1.82,7.533
Karnataka,Mysuru,Groundnut,Kharif,85.5,843.7,28.4,5.67,112.1,0.83,5.127
Haryana,Karnal,Wheat,Rabi,225.26,521.3,20.6,7.36,176.8,0.51,7.733
Rajasthan,Jaipur,Sugarcane,Whole Year,219.57,336.6,35.7,8.02,80.8,2.43,10.395
Maharashtra,Nashik,Mustard,Rabi,249.88,1277.0,22.7,7.96,100.9,0.15,4.926
Tamil Nadu,Madurai,Rice,Kharif,272.55,943.4,26.4,6.5,126.6,7.71,9.286
Karnataka,Dharwad,Mustard,Rabi,527.49,757.9,29.0,6.33,198.1,2.19,5.589
Jharkhand,Hazaribag,Barley,Rabi,241.73,1099.7,22.3,6.23,79.7,2.38,6.343
Tamil Nadu,Madurai,Cotton,Kharif,151.55,1003.4,32.6,5.12,118.3,3.19,4.948
Maharashtra,Nashik,Mustard,Rabi,397.63,1368.1,25.4,6.34,175.3,1.55,6.562
Bihar,Muzaffarpur,Chickpea,Rabi,46.91,1138.8,24.6,7.02,159.8,1.11,4.011
Karnataka,Raichur,Rice,Kharif,68.38,802.2,18.9,6.87,64.3,6.98,7.394
Rajasthan,Jaipur,Maize,Kharif,166.31,309.5,33.6,8.9,99.1,1.59,5.158
Maharashtra,Nagpur,Groundnut,Kharif,156.21,1014.0,23.3,6.16,96.8,3.39,5.296
Gujarat,Surat,Cotton,Kharif,141.39,628.1,37.0,6.72,134.9,2.04,4.145
Jharkhand,Ranchi,Soybean,Kharif,274.19,804.9,25.5,6.48,117.7,0.31,5.046
Maharashtra,Pune,Groundnut,Kharif,575.27,849.8,33.3,7.41,200.5,0.93,6.347
Madhya Pradesh,Indore,Wheat,Rabi,273.02,821.3,22.7,6.82,108.4,3.47,7.632
Andhra Pradesh,Kurnool,Rice,Kharif,547.74,1031.5,25.1,7.22,182.0,9.99,10.387
Punjab,Amritsar,Barley,Rabi,212.52,889.9,28.0,7.67,158.2,1.35,6.796
Rajasthan,Jodhpur,Barley,Rabi,128.14,419.9,34.0,8.24,96.6,0.69,4.298
Rajasthan,Bikaner,Wheat,Rabi,161.17,324.7,26.3,7.39,162.4,6.31,7.381
Gujarat,Ahmedabad,Rice,Kharif,78.77,825.0,27.3,6.87,167.1,5.48,9.536
West Bengal,Murshidabad,Wheat,Rabi,101.64,1323.1,24.7,6.46,178.7,5.34,9.701
Jharkhand,Hazaribag,Chickpea,Rabi,96.63,1041.3,28.6,4.75,125.3,2.03,3.657
West Bengal,Murshidabad,Chickpea,Rabi,65.12,1335.5,35.4,5.28,169.8,3.22,3.668
Odisha,Sambalpur,Maize,Kharif,35.45,1227.2,23.5,5.4,158.3,2.56,9.304
Karnataka,Raichur,Cotton,Kharif,235.11,1056.3,27.3,5.86,174.4,2.15,5.479
Bihar,Muzaffarpur,Soybean,Kharif,48.31,882.0,31.2,6.32,163.1,2.77,5.625
Punjab,Patiala,Wheat,Rabi,80.92,633.0,16.7,7.2,192.7,1.91,7.875
Assam,Nagaon,Groundnut,Kharif,328.16,1866.2,20.9,4.83,91.8,0.55,6.334
Uttar Pradesh,Agra,Wheat,Rabi,929.86,830.6,33.2,6.96,214.6,0.1,8.968
Karnataka,Raichur,Cotton,Kharif,311.23,781.1,23.9,6.66,159.5,2.37,4.766
Rajasthan,Bikaner,Wheat,Rabi,125.78,340.3,24.0,8.14,96.5,9.75,5.958
Tamil Nadu,Coimbatore,Sugarcane,Whole Year,683.87,1144.3,28.0,6.93,62.5,2.33,13.0
Karnataka,Dharwad,Maize,Kharif,89.11,971.9,30.6,6.6,101.6,0.85,7.394
Andhra Pradesh,Kurnool,Maize,Kharif,767.51,826.9,32.5,6.11,154.7,2.12,8.642
Punjab,Ludhiana,Barley,Rabi,71.06,677.9,19.0,6.79,136.4,9.9,6.454
Haryana,Hisar,Maize,Kharif,127.36,408.9,17.1,8.19,227.3,3.8,8.365
Madhya Pradesh,Indore,Soybean,Kharif,30.44,984.4,22.6,7.01,104.0,1.28,5.553
Bihar,Patna,Mustard,Rabi,60.33,1218.7,24.9,6.51,146.9,0.8,5.479
Odisha,Sambalpur,Maize,Kharif,381.26,1303.9,27.4,7.05,129.1,2.74,9.623
Gujarat,Ahmedabad,Mustard,Rabi,159.19,551.2,35.6,6.82,114.5,1.56,3.046
Madhya Pradesh,Indore,Soybean,Kharif,863.28,1058.9,35.0,7.14,152.7,1.56,6.126
Assam,Nagaon,Groundnut,Kharif,149.0,2301.0,29.0,5.93,130.2,11.91,6.977
Haryana,Rohtak,Cotton,Kharif,57.33,489.3,29.5,7.29,170.4,1.04,4.576
Punjab,Amritsar,Mustard,Rabi,321.27,852.9,18.0,7.12,191.5,2.28,5.89
Maharashtra,Pune,Barley,Rabi,686.98,833.7,30.8,5.94,121.7,5.3,6.252
Gujarat,Rajkot,Maize,Kharif,51.08,901.3,23.8,7.74,60.3,0.58,6.844
Assam,Jorhat,Mustard,Rabi,480.32,2820.4,26.5,5.48,144.4,8.59,6.336
Maharashtra,Nagpur,Mustard,Rabi,297.33,802.0,27.5,5.27,130.9,0.31,4.324
Madhya Pradesh,Bhopal,Mustard,Rabi,462.96,928.3,27.6,7.52,209.3,18.0,6.181
Odisha,Puri,Soybean,Kharif,258.98,1542.1,29.0,6.6,151.4,3.77,7.454
Odisha,Cuttack,Chickpea,Rabi,166.02,1482.4,28.6,5.94,130.0,0.1,4.284
Madhya Pradesh,Jabalpur,Rice,Kharif,200.3,1158.2,36.0,6.71,186.1,2.34,10.575
Bihar,Patna,Groundnut,Kharif,60.48,1169.3,24.5,7.04,105.9,1.28,5.819
Karnataka,Mysuru,Groundnut,Kharif,147.04,1019.4,24.9,7.32,180.4,3.31,6.756
Uttar Pradesh,Varanasi,Groundnut,Kharif,415.09,941.8,33.2,7.56,192.4,4.34,7.112
Bihar,Muzaffarpur,Chickpea,Rabi,179.25,1148.9,32.4,7.09,98.4,3.02,3.674
Jharkhand,Dhanbad,Groundnut,Kharif,26.55,1571.0,28.9,5.86,78.9,1.36,6.257
Assam,Jorhat,Maize,Kharif,62.97,1770.5,25.4,5.96,141.8,10.52,10.503
Maharashtra,Nagpur,Groundnut,Kharif,271.28,645.1,36.0,7.22,118.5,1.06,4.707
Uttar Pradesh,Agra,Chickpea,Rabi,15.54,733.8,23.7,6.76,124.4,0.97,3.205
Haryana,Rohtak,Maize,Kharif,65.28,547.0,21.4,7.77,162.9,0.32,7.085
Jharkhand,Dhanbad,Cotton,Kharif,110.27,1025.4,36.1,5.38,48.1,3.84,4.023
Andhra Pradesh,Kurnool,Mustard,Rabi,465.94,897.2,28.8,6.42,136.2,5.04,4.985
Madhya Pradesh,Indore,Mustard,Rabi,60.67,692.2,18.3,6.76,103.1,0.25,3.868
Haryana,Karnal,Cotton,Kharif,102.45,511.9,22.1,7.09,183.4,1.43,4.479
Bihar,Patna,Mustard,Rabi,117.3,967.3,25.6,6.44,146.1,3.5,5.484
Uttar Pradesh,Agra,Wheat,Rabi,658.66,856.7,24.4,7.49,201.3,2.43,9.285
Maharashtra,Pune,Mustard,Rabi,157.42,1286.7,29.4,7.14,119.8,2.19,5.283
Odisha,Sambalpur,Mustard,Rabi,137.05,1384.3,25.8,5.97,152.8,0.7,5.633
Andhra Pradesh,Kurnool,Sugarcane,Whole Year,159.04,953.4,26.8,6.04,225.3,7.42,13.0
Karnataka,Dharwad,Groundnut,Kharif,149.99,1254.5,20.4,6.96,173.2,7.77,6.809
Maharashtra,Nagpur,Soybean,Kharif,39.93,1004.5,29.5,6.5,149.1,0.1,6.326
Odisha,Sambalpur,Mustard,Rabi,432.76,1388.2,32.2,5.88,96.1,6.32,4.979
Maharashtra,Nagpur,Wheat,Rabi,507.72,972.8,27.5,7.47,97.9,3.8,7.32
Assam,Jorhat,Maize,Kharif,40.63,1991.8,31.4,4.99,91.5,6.08,10.015
Uttar Pradesh,Kanpur,Groundnut,Kharif,306.81,1013.5,19.3,6.87,216.8,1.84,6.806
Odisha,Cuttack,Chickpea,Rabi,55.8,1256.7,30.5,5.54,65.4,1.72,3.319
Andhra Pradesh,Krishna,Mustard,Rabi,125.4,977.6,25.7,6.23,153.9,1.06,5.678
West Bengal,Burdwan,Mustard,Rabi,94.22,1505.0,25.6,6.05,201.0,7.28,7.296
Uttar Pradesh,Kanpur,Mustard,Rabi,232.26,1099.9,30.4,6.83,214.0,1.26,6.476
Gujarat,Surat,Mustard,Rabi,5.24,660.3,34.7,7.12,161.8,1.2,4.193
Andhra Pradesh,Kurnool,Barley,Rabi,89.79,1173.7,34.3,6.66,79.9,5.96,5.839
Assam,Nagaon,Maize,Kharif,852.25,2094.0,26.3,5.77,93.6,0.55,9.339
Andhra Pradesh,Krishna,Sugarcane,Whole Year,81.78,777.1,29.7,5.57,150.5,3.53,13.0
West Bengal,Burdwan,Groundnut,Kharif,725.38,1397.2,28.2,6.38,186.5,2.88,7.856
Jharkhand,Dhanbad,Soybean,Kharif,25.07,1116.0,23.6,5.92,101.8,0.54,5.894
Tamil Nadu,Thanjavur,Sugarcane,Whole Year,211.38,967.0,29.4,6.29,135.9,0.1,13.0
Tamil Nadu,Coimbatore,Rice,Kharif,464.84,1065.4,29.3,6.86,154.7,15.49,10.197
Bihar,Patna,Barley,Rabi,9.85,1250.3,28.1,7.01,144.4,1.3,7.135
Tamil Nadu,Coimbatore,Sugarcane,Whole Year,722.79,621.1,22.3,6.33,245.2,1.21,13.0
Punjab,Patiala,Wheat,Rabi,43.55,723.0,17.3,7.27,166.3,0.67,7.896
Odisha,Cuttack,Groundnut,Kharif,181.17,1332.4,32.5,7.62,63.5,3.86,5.679
West Bengal,Burdwan,Mustard,Rabi,9.85,1681.2,19.6,5.39,149.1,5.42,6.347
Maharashtra,Nagpur,Barley,Rabi,85.98,1023.7,33.4,7.34,139.4,0.18,5.896
Bihar,Gaya,Wheat,Rabi,151.58,1203.3,25.8,6.79,150.5,6.89,9.165
Gujarat,Rajkot,Soybean,Kharif,87.57,767.3,27.4,7.3,178.3,1.87,5.393
Assam,Nagaon,Barley,Rabi,318.8,1976.2,22.4,5.55,49.2,0.22,6.587
Jharkhand,Hazaribag,Chickpea,Rabi,307.21,1093.7,14.7,5.36,140.3,11.98,3.974
Maharashtra,Pune,Groundnut,Kharif,58.8,1204.7,35.8,6.69,103.7,2.34,5.765
Tamil Nadu,Madurai,Chickpea,Rabi,146.45,939.9,32.5,7.21,81.3,0.14,2.579
Andhra Pradesh,Kurnool,Sugarcane,Whole Year,4.42,780.2,27.3,6.05,226.0,0.9,13.0
Haryana,Hisar,Wheat,Rabi,10.63,639.8,24.8,8.65,206.1,3.86,8.493
Punjab,Amritsar,Sugarcane,Whole Year,203.92,587.0,19.1,7.01,162.5,3.96,13.0
Rajasthan,Bikaner,Sugarcane,Whole Year,1081.0,368.7,29.2,7.69,91.4,1.95,10.582
Madhya Pradesh,Bhopal,Maize,Kharif,22.37,1014.7,24.3,6.21,111.9,13.76,8.459
Assam,Nagaon,Groundnut,Kharif,341.46,2231.2,24.4,5.27,34.5,1.0,5.789
Karnataka,Dharwad,Cotton,Kharif,36.58,794.6,21.6,5.87,133.4,5.97,4.709
Uttar Pradesh,Kanpur,Barley,Rabi,159.44,962.0,23.2,6.6,138.1,2.56,6.838
Haryana,Rohtak,Sugarcane,Whole Year,149.45,523.8,22.0,7.44,152.3,2.2,12.347
Odisha,Cuttack,Cotton,Kharif,301.41,1239.6,22.8,6.41,149.7,2.2,5.854
Odisha,Puri,Groundnut,Kharif,339.98,1322.5,33.3,6.31,115.8,0.88,6.642
Andhra Pradesh,Krishna,Cotton,Kharif,151.0,601.7,30.4,6.77,61.7,4.07,4.031
Odisha,Puri,Chickpea,Rabi,81.41,1093.6,24.9,5.97,100.3,0.11,3.43
Andhra Pradesh,Krishna,Sugarcane,Whole Year,340.19,901.7,29.4,6.98,173.1,6.44,13.0
Gujarat,Ahmedabad,Sugarcane,Whole Year,94.74,650.6,30.1,7.78,149.2,1.02,13.0
Punjab,Patiala,Wheat,Rabi,514.08,595.9,20.5,7.58,254.0,10.24,10.218
Madhya Pradesh,Indore,Chickpea,Rabi,4.45,739.4,30.3,7.51,66.1,1.45,2.293
Punjab,Ludhiana,Mustard,Rabi,25.17,615.5,21.1,7.06,242.1,2.93,6.125
Jharkhand,Ranchi,Maize,Kharif,345.5,1323.2,28.3,5.28,115.6,5.56,9.39
Rajasthan,Jodhpur,Maize,Kharif,80.08,341.0,44.3,8.18,84.8,0.44,4.455
Karnataka,Dharwad,Maize,Kharif,254.58,1218.8,29.1,7.03,178.0,2.31,10.103
Odisha,Puri,Rice,Kharif,146.62,1340.5,30.4,5.41,63.8,9.66,9.666
Haryana,Hisar,Maize,Kharif,278.07,665.5,32.8,7.41,174.0,1.7,8.222
Gujarat,Surat,Maize,Kharif,313.43,529.3,23.1,7.27,106.0,12.11,6.476
Karnataka,Mysuru,Barley,Rabi,124.35,871.0,23.5,7.89,138.1,0.65,6.257
Rajasthan,Jaipur,Groundnut,Kharif,356.91,175.0,25.1,7.63,41.6,4.67,3.06
Punjab,Patiala,Soybean,Kharif,15.88,695.9,20.3,7.37,238.5,3.35,5.561
Assam,Jorhat,Chickpea,Rabi,585.64,2208.6,23.4,5.95,28.1,0.54,4.182
Madhya Pradesh,Indore,Cotton,Kharif,8.51,847.2,24.2,7.28,161.3,5.99,5.244
Rajasthan,Jodhpur,Maize,Kharif,203.47,350.9,17.7,7.68,46.5,0.83,4.534
Karnataka,Dharwad,Rice,Kharif,765.01,964.0,33.3,6.21,86.8,1.18,8.637
Rajasthan,Jaipur,Cotton,Kharif,305.41,351.7,31.5,8.66,94.2,0.6,2.706
Maharashtra,Nashik,Rice,Kharif,113.33,656.4,27.0,7.27,187.5,5.01,9.19
Assam,Jorhat,Barley,Rabi,2.42,2218.9,23.2,5.5,93.5,5.9,6.823
Odisha,Cuttack,Sugarcane,Whole Year,263.5,1708.6,37.6,6.67,103.1,5.68,13.0
Andhra Pradesh,Guntur,Sugarcane,Whole Year,136.77,788.4,26.5,6.84,163.6,3.04,13.0
Maharashtra,Nagpur,Cotton,Kharif,535.67,1184.6,36.1,6.74,168.7,4.65,6.337
Rajasthan,Bikaner,Groundnut,Kharif,76.97,259.3,24.8,8.38,147.4,0.1,4.111
Maharashtra,Nashik,Wheat,Rabi,123.96,741.9,30.3,7.18,59.2,8.33,6.228
Jharkhand,Ranchi,Groundnut,Kharif,160.01,1391.5,34.0,5.97,71.5,8.01,5.999
Punjab,Amritsar,Mustard,Rabi,49.25,577.1,31.1,7.68,185.1,0.35,4.254
Maharashtra,Nashik,Mustard,Rabi,180.86,1027.6,25.6,6.21,109.4,1.58,4.962
Tamil Nadu,Madurai,Mustard,Rabi,57.75,877.9,33.8,6.55,108.4,1.81,4.124
Tamil Nadu,Madurai,Maize,Kharif,56.57,1190.7,24.7,6.46,142.7,3.27,9.43
Maharashtra,Nashik,Sugarcane,Whole Year,382.42,1068.6,27.9,6.94,147.1,2.43,13.0
Haryana,Rohtak,Barley,Rabi,254.29,553.1,25.3,7.77,177.1,6.39,6.768
Haryana,Rohtak,Rice,Kharif,116.87,487.8,33.3,8.19,138.5,2.62,7.174
Rajasthan,Jaipur,Rice,Kharif,182.31,361.7,33.2,7.88,146.9,0.1,7.222
Odisha,Puri,Soybean,Kharif,4.7,1532.7,26.3,6.16,57.5,0.29,6.418
Uttar Pradesh,Agra,Maize,Kharif,61.11,940.7,32.6,6.54,209.3,3.21,10.001
Haryana,Hisar,Groundnut,Kharif,69.43,486.4,27.9,6.96,179.2,3.33,5.335
Andhra Pradesh,Guntur,Cotton,Kharif,532.34,693.0,32.7,7.43,97.7,0.8,4.026
Andhra Pradesh,Krishna,Maize,Kharif,135.34,969.4,26.9,6.23,164.2,1.61,8.947
Madhya Pradesh,Jabalpur,Mustard,Rabi,73.13,815.2,34.1,7.57,163.5,18.0,5.221
Punjab,Patiala,Sugarcane,Whole Year,16.37,554.3,23.0,7.74,220.8,0.62,13.0
West Bengal,Murshidabad,Rice,Kharif,99.95,1530.4,30.5,6.19,96.3,1.63,10.33
West Bengal,Murshidabad,Barley,Rabi,251.33,1659.6,31.1,7.14,157.0,4.52,7.68
Odisha,Cuttack,Barley,Rabi,135.66,1493.1,24.5,6.32,73.3,1.71,6.672
Odisha,Sambalpur,Sugarcane,Whole Year,74.57,1324.7,31.9,5.64,130.4,1.04,13.0
Haryana,Hisar,Wheat,Rabi,24.92,550.5,22.1,7.62,122.6,1.1,6.65
Uttar Pradesh,Agra,Groundnut,Kharif,53.26,469.2,26.3,5.73,246.5,2.14,5.92
Rajasthan,Bikaner,Sugarcane,Whole Year,235.5,219.0,20.6,7.75,66.4,0.17,8.441
Jharkhand,Ranchi,Mustard,Rabi,84.09,1245.7,22.6,5.37,109.3,0.95,4.819
Karnataka,Mysuru,Maize,Kharif,1332.03,879.4,33.8,6.57,122.1,5.74,8.425
West Bengal,Nadia,Sugarcane,Whole Year,105.12,1030.9,30.9,6.76,144.2,0.24,13.0
Rajasthan,Jaipur,Groundnut,Kharif,448.83,366.4,23.6,7.69,84.9,18.0,4.532
Gujarat,Rajkot,Sugarcane,Whole Year,153.19,796.9,27.3,6.8,106.7,4.66,13.0
West Bengal,Murshidabad,Groundnut,Kharif,319.68,1737.8,31.2,7.3,127.5,1.65,7.086
Uttar Pradesh,Agra,Wheat,Rabi,10.09,843.3,26.5,6.89,121.6,2.56,6.934
Maharashtra,Pune,Barley,Rabi,196.39,1255.8,28.3,7.08,137.3,3.05,7.362
Jharkhand,Ranchi,Groundnut,Kharif,23.26,1323.7,25.2,5.89,81.6,1.54,5.999
Bihar,Gaya,Groundnut,Kharif,226.6,917.4,31.3,6.21,123.1,4.56,6.126
Punjab,Amritsar,Maize,Kharif,26.22,566.8,21.8,7.03,180.3,1.87,7.796
Rajasthan,Jaipur,Sugarcane,Whole Year,186.38,431.0,28.8,7.55,71.5,0.43,10.328
Bihar,Patna,Cotton,Kharif,137.97,1292.1,20.3,6.24,33.8,1.41,4.392
Jharkhand,Dhanbad,Groundnut,Kharif,115.01,1054.1,21.2,5.23,110.4,0.8,5.576
Andhra Pradesh,Krishna,Maize,Kharif,80.34,676.2,32.2,5.78,197.8,0.12,8.784
Madhya Pradesh,Jabalpur,Rice,Kharif,63.59,1179.3,26.4,6.37,164.8,2.03,10.637
Andhra Pradesh,Kurnool,Maize,Kharif,41.89,882.2,40.3,7.27,162.6,1.17,8.173
Andhra Pradesh,Kurnool,Groundnut,Kharif,97.64,1101.2,25.3,6.74,86.9,11.41,6.234
West Bengal,Murshidabad,Cotton,Kharif,180.69,1163.5,26.4,6.86,93.5,0.61,4.542
Jharkhand,Dhanbad,Soybean,Kharif,87.67,1074.6,35.0,6.06,141.3,0.79,5.76
Andhra Pradesh,Kurnool,Sugarcane,Whole Year,202.99,1141.9,34.0,7.35,120.7,2.79,13.0
Andhra Pradesh,Guntur,Chickpea,Rabi,324.26,1162.7,24.0,6.49,121.8,2.27,4.126
Maharashtra,Pune,Wheat,Rabi,29.16,1173.6,30.9,6.02,153.7,5.15,9.039
Madhya Pradesh,Indore,Barley,Rabi,142.32,912.4,27.3,7.39,94.5,1.12,5.885
Odisha,Sambalpur,Rice,Kharif,110.27,1700.1,31.1,5.84,92.2,8.31,11.035
Punjab,Patiala,Barley,Rabi,267.67,642.3,19.2,7.16,204.6,0.1,6.854
Haryana,Karnal,Chickpea,Rabi,100.58,505.2,12.0,7.07,213.6,7.4,3.735
Jharkhand,Dhanbad,Cotton,Kharif,8.71,1140.0,23.6,5.72,101.0,3.96,5.185
Bihar,Gaya,Barley,Rabi,291.96,1227.4,19.5,5.05,95.7,3.16,6.696
Gujarat,Ahmedabad,Sugarcane,Whole Year,48.62,422.4,25.6,7.64,171.0,10.3,12.431
Andhra Pradesh,Guntur,Cotton,Kharif,308.44,1035.6,31.8,7.16,161.3,1.09,5.76
Tamil Nadu,Thanjavur,Groundnut,Kharif,202.15,1149.8,29.6,6.11,155.9,5.29,6.765
Madhya Pradesh,Indore,Rice,Kharif,223.44,705.9,19.1,6.89,62.6,1.35,6.234
Gujarat,Rajkot,Sugarcane,Whole Year,33.21,838.1,25.5,6.93,153.2,6.67,13.0
Gujarat,Surat,Chickpea,Rabi,19.47,634.3,23.8,6.8,88.8,3.47,3.288
Bihar,Gaya,Sugarcane,Whole Year,6.92,1010.4,28.6,7.1,168.1,2.63,13.0
Andhra Pradesh,Kurnool,Cotton,Kharif,267.24,1043.3,34.9,5.97,125.5,7.57,5.409
Jharkhand,Dhanbad,Rice,Kharif,52.8,943.0,29.6,4.25,107.1,1.21,7.445
Madhya Pradesh,Bhopal,Mustard,Rabi,323.99,758.2,36.9,7.43,110.4,0.52,3.876
Madhya Pradesh,Indore,Chickpea,Rabi,212.16,931.9,17.5,7.26,151.1,0.29,3.798
Karnataka,Raichur,Rice,Kharif,215.46,783.9,29.9,7.79,131.0,0.16,8.441
Karnataka,Dharwad,Mustard,Rabi,135.84,597.6,23.6,7.72,93.9,6.37,4.099
Gujarat,Surat,Mustard,Rabi,273.62,801.6,33.0,7.83,144.1,1.91,4.533
Bihar,Gaya,Sugarcane,Whole Year,106.42,1463.1,26.2,6.75,150.9,7.38,13.0
Maharashtra,Nashik,Cotton,Kharif,511.87,956.0,29.2,6.04,151.3,0.19,5.296
Punjab,Patiala,Mustard,Rabi,65.83,567.3,18.1,7.04,165.8,4.67,5.023
Madhya Pradesh,Bhopal,Barley,Rabi,54.02,908.7,32.4,7.22,120.1,7.73,5.751
Haryana,Rohtak,Soybean,Kharif,814.78,615.2,20.4,7.41,184.5,3.85,5.368
Assam,Kamrup,Sugarcane,Whole Year,432.05,2012.8,26.1,5.12,117.2,5.76,13.0
Odisha,Cuttack,Groundnut,Kharif,71.25,1173.8,33.2,6.4,129.2,4.26,6.305
Odisha,Sambalpur,Sugarcane,Whole Year,621.86,1593.9,27.8,6.0,154.1,2.78,13.0
Assam,Nagaon,Cotton,Kharif,458.13,2036.5,28.4,4.63,49.6,2.46,5.284
Tamil Nadu,Thanjavur,Rice,Kharif,106.13,1006.6,32.9,6.01,124.5,0.46,8.893
Haryana,Karnal,Mustard,Rabi,340.14,444.4,16.9,6.61,172.3,7.31,4.963
Karnataka,Dharwad,Maize,Kharif,29.61,878.4,23.1,7.51,170.8,2.21,8.833
Andhra Pradesh,Kurnool,Sugarcane,Whole Year,100.97,727.3,25.9,7.5,156.3,0.14,13.0
Bihar,Patna,Barley,Rabi,184.09,1015.2,17.0,6.71,129.2,6.05,7.548
Rajasthan,Jodhpur,Cotton,Kharif,5.23,316.7,26.6,7.74,105.1,0.23,3.362
Madhya Pradesh,Indore,Sugarcane,Whole Year,58.25,1024.4,28.4,6.32,145.4,2.5,13.0
Assam,Kamrup,Chickpea,Rabi,483.15,1944.8,20.1,6.08,111.7,3.7,4.217
Punjab,Ludhiana,Chickpea,Rabi,396.52,577.8,20.2,6.6,236.7,2.68,3.868
Uttar Pradesh,Varanasi,Chickpea,Rabi,124.76,788.7,25.9,6.96,163.1,3.04,3.583
Punjab,Patiala,Maize,Kharif,74.75,767.9,16.0,7.04,243.2,4.23,9.94
Bihar,Patna,Wheat,Rabi,145.68,1135.5,27.1,7.07,154.4,1.41,8.049
Andhra Pradesh,Guntur,Groundnut,Kharif,151.32,536.9,25.3,7.39,127.9,1.21,4.806
Karnataka,Dharwad,Mustard,Rabi,764.73,888.1,27.9,6.19,121.6,3.07,5.052
Maharashtra,Nagpur,Mustard,Rabi,29.3,800.3,33.0,6.8,128.0,10.7,4.606
Karnataka,Dharwad,Barley,Rabi,58.18,1006.6,18.9,6.61,159.4,2.56,6.961
Rajasthan,Bikaner,Chickpea,Rabi,41.43,261.2,40.7,7.81,168.7,2.36,2.324
Maharashtra,Nashik,Cotton,Kharif,19.59,1067.3,22.3,6.29,171.2,1.3,5.551
Tamil Nadu,Madurai,Maize,Kharif,94.26,1113.2,26.2,5.63,110.1,0.1,8.604
Punjab,Patiala,Soybean,Kharif,571.15,629.6,20.1,6.95,218.5,3.14,5.361
Bihar,Gaya,Barley,Rabi,434.41,1246.7,30.3,7.29,109.3,5.62,6.628
Odisha,Puri,Barley,Rabi,454.85,1272.1,30.2,5.44,132.8,1.33,6.859
Assam,Jorhat,Rice,Kharif,258.18,2114.9,24.4,5.35,101.3,0.98,10.488
West Bengal,Murshidabad,Sugarcane,Whole Year,12.47,1756.9,33.5,6.0,138.7,0.44,13.0
Assam,Nagaon,Barley,Rabi,98.74,2084.1,27.7,5.8,108.7,2.68,6.993
Uttar Pradesh,Varanasi,Maize,Kharif,616.44,848.7,32.8,6.95,177.9,0.53,8.668
Bihar,Muzaffarpur,Sugarcane,Whole Year,53.83,1155.5,29.6,6.46,57.1,15.13,13.0
Rajasthan,Bikaner,Rice,Kharif,81.43,447.2,20.5,7.77,61.9,7.54,5.752
Andhra Pradesh,Guntur,Maize,Kharif,89.9,902.9,27.2,6.89,76.3,5.6,7.28
Punjab,Ludhiana,Wheat,Rabi,228.66,637.8,27.2,7.79,230.6,7.14,8.931
Tamil Nadu,Coimbatore,Maize,Kharif,622.03,1111.7,33.4,6.24,178.7,5.2,9.917
Odisha,Puri,Soybean,Kharif,20.45,1416.9,30.3,5.98,125.4,5.08,6.684
Gujarat,Ahmedabad,Mustard,Rabi,108.33,620.2,30.5,7.19,115.2,5.89,3.819
Jharkhand,Dhanbad,Wheat,Rabi,173.2,1152.9,32.9,5.83,72.8,2.51,6.832
Haryana,Rohtak,Cotton,Kharif,37.88,467.8,28.2,7.67,142.1,10.26,4.474
West Bengal,Burdwan,Barley,Rabi,282.13,1292.7,31.1,6.29,128.7,3.77,7.008
Gujarat,Rajkot,Soybean,Kharif,525.34,383.7,41.9,7.35,116.0,1.38,3.361
Gujarat,Rajkot,Cotton,Kharif,91.43,598.2,27.5,6.72,190.7,2.38,5.348
Andhra Pradesh,Krishna,Sugarcane,Whole Year,196.56,1220.8,27.9,6.85,145.9,0.73,13.0
Rajasthan,Jaipur,Groundnut,Kharif,305.77,481.5,23.9,7.8,148.7,1.33,5.327
Gujarat,Rajkot,Chickpea,Rabi,72.86,702.2,28.5,7.88,138.0,4.44,3.266
Bihar,Gaya,Barley,Rabi,74.54,852.6,26.9,6.94,123.1,0.25,5.822
Uttar Pradesh,Kanpur,Barley,Rabi,28.96,849.6,16.7,7.08,148.9,0.28,6.738
Haryana,Hisar,Soybean,Kharif,159.0,316.7,21.0,6.92,204.7,2.83,4.63
Bihar,Patna,Chickpea,Rabi,1.19,907.6,22.4,6.43,96.6,4.04,3.404
Madhya Pradesh,Bhopal,Barley,Rabi,288.22,799.5,30.3,7.52,164.8,1.07,6.637
Andhra Pradesh,Krishna,Barley,Rabi,186.29,1180.3,31.0,6.25,166.8,7.26,7.218
Bihar,Gaya,Maize,Kharif,35.52,994.1,21.8,6.74,108.4,4.09,8.101
Haryana,Hisar,Chickpea,Rabi,13.22,461.3,33.8,7.15,186.1,7.34,3.391
Odisha,Sambalpur,Mustard,Rabi,193.59,1210.2,28.4,5.45,91.2,5.31,5.271
West Bengal,Burdwan,Cotton,Kharif,116.03,1566.3,23.8,6.27,119.8,2.05,6.132
Karnataka,Dharwad,Sugarcane,Whole Year,298.61,876.6,35.8,6.41,138.0,0.93,13.0
Karnataka,Mysuru,Groundnut,Kharif,110.65,758.2,23.4,7.11,137.4,13.86,5.497
Maharashtra,Nashik,Wheat,Rabi,91.42,1208.1,32.7,6.84,180.3,4.01,9.734
Gujarat,Surat,Groundnut,Kharif,87.41,839.8,20.0,7.43,86.8,2.71,5.085
Maharashtra,Nashik,Barley,Rabi,34.42,1212.4,35.1,6.33,152.1,2.95,7.055
Rajasthan,Bikaner,Rice,Kharif,603.58,393.4,34.7,7.56,109.7,3.45,6.462
Punjab,Ludhiana,Soybean,Kharif,13.86,695.8,16.7,6.8,187.9,5.43,5.203
Uttar Pradesh,Varanasi,Cotton,Kharif,260.7,1109.0,23.9,7.54,186.3,0.73,5.948
Uttar Pradesh,Agra,Soybean,Kharif,399.65,639.2,24.1,7.05,138.1,0.1,4.835
Odisha,Sambalpur,Wheat,Rabi,7.17,1044.9,34.3,6.05,156.3,0.49,7.667
Uttar Pradesh,Kanpur,Mustard,Rabi,114.06,521.5,30.7,7.26,184.9,0.85,5.14
Karnataka,Dharwad,Chickpea,Rabi,185.07,706.2,19.9,6.17,162.3,1.89,3.933
Maharashtra,Pune,Wheat,Rabi,320.2,887.2,32.7,6.34,101.2,0.32,6.724
Haryana,Hisar,Cotton,Kharif,11.89,637.8,21.3,7.41,177.2,3.53,4.745
Haryana,Rohtak,Chickpea,Rabi,134.43,491.6,23.6,7.09,160.5,0.1,3.378
Bihar,Muzaffarpur,Sugarcane,Whole Year,38.19,1126.8,28.2,6.38,124.8,0.87,13.0
Madhya Pradesh,Indore,Chickpea,Rabi,332.53,920.7,22.8,7.54,76.1,1.15,3.45
Assam,Nagaon,Barley,Rabi,24.95,2380.8,33.0,5.24,51.9,1.44,5.506
Tamil Nadu,Madurai,Chickpea,Rabi,122.48,773.1,28.7,7.59,162.7,2.93,3.725
Maharashtra,Pune,Mustard,Rabi,219.98,493.1,26.9,6.94,72.8,2.43,3.783
West Bengal,Murshidabad,Maize,Kharif,255.23,1789.6,26.8,5.07,145.3,3.42,10.463
Jharkhand,Dhanbad,Cotton,Kharif,60.28,1430.6,32.6,5.18,48.1,5.65,5.562
Rajasthan,Jodhpur,Cotton,Kharif,6.03,191.7,41.6,8.39,80.9,1.23,2.415
Maharashtra,Pune,Wheat,Rabi,403.42,958.1,29.9,6.9,122.5,1.29,7.399
Tamil Nadu,Thanjavur,Cotton,Kharif,8.0,1230.5,31.0,6.76,179.1,2.54,6.092
Madhya Pradesh,Indore,Wheat,Rabi,103.67,847.1,26.1,6.14,126.2,3.38,7.497
Rajasthan,Jodhpur,Wheat,Rabi,128.94,397.3,21.0,8.23,138.6,0.19,6.711
Karnataka,Dharwad,Cotton,Kharif,458.74,910.9,29.9,6.94,154.4,11.54,5.471
Haryana,Hisar,Soybean,Kharif,37.77,524.2,35.3,7.19,201.5,6.22,5.443
Andhra Pradesh,Kurnool,Maize,Kharif,82.95,1190.1,30.8,6.26,141.1,1.9,9.654
Uttar Pradesh,Varanasi,Sugarcane,Whole Year,604.27,806.5,21.0,6.74,114.9,4.02,13.0
West Bengal,Burdwan,Cotton,Kharif,242.69,1546.9,31.9,5.71,148.4,1.72,6.567
Madhya Pradesh,Indore,Rice,Kharif,233.79,939.3,31.3,7.24,194.5,14.03,10.513
Madhya Pradesh,Jabalpur,Sugarcane,Whole Year,121.02,770.3,23.6,6.7,48.9,4.5,11.968
Karnataka,Mysuru,Chickpea,Rabi,16.25,796.8,22.6,7.39,193.0,6.55,4.438
Punjab,Amritsar,Soybean,Kharif,38.29,643.9,25.8,7.09,231.4,0.39,6.002
Madhya Pradesh,Indore,Rice,Kharif,17.0,752.1,20.4,6.78,202.6,0.53,8.765
Uttar Pradesh,Agra,Mustard,Rabi,528.39,1026.1,12.0,7.47,105.2,4.35,5.123
Punjab,Ludhiana,Maize,Kharif,101.09,678.7,28.5,7.86,153.1,7.46,8.411
Haryana,Hisar,Cotton,Kharif,110.34,686.1,24.1,7.1,267.8,3.34,5.962
Bihar,Muzaffarpur,Soybean,Kharif,44.32,841.1,32.7,7.05,159.5,9.77,5.708
Maharashtra,Pune,Chickpea,Rabi,343.53,1026.7,33.0,7.78,184.9,1.02,4.081
Bihar,Gaya,Wheat,Rabi,164.73,988.9,25.8,7.61,164.2,5.34,8.826
Uttar Pradesh,Kanpur,Barley,Rabi,96.08,913.6,24.7,6.71,121.2,1.65,6.33
Gujarat,Surat,Mustard,Rabi,367.43,797.2,30.6,7.52,194.0,1.18,5.68
Assam,Jorhat,Sugarcane,Whole Year,184.23,2816.0,22.2,5.0,67.9,0.13,13.0
Tamil Nadu,Madurai,Groundnut,Kharif,86.19,1023.2,30.6,6.07,127.5,5.72,6.371
Assam,Kamrup,Groundnut,Kharif,292.45,2412.6,28.1,5.85,90.5,0.16,6.463
Andhra Pradesh,Krishna,Groundnut,Kharif,51.27,1148.9,29.6,6.16,162.4,1.18,6.413
Maharashtra,Pune,Groundnut,Kharif,769.02,866.9,25.0,6.57,78.0,4.74,6.015
Odisha,Cuttack,Barley,Rabi,54.56,1393.4,35.2,5.52,110.4,5.26,6.574
Jharkhand,Hazaribag,Maize,Kharif,11.32,1396.4,21.2,6.37,94.2,0.1,9.14
Bihar,Patna,Rice,Kharif,73.24,946.7,25.7,6.88,194.2,1.82,10.351
Uttar Pradesh,Agra,Barley,Rabi,68.08,718.3,22.8,6.7,150.6,3.98,6.71
Odisha,Cuttack,Sugarcane,Whole Year,382.89,1177.3,24.7,5.94,91.1,1.67,13.0
Andhra Pradesh,Krishna,Wheat,Rabi,630.78,856.2,27.6,6.62,153.0,0.36,8.139
Tamil Nadu,Thanjavur,Maize,Kharif,87.72,1136.0,35.6,6.73,137.9,1.45,8.447
Punjab,Amritsar,Barley,Rabi,14.16,789.0,17.9,7.67,210.4,0.81,7.528
Haryana,Hisar,Mustard,Rabi,1.22,564.5,26.7,7.34,183.5,0.8,4.033
Odisha,Cuttack,Cotton,Kharif,65.98,1250.6,30.9,4.63,109.5,0.48,4.817
Bihar,Muzaffarpur,Soybean,Kharif,133.05,937.2,24.1,6.45,144.6,5.94,5.797
Odisha,Sambalpur,Sugarcane,Whole Year,24.17,1395.8,31.5,5.92,81.2,2.6,13.0
Madhya Pradesh,Indore,Groundnut,Kharif,55.04,983.5,30.6,6.43,139.3,8.47,6.333
Andhra Pradesh,Guntur,Wheat,Rabi,408.85,822.8,23.3,7.06,141.4,2.66,8.232
Gujarat,Ahmedabad,Mustard,Rabi,35.94,634.7,31.3,8.03,199.0,5.02,5.095
Andhra Pradesh,Krishna,Groundnut,Kharif,233.79,1038.9,31.0,7.61,111.7,3.82,5.765
Gujarat,Surat,Rice,Kharif,447.36,765.9,29.7,6.38,122.3,8.46,8.764
Odisha,Sambalpur,Chickpea,Rabi,222.77,965.9,34.3,4.96,142.2,0.86,3.105
Karnataka,Dharwad,Groundnut,Kharif,32.13,647.8,28.6,7.28,121.2,2.0,5.022
Rajasthan,Jaipur,Chickpea,Rabi,165.87,426.0,33.1,7.2,116.3,2.87,2.595
Tamil Nadu,Madurai,Soybean,Kharif,99.48,992.2,33.7,6.83,197.7,0.24,5.637
Odisha,Puri,Groundnut,Kharif,32.71,1571.7,26.7,6.87,132.0,5.66,7.236
Maharashtra,Nagpur,Sugarcane,Whole Year,16.65,828.8,25.6,5.85,187.5,3.47,13.0
Haryana,Rohtak,Mustard,Rabi,47.25,459.0,18.7,7.81,156.8,4.38,4.294
Maharashtra,Pune,Barley,Rabi,54.26,929.0,35.1,7.31,112.0,2.16,5.23
Odisha,Sambalpur,Maize,Kharif,218.51,1254.6,28.4,6.32,148.2,7.95,9.81
Punjab,Amritsar,Groundnut,Kharif,188.09,705.2,24.6,6.79,225.1,0.33,6.06
Andhra Pradesh,Guntur,Wheat,Rabi,114.41,1202.6,29.0,6.32,190.1,0.1,9.302
Gujarat,Surat,Wheat,Rabi,27.38,366.3,31.2,6.98,195.5,1.71,7.233
Maharashtra,Nashik,Soybean,Kharif,46.95,1189.0,34.7,6.43,112.6,1.79,5.546
Maharashtra,Nashik,Cotton,Kharif,264.86,738.6,31.5,6.01,171.7,2.85,5.759
Odisha,Puri,Soybean,Kharif,188.96,1470.5,29.4,5.57,118.0,1.18,6.881
Tamil Nadu,Madurai,Wheat,Rabi,573.27,1274.0,29.2,6.51,136.5,6.39,8.753
West Bengal,Burdwan,Groundnut,Kharif,419.36,1674.1,31.3,5.83,118.8,14.53,7.042
Bihar,Gaya,Groundnut,Kharif,158.18,1002.3,30.6,6.14,131.9,9.78,5.729
Assam,Nagaon,Chickpea,Rabi,164.2,1939.4,20.1,5.39,87.2,2.46,4.515
Uttar Pradesh,Kanpur,Rice,Kharif,242.43,613.0,18.8,7.04,189.6,0.73,8.475
Tamil Nadu,Madurai,Mustard,Rabi,375.23,1115.9,27.3,5.9,187.9,1.27,5.917
Andhra Pradesh,Kurnool,Maize,Kharif,113.49,1010.4,34.0,7.13,134.9,0.1,8.246
Punjab,Patiala,Maize,Kharif,129.83,513.8,21.6,7.19,208.6,2.03,8.737
Tamil Nadu,Madurai,Mustard,Rabi,123.6,1257.0,33.7,7.44,158.1,0.43,5.297
Haryana,Karnal,Sugarcane,Whole Year,342.91,469.7,20.2,7.3,166.2,0.99,13.0
Jharkhand,Dhanbad,Groundnut,Kharif,115.95,1257.7,20.5,5.87,111.9,4.41,6.212
Punjab,Ludhiana,Mustard,Rabi,123.07,728.9,25.4,7.36,246.5,8.22,6.178
Maharashtra,Pune,Groundnut,Kharif,543.64,1139.2,34.9,7.45,121.0,0.91,6.23
Rajasthan,Jodhpur,Barley,Rabi,313.22,384.3,38.1,7.59,94.1,4.67,4.447
Karnataka,Mysuru,Chickpea,Rabi,149.77,937.6,32.8,6.83,182.0,1.39,3.728
Uttar Pradesh,Kanpur,Maize,Kharif,160.9,600.1,30.5,7.47,122.1,1.23,7.413
Karnataka,Mysuru,Barley,Rabi,65.87,1095.3,34.2,6.03,138.9,2.6,6.274
Punjab,Amritsar,Soybean,Kharif,26.79,746.4,18.7,7.93,157.4,2.49,5.194
Karnataka,Mysuru,Mustard,Rabi,23.46,857.1,27.8,6.01,173.9,3.46,5.332
Karnataka,Mysuru,Rice,Kharif,60.04,1003.9,34.2,6.03,99.8,6.98,8.19
Uttar Pradesh,Agra,Cotton,Kharif,139.89,762.7,22.6,6.65,37.0,10.85,3.509
Rajasthan,Bikaner,Wheat,Rabi,260.53,268.5,32.9,7.89,60.0,1.74,4.208
Bihar,Muzaffarpur,Maize,Kharif,38.48,1030.2,24.9,6.28,142.9,4.3,8.963
Jharkhand,Ranchi,Wheat,Rabi,299.09,1166.6,26.9,4.6,74.8,0.55,7.046
Jharkhand,Hazaribag,Chickpea,Rabi,1089.89,1198.0,21.1,6.31,97.2,3.72,4.396
Bihar,Muzaffarpur,Soybean,Kharif,37.87,1220.9,18.1,6.22,35.1,0.69,4.954
Uttar Pradesh,Kanpur,Cotton,Kharif,103.34,1051.0,31.7,8.13,186.8,5.6,6.018
Assam,Kamrup,Rice,Kharif,16.51,2344.5,32.3,5.5,93.6,8.01,10.642
Haryana,Hisar,Chickpea,Rabi,24.48,495.3,21.9,7.83,181.9,18.0,3.407
Punjab,Amritsar,Barley,Rabi,290.49,705.8,19.0,7.28,205.7,0.36,6.983
Karnataka,Dharwad,Barley,Rabi,198.91,1041.6,27.4,6.38,166.0,0.1,6.518
Assam,Jorhat,Sugarcane,Whole Year,296.75,2004.6,31.1,6.11,62.9,4.06,13.0
Bihar,Muzaffarpur,Soybean,Kharif,291.36,757.9,24.9,6.59,151.7,3.31,5.676
Madhya Pradesh,Bhopal,Sugarcane,Whole Year,88.24,1057.6,32.1,5.97,110.6,2.36,13.0
Tamil Nadu,Thanjavur,Groundnut,Kharif,146.33,743.7,31.1,6.67,201.5,0.1,5.867
West Bengal,Murshidabad,Sugarcane,Whole Year,20.39,1699.5,28.4,5.62,104.3,2.77,13.0
Maharashtra,Pune,Rice,Kharif,105.08,1001.5,30.2,6.08,143.1,0.46,9.081
Assam,Kamrup,Rice,Kharif,86.37,2604.1,19.9,6.17,139.7,1.82,11.192
Jharkhand,Ranchi,Wheat,Rabi,231.03,1375.7,27.4,5.86,72.1,4.24,7.894
Assam,Kamrup,Groundnut,Kharif,47.32,2156.5,25.2,5.35,38.9,4.49,6.198
Jharkhand,Hazaribag,Cotton,Kharif,139.55,1242.9,28.2,4.69,83.9,2.68,4.888
Karnataka,Dharwad,Groundnut,Kharif,29.94,563.1,24.0,6.99,103.8,1.39,4.088
Maharashtra,Pune,Barley,Rabi,313.4,901.0,26.9,5.96,91.8,2.61,6.088
Bihar,Patna,Groundnut,Kharif,43.25,1410.0,31.9,7.44,97.2,1.6,6.539
Odisha,Sambalpur,Barley,Rabi,285.69,1321.3,26.6,6.09,97.8,6.75,6.893
Andhra Pradesh,Krishna,Mustard,Rabi,613.86,952.4,30.8,6.12,101.5,1.75,4.478
Karnataka,Raichur,Maize,Kharif,244.64,803.5,27.4,6.52,99.4,3.07,7.794
Haryana,Rohtak,Soybean,Kharif,200.17,550.9,24.4,7.8,185.9,6.38,5.553
Madhya Pradesh,Indore,Cotton,Kharif,14.84,867.3,25.3,6.75,135.9,0.39,5.221
Punjab,Amritsar,Sugarcane,Whole Year,232.81,729.6,32.4,7.41,233.3,2.34,13.0
Jharkhand,Hazaribag,Chickpea,Rabi,134.01,976.1,29.2,5.26,134.6,3.72,3.994
Bihar,Patna,Maize,Kharif,70.31,1147.6,17.2,6.57,133.5,1.07,8.563
Andhra Pradesh,Krishna,Barley,Rabi,162.14,892.1,30.1,6.7,142.5,9.47,6.487
Gujarat,Ahmedabad,Cotton,Kharif,279.66,630.3,35.0,7.48,117.1,12.03,4.153
Maharashtra,Nagpur,Sugarcane,Whole Year,511.49,954.4,26.8,6.41,143.4,6.16,13.0
Punjab,Ludhiana,Mustard,Rabi,251.63,513.6,29.7,7.55,168.5,1.32,4.671
Madhya Pradesh,Jabalpur,Barley,Rabi,254.76,818.1,28.5,6.65,90.8,9.83,5.872
Odisha,Puri,Groundnut,Kharif,52.3,1794.2,29.6,6.77,132.6,1.26,6.68
Maharashtra,Nagpur,Groundnut,Kharif,291.12,913.8,26.6,7.16,117.1,6.19,5.918
West Bengal,Murshidabad,Soybean,Kharif,33.57,1398.1,34.1,6.5,203.9,6.88,7.758
Haryana,Hisar,Soybean,Kharif,0.3,584.6,29.0,7.21,193.9,0.45,5.447
Odisha,Puri,Barley,Rabi,364.01,1575.5,27.4,6.34,94.3,0.41,6.664
Gujarat,Ahmedabad,Mustard,Rabi,241.89,630.0,29.2,7.05,238.3,5.36,6.611
Madhya Pradesh,Indore,Chickpea,Rabi,795.19,1172.9,32.6,6.66,95.1,1.52,3.675
Andhra Pradesh,Kurnool,Sugarcane,Whole Year,199.82,509.2,24.3,7.17,147.9,0.1,12.303
Maharashtra,Pune,Wheat,Rabi,134.88,792.1,26.6,6.6,115.3,5.16,7.444
Odisha,Sambalpur,Cotton,Kharif,152.74,1368.7,25.6,6.54,144.5,2.38,5.832
Haryana,Karnal,Barley,Rabi,773.44,582.3,26.0,7.12,250.0,12.96,7.638
Tamil Nadu,Madurai,Sugarcane,Whole Year,943.88,1323.9,30.9,7.09,116.7,1.73,13.0
Odisha,Sambalpur,Maize,Kharif,52.87,1518.5,26.7,5.58,121.8,6.7,10.113
Haryana,Karnal,Sugarcane,Whole Year,159.11,565.9,12.7,8.22,232.5,0.99,13.0
Rajasthan,Jodhpur,Barley,Rabi,79.26,365.5,29.6,6.9,20.0,18.0,3.446
Punjab,Ludhiana,Sugarcane,Whole Year,27.41,584.8,18.2,6.73,207.5,3.79,13.0
Punjab,Patiala,Cotton,Kharif,74.33,682.9,22.1,7.41,165.0,4.64,4.686
Jharkhand,Ranchi,Maize,Kharif,40.31,899.5,31.3,5.82,120.0,0.4,7.132
Tamil Nadu,Thanjavur,Wheat,Rabi,30.58,1196.4,36.0,7.17,175.5,13.41,8.979
Haryana,Hisar,Barley,Rabi,391.29,361.4,19.6,7.1,216.9,0.89,6.565
Madhya Pradesh,Jabalpur,Maize,Kharif,49.32,569.7,43.1,5.95,49.2,0.79,4.83
Odisha,Sambalpur,Wheat,Rabi,311.24,1471.0,30.5,5.26,86.9,0.53,7.715
West Bengal,Nadia,Barley,Rabi,470.22,1290.3,28.4,7.45,126.8,0.75,6.555
Assam,Jorhat,Sugarcane,Whole Year,326.24,2389.8,19.4,6.01,128.5,4.08,13.0
West Bengal,Nadia,Sugarcane,Whole Year,578.25,1431.5,23.3,7.07,178.1,4.85,13.0
Bihar,Gaya,Sugarcane,Whole Year,83.22,959.1,24.3,7.22,145.4,9.45,13.0
Punjab,Ludhiana,Cotton,Kharif,5.05,591.8,23.2,7.58,207.9,0.46,4.628
Jharkhand,Ranchi,Rice,Kharif,197.37,1253.0,27.1,6.2,124.3,2.63,10.553
West Bengal,Murshidabad,Barley,Rabi,203.55,1391.8,30.6,5.13,180.4,0.34,7.226
Haryana,Karnal,Mustard,Rabi,606.46,372.7,23.0,7.7,209.1,2.79,5.537
Odisha,Puri,Sugarcane,Whole Year,186.67,1365.0,24.2,6.99,37.6,0.94,13.0
Andhra Pradesh,Guntur,Barley,Rabi,452.53,1122.7,25.4,6.67,116.3,2.84,6.275
Madhya Pradesh,Bhopal,Rice,Kharif,595.01,1077.8,30.9,6.43,176.5,1.51,10.146
Maharashtra,Pune,Chickpea,Rabi,29.85,887.1,29.8,6.64,152.5,18.0,3.359
Bihar,Gaya,Rice,Kharif,53.26,982.0,24.4,7.26,198.7,0.15,9.822
Punjab,Ludhiana,Barley,Rabi,48.97,502.9,27.8,7.24,299.3,1.09,8.154
Bihar,Gaya,Sugarcane,Whole Year,264.13,1240.4,26.9,6.4,112.8,0.54,13.0
Andhra Pradesh,Guntur,Chickpea,Rabi,165.34,1037.5,27.4,6.44,121.4,3.03,3.835
Uttar Pradesh,Kanpur,Wheat,Rabi,148.92,855.0,14.7,7.02,213.7,0.32,9.377
Madhya Pradesh,Bhopal,Sugarcane,Whole Year,353.06,990.3,32.7,7.42,124.7,2.66,13.0
Gujarat,Surat,Mustard,Rabi,223.88,585.3,35.6,7.84,121.7,0.74,3.72
Jharkhand,Dhanbad,Wheat,Rabi,118.35,1074.8,28.0,5.74,58.9,4.89,7.356
Gujarat,Rajkot,Barley,Rabi,214.07,538.1,35.4,7.46,167.3,0.61,5.81
Rajasthan,Jaipur,Chickpea,Rabi,130.22,378.0,25.9,8.59,154.0,2.74,2.45
Odisha,Sambalpur,Mustard,Rabi,0.3,1541.1,27.5,5.96,87.3,2.93,5.496
Jharkhand,Ranchi,Cotton,Kharif,158.95,1086.0,23.9,6.11,49.2,1.12,4.312
Punjab,Amritsar,Cotton,Kharif,3.95,650.0,30.9,7.89,277.0,0.61,6.245
Jharkhand,Ranchi,Barley,Rabi,219.66,1243.3,20.2,6.14,115.6,1.25,7.059
Odisha,Puri,Maize,Kharif,257.37,1512.8,35.3,5.28,149.0,0.96,9.3
Andhra Pradesh,Kurnool,Maize,Kharif,413.04,894.3,32.0,6.85,112.7,1.3,7.686
Madhya Pradesh,Indore,Barley,Rabi,252.86,1056.1,40.4,7.72,187.8,5.44,6.742
Jharkhand,Hazaribag,Maize,Kharif,70.68,1482.4,14.2,5.7,84.0,1.71,8.377
Punjab,Ludhiana,Maize,Kharif,326.48,682.4,20.8,7.03,184.7,0.9,8.444
Madhya Pradesh,Indore,Groundnut,Kharif,249.18,812.8,21.7,6.2,184.8,15.19,5.946
Gujarat,Ahmedabad,Groundnut,Kharif,65.07,390.0,22.4,7.37,133.8,0.1,4.596
Rajasthan,Jaipur,Soybean,Kharif,310.72,334.8,42.3,9.0,79.4,0.6,2.36
Haryana,Karnal,Cotton,Kharif,90.09,587.9,19.6,6.97,261.3,2.46,5.62
Tamil Nadu,Coimbatore,Wheat,Rabi,128.6,1031.7,28.3,6.95,155.3,0.54,8.587
Haryana,Hisar,Soybean,Kharif,153.9,427.3,24.9,7.99,211.2,1.44,5.084
Gujarat,Rajkot,Groundnut,Kharif,7.22,780.9,24.2,7.64,156.2,6.13,6.033
Uttar Pradesh,Agra,Chickpea,Rabi,96.02,853.1,29.4,6.01,180.6,0.48,3.499
Odisha,Puri,Mustard,Rabi,1.95,1430.8,31.7,5.07,84.6,1.17,4.326
Gujarat,Ahmedabad,Maize,Kharif,324.5,650.4,32.0,7.0,108.0,0.63,6.812
Odisha,Puri,Maize,Kharif,180.39,907.3,36.5,6.42,113.6,17.3,7.504
Andhra Pradesh,Guntur,Soybean,Kharif,764.56,845.5,29.7,6.66,172.6,0.28,5.771
Andhra Pradesh,Guntur,Sugarcane,Whole Year,414.2,698.0,27.1,7.26,231.5,3.94,13.0
Maharashtra,Pune,Mustard,Rabi,433.02,807.8,37.5,5.82,174.2,4.95,4.8
Odisha,Sambalpur,Mustard,Rabi,43.46,858.1,29.2,6.7,110.2,9.81,4.694
Maharashtra,Pune,Wheat,Rabi,510.58,1110.0,30.4,7.41,124.1,3.43,8.169
Odisha,Cuttack,Mustard,Rabi,337.27,1455.3,27.1,6.79,117.1,0.32,5.534
Rajasthan,Bikaner,Groundnut,Kharif,32.2,594.3,31.2,7.74,55.2,2.94,4.271
Bihar,Patna,Groundnut,Kharif,104.6,997.6,22.1,7.77,88.6,0.36,4.983
Maharashtra,Pune,Rice,Kharif,452.07,1120.4,35.5,6.54,159.8,2.68,9.922
Jharkhand,Dhanbad,Wheat,Rabi,35.2,1479.1,21.1,6.04,86.5,1.38,9.137
Uttar Pradesh,Varanasi,Wheat,Rabi,411.72,812.7,30.6,6.93,227.8,0.41,9.556
Odisha,Sambalpur,Sugarcane,Whole Year,196.02,1352.7,22.2,5.93,71.4,0.26,13.0
Uttar Pradesh,Kanpur,Maize,Kharif,177.23,742.8,22.2,7.05,124.7,2.35,7.9
Maharashtra,Nashik,Maize,Kharif,17.11,1001.2,39.7,6.92,123.0,1.62,7.893
Maharashtra,Nashik,Sugarcane,Whole Year,181.85,982.3,28.1,6.45,116.5,8.62,13.0
Gujarat,Rajkot,Rice,Kharif,52.48,534.5,22.0,7.84,166.6,0.81,7.4
Odisha,Sambalpur,Maize,Kharif,324.0,1062.8,28.6,5.97,175.3,5.29,10.072
West Bengal,Burdwan,Maize,Kharif,48.93,1494.4,33.7,6.06,183.9,0.66,10.826
Punjab,Ludhiana,Barley,Rabi,4.25,761.1,15.6,7.18,201.7,1.44,7.111
Haryana,Hisar,Sugarcane,Whole Year,491.14,547.6,20.9,7.54,172.0,1.8,13.0
West Bengal,Murshidabad,Chickpea,Rabi,93.35,1727.4,23.7,5.21,197.1,0.99,4.592
Odisha,Cuttack,Barley,Rabi,577.68,1342.1,28.7,5.4,107.2,3.74,6.81
Haryana,Hisar,Wheat,Rabi,38.5,503.4,28.7,7.2,212.4,3.69,8.442
Gujarat,Ahmedabad,Rice,Kharif,25.27,829.1,30.4,7.62,99.4,1.21,8.109
West Bengal,Murshidabad,Barley,Rabi,418.14,1673.5,23.5,7.0,217.0,2.4,9.028
Punjab,Ludhiana,Mustard,Rabi,135.47,621.0,22.5,6.89,201.8,4.96,6.126
Madhya Pradesh,Bhopal,Soybean,Kharif,223.68,1357.0,28.4,6.76,65.0,0.37,6.097
Haryana,Karnal,Sugarcane,Whole Year,57.1,421.4,25.8,7.78,145.0,1.77,12.066
Madhya Pradesh,Jabalpur,Groundnut,Kharif,438.65,662.0,41.0,7.74,126.4,1.89,4.523
Madhya Pradesh,Jabalpur,Groundnut,Kharif,51.53,707.5,38.7,7.75,121.5,0.8,4.606
Karnataka,Mysuru,Mustard,Rabi,17.97,1171.2,23.2,6.65,169.6,1.06,5.725
West Bengal,Nadia,Sugarcane,Whole Year,14.19,1062.5,25.0,6.02,114.8,5.68,13.0
Gujarat,Surat,Mustard,Rabi,59.86,848.9,32.7,6.73,104.9,0.1,4.042
Haryana,Hisar,Barley,Rabi,204.52,566.6,27.9,7.58,216.2,1.54,6.988
Rajasthan,Jodhpur,Chickpea,Rabi,255.46,312.6,19.3,7.67,94.3,0.1,2.462
Madhya Pradesh,Indore,Cotton,Kharif,136.96,1283.6,22.7,7.49,79.4,9.22,5.166
Karnataka,Mysuru,Rice,Kharif,172.62,976.5,28.0,6.78,118.9,5.26,8.714
Haryana,Rohtak,Mustard,Rabi,4.5,401.1,22.1,7.73,218.6,0.22,4.373
Uttar Pradesh,Varanasi,Barley,Rabi,271.99,1256.2,24.0,8.07,163.6,2.85,7.42
Karnataka,Mysuru,Chickpea,Rabi,40.13,894.9,23.8,7.17,120.2,1.15,3.516
West Bengal,Burdwan,Groundnut,Kharif,392.12,1232.7,31.6,7.18,140.4,1.12,6.78
Maharashtra,Nagpur,Groundnut,Kharif,399.2,1201.9,33.3,6.31,91.4,3.34,5.976
Rajasthan,Jaipur,Wheat,Rabi,910.17,192.2,28.8,7.71,48.7,1.0,4.696
Odisha,Puri,Groundnut,Kharif,183.88,1399.2,30.5,5.93,132.8,2.31,6.834
Bihar,Gaya,Sugarcane,Whole Year,213.3,1171.3,34.0,6.62,115.9,1.32,13.0
Rajasthan,Bikaner,Groundnut,Kharif,134.56,277.8,32.0,8.11,136.4,2.82,4.057
Madhya Pradesh,Bhopal,Rice,Kharif,237.53,900.7,31.1,6.43,146.5,2.13,8.957
Assam,Kamrup,Chickpea,Rabi,348.16,1788.4,27.4,5.4,124.2,6.52,4.168
Andhra Pradesh,Guntur,Cotton,Kharif,309.96,838.9,32.5,7.03,92.7,0.1,4.187
Gujarat,Rajkot,Barley,Rabi,41.67,672.1,34.0,6.7,153.0,10.73,5.681
Tamil Nadu,Thanjavur,Maize,Kharif,207.96,917.4,31.2,6.79,184.4,2.26,9.584
Odisha,Cuttack,Mustard,Rabi,74.45,1070.7,25.3,5.74,72.5,0.56,4.435
Uttar Pradesh,Agra,Rice,Kharif,293.76,1160.8,27.0,6.65,97.9,0.77,9.185
Bihar,Gaya,Sugarcane,Whole Year,37.05,1264.5,30.3,6.66,107.8,2.51,13.0
Odisha,Puri,Groundnut,Kharif,229.53,1481.6,26.0,5.82,95.4,2.43,6.371
West Bengal,Burdwan,Chickpea,Rabi,79.59,1310.9,36.6,5.63,76.4,6.26,3.669
Punjab,Patiala,Chickpea,Rabi,23.06,417.4,22.9,7.59,232.3,1.89,3.141
Tamil Nadu,Thanjavur,Wheat,Rabi,654.99,1037.3,29.3,6.74,170.7,0.86,8.794
Maharashtra,Nashik,Sugarcane,Whole Year,38.42,1347.5,32.8,6.39,137.4,6.31,13.0
Madhya Pradesh,Jabalpur,Mustard,Rabi,91.5,953.6,35.8,6.72,124.8,1.07,4.322
Uttar Pradesh,Agra,Soybean,Kharif,113.03,690.9,27.0,7.21,166.5,0.83,5.148
Jharkhand,Hazaribag,Soybean,Kharif,17.45,932.3,19.6,5.62,98.6,2.46,5.092
Haryana,Hisar,Wheat,Rabi,7.19,485.6,20.6,6.9,169.1,1.3,7.329
Tamil Nadu,Coimbatore,Barley,Rabi,455.61,1270.7,31.3,7.41,246.9,2.48,9.206
Andhra Pradesh,Krishna,Groundnut,Kharif,267.13,815.0,25.1,6.58,171.2,1.66,6.121
Maharashtra,Nagpur,Maize,Kharif,148.58,1381.2,28.4,7.15,44.0,0.63,7.656
Uttar Pradesh,Kanpur,Cotton,Kharif,18.21,1155.9,37.4,6.95,131.3,2.45,5.437
Andhra Pradesh,Guntur,Chickpea,Rabi,136.17,905.1,29.9,6.71,105.1,1.58,3.124
West Bengal,Murshidabad,Mustard,Rabi,39.33,1692.5,30.1,6.36,73.9,2.23,5.169
Karnataka,Mysuru,Wheat,Rabi,99.59,1212.7,27.7,6.93,146.8,5.84,9.205
Bihar,Muzaffarpur,Cotton,Kharif,6.32,828.5,25.6,6.48,71.8,4.67,4.449
Maharashtra,Nagpur,Sugarcane,Whole Year,116.0,1026.0,31.0,6.27,100.3,1.21,13.0
Jharkhand,Hazaribag,Maize,Kharif,177.8,931.1,25.2,5.68,152.6,15.23,8.794
Bihar,Muzaffarpur,Mustard,Rabi,176.21,1613.8,21.6,6.77,130.9,0.1,6.044
Assam,Kamrup,Cotton,Kharif,22.29,1591.5,19.0,5.56,88.8,0.36,4.979
Jharkhand,Hazaribag,Chickpea,Rabi,94.83,1383.9,27.0,5.74,71.8,1.22,3.884
Karnataka,Dharwad,Rice,Kharif,138.7,808.1,34.4,7.1,132.9,2.4,9.242
Jharkhand,Ranchi,Soybean,Kharif,427.42,1252.4,30.9,5.93,164.8,2.94,6.813
Punjab,Amritsar,Cotton,Kharif,376.57,538.2,21.4,6.68,184.7,0.54,4.739
Andhra Pradesh,Krishna,Maize,Kharif,277.06,996.4,34.9,6.33,172.4,0.79,8.524
West Bengal,Murshidabad,Chickpea,Rabi,9.05,1930.7,30.4,5.81,141.4,18.0,4.01
Uttar Pradesh,Agra,Soybean,Kharif,353.44,918.8,22.0,5.35,132.3,0.29,5.08
Bihar,Muzaffarpur,Barley,Rabi,293.86,671.9,30.0,7.59,135.2,0.59,5.724
Karnataka,Mysuru,Soybean,Kharif,132.75,966.4,32.3,7.42,70.0,1.12,5.055
Karnataka,Raichur,Maize,Kharif,503.51,809.0,31.8,7.34,119.5,2.14,7.858
Uttar Pradesh,Varanasi,Groundnut,Kharif,57.3,565.9,16.3,7.48,153.3,5.67,4.545
Karnataka,Mysuru,Groundnut,Kharif,26.76,884.8,34.9,6.85,176.0,0.95,5.715
Andhra Pradesh,Krishna,Chickpea,Rabi,256.69,874.1,28.8,6.77,180.3,2.59,4.353
West Bengal,Nadia,Chickpea,Rabi,106.97,1374.6,23.5,5.47,148.8,0.1,4.792
Tamil Nadu,Thanjavur,Chickpea,Rabi,266.92,901.5,30.6,6.37,81.8,4.76,2.988
Bihar,Gaya,Cotton,Kharif,29.45,1045.4,25.2,7.14,39.9,0.25,3.634
Odisha,Puri,Cotton,Kharif,107.75,1471.3,30.6,5.96,131.3,2.16,6.472
Haryana,Karnal,Maize,Kharif,39.61,587.3,27.6,7.02,124.8,0.65,6.925
Gujarat,Ahmedabad,Sugarcane,Whole Year,337.38,654.5,39.3,8.15,153.7,1.42,13.0
Bihar,Gaya,Barley,Rabi,7.94,1220.4,28.1,7.21,99.0,4.34,6.464
Assam,Jorhat,Rice,Kharif,43.91,2158.3,28.5,7.0,59.3,9.18,10.01
Jharkhand,Dhanbad,Sugarcane,Whole Year,222.64,1151.0,28.0,5.13,160.5,0.43,13.0
Bihar,Muzaffarpur,Barley,Rabi,302.9,912.6,24.2,6.31,156.9,0.8,7.103
Uttar Pradesh,Varanasi,Chickpea,Rabi,34.31,1035.6,25.7,6.29,201.5,4.27,4.599
Bihar,Gaya,Mustard,Rabi,20.12,975.5,23.9,6.44,129.3,1.77,4.747
Madhya Pradesh,Jabalpur,Chickpea,Rabi,68.86,882.6,33.0,7.79,149.1,2.36,3.462
Haryana,Rohtak,Maize,Kharif,649.59,499.8,21.0,6.87,234.6,0.49,8.598
Gujarat,Ahmedabad,Rice,Kharif,64.38,639.0,25.8,6.59,105.6,4.26,7.682
Bihar,Gaya,Mustard,Rabi,51.44,1235.7,20.5,5.6,62.1,2.36,4.196
Maharashtra,Pune,Barley,Rabi,403.38,860.5,29.2,6.72,119.1,1.42,5.676
Jharkhand,Hazaribag,Rice,Kharif,90.11,972.6,23.9,5.93,99.4,3.71,8.901
Tamil Nadu,Madurai,Groundnut,Kharif,52.35,1165.7,30.9,6.02,130.2,3.99,6.298
Maharashtra,Nashik,Groundnut,Kharif,15.65,1427.6,35.3,6.52,123.6,1.91,6.681
Uttar Pradesh,Agra,Cotton,Kharif,74.22,719.1,26.4,7.02,167.4,1.66,4.862
Uttar Pradesh,Varanasi,Rice,Kharif,465.33,1062.8,28.6,7.14,73.6,0.25,8.682
Assam,Kamrup,Groundnut,Kharif,143.32,2362.7,26.5,6.6,127.1,4.75,7.303
Madhya Pradesh,Indore,Mustard,Rabi,493.37,833.7,31.3,7.94,79.3,0.1,3.516
Madhya Pradesh,Bhopal,Maize,Kharif,202.66,783.6,33.6,7.01,143.1,3.5,8.025
West Bengal,Murshidabad,Groundnut,Kharif,73.5,1676.7,34.3,6.4,126.1,5.17,6.652
Tamil Nadu,Madurai,Wheat,Rabi,327.55,1212.5,26.1,6.45,209.5,0.48,9.973
Punjab,Ludhiana,Maize,Kharif,25.6,608.9,23.9,6.9,206.3,3.72,9.344
Assam,Jorhat,Wheat,Rabi,293.67,2170.5,26.2,4.2,120.9,2.33,8.624
Maharashtra,Nagpur,Wheat,Rabi,194.27,666.4,23.1,6.9,148.1,4.96,7.621
Andhra Pradesh,Krishna,Sugarcane,Whole Year,281.96,956.2,29.8,6.43,159.6,0.68,13.0
Tamil Nadu,Coimbatore,Barley,Rabi,504.57,761.1,28.1,6.27,121.3,2.91,5.582
Punjab,Patiala,Chickpea,Rabi,195.88,467.5,35.4,6.82,167.5,1.06,2.916
Tamil Nadu,Thanjavur,Wheat,Rabi,59.53,1179.9,34.1,6.56,255.1,0.9,10.041
Gujarat,Rajkot,Wheat,Rabi,200.48,691.3,22.3,7.69,158.9,1.27,8.024
Haryana,Hisar,Maize,Kharif,7.37,565.1,28.2,7.45,165.5,4.7,7.985
Maharashtra,Nagpur,Groundnut,Kharif,100.02,1044.1,22.8,7.21,212.6,5.15,7.315
Assam,Kamrup,Soybean,Kharif,39.65,2429.2,21.9,5.69,69.0,0.11,5.927
Jharkhand,Dhanbad,Soybean,Kharif,185.5,1027.8,23.6,5.39,109.7,3.92,5.88
Rajasthan,Jaipur,Wheat,Rabi,26.52,300.8,28.9,8.29,118.5,0.51,5.679
Gujarat,Ahmedabad,Chickpea,Rabi,8.81,526.1,31.6,6.83,144.6,6.24,2.932
Haryana,Rohtak,Barley,Rabi,21.54,706.9,27.3,7.09,207.6,0.38,6.554
Haryana,Rohtak,Groundnut,Kharif,46.09,489.5,25.6,7.63,203.0,3.61,5.875
Assam,Nagaon,Sugarcane,Whole Year,194.39,2237.1,25.7,6.37,114.2,1.71,13.0
Rajasthan,Bikaner,Mustard,Rabi,19.93,565.1,27.3,8.06,92.9,0.1,3.446
Assam,Jorhat,Rice,Kharif,496.82,1973.8,23.7,5.38,129.8,0.15,10.818
Jharkhand,Ranchi,Chickpea,Rabi,84.66,1260.9,24.7,5.94,95.7,3.65,3.839
Bihar,Muzaffarpur,Groundnut,Kharif,20.73,1447.1,21.7,7.24,99.2,2.88,6.016
Jharkhand,Dhanbad,Mustard,Rabi,480.69,1304.4,26.8,7.13,70.4,0.95,5.172
Odisha,Sambalpur,Barley,Rabi,158.62,1319.2,33.4,6.7,123.1,4.6,7.195
Punjab,Amritsar,Rice,Kharif,49.8,544.5,25.0,7.57,132.0,2.98,7.428
West Bengal,Nadia,Maize,Kharif,33.75,1710.5,34.4,5.27,171.4,3.42,10.026
Gujarat,Surat,Soybean,Kharif,11.56,802.3,34.1,7.77,179.0,1.26,5.618
Uttar Pradesh,Agra,Cotton,Kharif,22.97,762.7,35.8,6.72,228.4,0.67,5.431
Jharkhand,Dhanbad,Maize,Kharif,31.0,1354.2,23.0,5.99,120.6,4.89,9.066
Maharashtra,Nashik,Wheat,Rabi,122.96,1038.1,23.9,7.3,150.3,9.5,8.326
Assam,Kamrup,Sugarcane,Whole Year,118.39,2153.5,25.5,6.02,98.9,0.83,13.0
Punjab,Patiala,Mustard,Rabi,177.5,658.8,19.1,7.25,184.9,3.8,5.788
Maharashtra,Nashik,Barley,Rabi,104.63,1004.8,37.3,6.76,173.7,0.4,6.409
Gujarat,Rajkot,Soybean,Kharif,25.13,600.7,28.8,7.1,142.8,0.34,4.723
Punjab,Amritsar,Chickpea,Rabi,761.29,583.4,13.8,6.74,228.8,3.21,4.319
Uttar Pradesh,Kanpur,Maize,Kharif,71.07,915.0,25.5,7.38,155.7,1.79,9.011
Rajasthan,Jaipur,Mustard,Rabi,1.41,127.4,29.9,8.53,141.0,1.01,3.133
Andhra Pradesh,Krishna,Mustard,Rabi,72.47,1064.2,26.1,6.28,139.9,1.32,5.15
West Bengal,Murshidabad,Cotton,Kharif,618.58,1200.7,27.5,5.55,136.4,1.7,5.174
Andhra Pradesh,Guntur,Cotton,Kharif,8.34,1115.5,19.9,6.99,141.5,3.72,5.426
Assam,Jorhat,Rice,Kharif,143.55,1553.7,31.6,5.04,123.3,10.53,11.245
West Bengal,Nadia,Cotton,Kharif,66.9,1414.8,25.0,6.95,140.2,0.6,5.768
Punjab,Patiala,Barley,Rabi,471.61,594.1,17.6,6.87,200.7,0.1,7.213
Assam,Nagaon,Wheat,Rabi,227.09,2106.7,24.2,5.92,93.3,0.34,8.36
Rajasthan,Jodhpur,Sugarcane,Whole Year,244.21,487.6,29.2,6.74,118.1,3.45,12.45
Andhra Pradesh,Guntur,Cotton,Kharif,129.03,825.1,30.6,5.4,150.3,0.62,4.934
Punjab,Ludhiana,Cotton,Kharif,58.39,588.5,21.1,7.54,167.6,2.65,4.52
Bihar,Muzaffarpur,Barley,Rabi,110.75,1217.6,26.6,6.04,155.1,6.33,7.636
Uttar Pradesh,Kanpur,Maize,Kharif,212.63,674.8,16.5,7.2,142.5,1.79,7.253
Jharkhand,Ranchi,Rice,Kharif,200.16,858.9,32.8,4.65,47.4,2.97,6.816
Andhra Pradesh,Kurnool,Soybean,Kharif,531.54,912.0,30.3,5.97,136.3,4.09,5.524
West Bengal,Murshidabad,Groundnut,Kharif,250.95,1422.5,26.6,6.34,130.2,0.49,6.974
Assam,Nagaon,Mustard,Rabi,158.08,1916.9,23.1,5.29,114.0,0.1,5.566
Andhra Pradesh,Guntur,Maize,Kharif,173.45,850.2,25.5,5.99,115.8,4.27,7.862
Karnataka,Dharwad,Rice,Kharif,554.49,1043.3,35.8,7.21,130.4,7.16,9.493
Punjab,Amritsar,Chickpea,Rabi,41.07,595.3,20.3,6.97,239.9,1.76,4.157
Bihar,Muzaffarpur,Mustard,Rabi,287.51,859.4,26.1,6.16,97.7,0.85,3.888
West Bengal,Nadia,Wheat,Rabi,12.52,1801.9,31.6,6.73,106.5,5.0,8.853
Karnataka,Raichur,Soybean,Kharif,504.44,752.6,27.0,6.33,131.1,4.76,6.166
Haryana,Hisar,Rice,Kharif,183.51,545.0,21.4,7.06,221.9,0.53,8.67
Gujarat,Ahmedabad,Groundnut,Kharif,49.23,569.3,29.8,6.93,97.9,0.43,4.556
Jharkhand,Ranchi,Chickpea,Rabi,49.35,1376.7,44.4,4.99,147.8,0.78,3.167
Tamil Nadu,Madurai,Wheat,Rabi,0.6,1062.4,26.5,6.14,184.9,5.81,9.657
West Bengal,Murshidabad,Groundnut,Kharif,59.49,1324.5,32.6,5.58,135.4,2.58,6.485
Andhra Pradesh,Guntur,Sugarcane,Whole Year,263.74,766.7,40.0,6.62,101.4,4.6,12.695
Tamil Nadu,Thanjavur,Wheat,Rabi,49.68,1270.2,25.3,6.96,93.9,2.55,7.762
Uttar Pradesh,Varanasi,Sugarcane,Whole Year,394.73,897.4,27.8,7.37,172.0,1.18,13.0
West Bengal,Murshidabad,Chickpea,Rabi,140.44,1726.7,28.7,5.83,88.5,1.36,4.302
Assam,Jorhat,Sugarcane,Whole Year,205.06,2151.5,24.6,5.5,29.6,0.55,13.0
Karnataka,Dharwad,Mustard,Rabi,136.16,991.5,23.7,5.94,137.7,0.1,4.882
Haryana,Rohtak,Groundnut,Kharif,331.56,476.9,29.1,6.6,207.7,6.03,6.343
Gujarat,Rajkot,Sugarcane,Whole Year,348.5,606.8,23.6,6.71,112.9,4.1,12.445
Maharashtra,Nashik,Maize,Kharif,56.21,1219.3,34.7,6.39,101.1,4.12,8.588
Punjab,Ludhiana,Sugarcane,Whole Year,1.21,668.8,19.1,7.39,214.9,0.44,13.0
Andhra Pradesh,Krishna,Barley,Rabi,483.25,928.1,34.9,7.3,171.8,1.69,6.59
Gujarat,Rajkot,Soybean,Kharif,459.76,890.4,32.9,7.54,108.6,0.98,5.261
Rajasthan,Jaipur,Wheat,Rabi,108.4,508.8,29.8,8.07,95.7,1.48,5.851
Karnataka,Mysuru,Groundnut,Kharif,138.3,922.5,32.1,7.25,110.7,0.62,5.519
Bihar,Patna,Cotton,Kharif,80.83,746.1,30.2,6.02,85.5,7.95,4.071
Gujarat,Ahmedabad,Mustard,Rabi,25.28,775.7,26.6,7.27,212.7,12.29,5.966
Rajasthan,Jodhpur,Mustard,Rabi,1008.58,583.0,31.0,7.24,100.5,1.38,4.323
Karnataka,Dharwad,Chickpea,Rabi,7.55,1039.0,28.2,7.24,122.4,1.59,2.991
Haryana,Karnal,Cotton,Kharif,137.13,507.5,19.8,7.95,220.3,1.93,5.061
Odisha,Puri,Sugarcane,Whole Year,335.74,1593.9,34.7,6.79,60.0,0.55,13.0
Tamil Nadu,Thanjavur,Soybean,Kharif,184.45,924.0,30.8,5.93,85.2,0.99,4.631
Uttar Pradesh,Agra,Chickpea,Rabi,110.11,798.7,25.9,6.36,185.5,3.4,4.006
Rajasthan,Jaipur,Soybean,Kharif,508.48,475.5,28.3,7.43,152.9,1.26,4.893
Maharashtra,Nagpur,Mustard,Rabi,1084.43,1299.8,26.6,6.98,57.2,2.05,4.829
Maharashtra,Pune,Groundnut,Kharif,490.05,1602.8,27.5,7.55,163.3,0.26,7.904
Haryana,Karnal,Soybean,Kharif,33.03,416.1,28.0,7.34,198.9,15.25,4.812
Haryana,Karnal,Chickpea,Rabi,480.04,659.7,19.9,7.8,185.2,1.43,3.858
Tamil Nadu,Thanjavur,Wheat,Rabi,117.52,965.2,30.3,7.1,143.1,0.65,7.722
Karnataka,Raichur,Groundnut,Kharif,50.96,958.3,41.8,6.77,40.5,0.82,4.661
Assam,Jorhat,Soybean,Kharif,344.57,2317.7,28.8,5.74,54.4,0.14,5.67
Madhya Pradesh,Jabalpur,Rice,Kharif,185.95,884.0,22.3,7.43,145.9,7.93,8.711
Odisha,Sambalpur,Maize,Kharif,20.49,964.9,22.2,6.14,154.3,10.81,8.902
Jharkhand,Ranchi,Barley,Rabi,99.83,1225.4,22.1,6.19,72.2,1.29,5.709
West Bengal,Nadia,Sugarcane,Whole Year,87.91,1547.4,21.4,6.09,116.7,0.61,13.0
Punjab,Amritsar,Cotton,Kharif,33.11,710.6,12.6,7.13,130.9,0.15,4.02
Karnataka,Dharwad,Mustard,Rabi,1049.1,753.4,30.3,7.13,57.2,0.82,3.594
Jharkhand,Hazaribag,Soybean,Kharif,163.56,998.5,31.1,5.99,134.9,2.8,6.109
Tamil Nadu,Coimbatore,Mustard,Rabi,72.57,1086.1,26.5,6.64,191.2,2.89,6.222
Bihar,Patna,Wheat,Rabi,159.91,984.5,29.9,6.38,193.3,6.76,9.26
Andhra Pradesh,Guntur,Groundnut,Kharif,57.31,1076.7,34.8,6.76,101.7,0.65,5.691
Rajasthan,Jodhpur,Cotton,Kharif,70.22,371.5,39.3,8.11,77.8,1.57,2.834
Odisha,Sambalpur,Rice,Kharif,177.67,1498.8,28.9,6.71,65.1,0.57,10.189
Karnataka,Dharwad,Wheat,Rabi,281.93,861.0,32.1,6.1,158.0,2.28,8.238
Odisha,Cuttack,Chickpea,Rabi,232.82,1393.9,30.5,6.69,63.0,2.53,3.868
Jharkhand,Ranchi,Cotton,Kharif,92.0,1067.8,23.0,6.11,104.6,2.09,4.658
Andhra Pradesh,Krishna,Barley,Rabi,201.36,922.0,28.2,5.9,117.5,1.59,5.844
Haryana,Karnal,Groundnut,Kharif,75.15,524.4,27.5,7.03,195.3,0.85,5.308
Uttar Pradesh,Varanasi,Maize,Kharif,309.9,982.1,31.3,5.58,110.3,0.75,7.95
Jharkhand,Ranchi,Mustard,Rabi,5.34,1015.0,30.2,6.12,104.1,0.75,4.267
Maharashtra,Nagpur,Cotton,Kharif,99.62,1043.8,25.5,7.25,81.9,4.27,5.132
Maharashtra,Nashik,Sugarcane,Whole Year,607.06,850.0,34.2,6.62,61.1,2.2,12.881
Maharashtra,Nashik,Rice,Kharif,36.84,1345.7,29.8,6.89,125.6,2.86,10.407
Rajasthan,Jaipur,Maize,Kharif,337.94,416.3,40.8,7.41,48.3,1.11,4.597
Odisha,Sambalpur,Maize,Kharif,315.23,987.3,26.6,5.24,100.9,6.68,8.241
Assam,Jorhat,Maize,Kharif,161.57,1876.3,30.0,5.46,105.9,0.14,9.607
Andhra Pradesh,Kurnool,Chickpea,Rabi,853.79,759.5,31.0,6.39,163.6,8.69,4.175
Rajasthan,Jaipur,Mustard,Rabi,163.73,457.3,37.1,8.24,102.1,2.45,2.711
Haryana,Rohtak,Rice,Kharif,47.38,510.6,22.2,7.05,153.9,4.65,7.521
Odisha,Cuttack,Cotton,Kharif,250.08,1569.3,23.1,6.53,144.6,17.19,5.879
West Bengal,Burdwan,Cotton,Kharif,249.61,1461.7,25.0,5.94,87.4,1.24,4.929
West Bengal,Burdwan,Barley,Rabi,237.29,1393.1,33.4,6.1,140.0,16.43,6.978
Jharkhand,Dhanbad,Rice,Kharif,138.39,1062.6,24.3,6.55,63.2,9.46,8.398
Bihar,Gaya,Soybean,Kharif,540.4,830.8,24.2,7.01,154.7,1.93,6.607
Rajasthan,Bikaner,Sugarcane,Whole Year,5.75,428.0,14.6,7.28,44.4,5.4,9.838
Jharkhand,Hazaribag,Cotton,Kharif,290.0,1214.4,27.5,4.42,148.4,0.43,5.23
Rajasthan,Bikaner,Soybean,Kharif,72.53,466.3,38.9,8.14,20.0,2.55,2.71
Uttar Pradesh,Agra,Soybean,Kharif,150.04,1090.5,21.2,7.42,112.2,12.23,5.762
Bihar,Muzaffarpur,Barley,Rabi,5.5,1182.9,19.0,7.64,114.6,9.16,7.38
Andhra Pradesh,Krishna,Rice,Kharif,58.85,1033.4,29.0,7.46,150.9,0.6,9.585
Tamil Nadu,Madurai,Cotton,Kharif,9.76,537.0,31.2,7.07,158.3,5.05,4.552
Karnataka,Mysuru,Barley,Rabi,113.56,967.6,19.6,6.43,172.4,0.52,6.837
Punjab,Patiala,Maize,Kharif,215.24,501.0,21.3,7.71,167.1,5.27,7.877
Rajasthan,Bikaner,Rice,Kharif,228.32,276.1,22.6,7.77,81.7,0.91,5.091
West Bengal,Nadia,Cotton,Kharif,311.45,1327.9,24.4,6.33,173.8,2.09,6.231
Haryana,Rohtak,Chickpea,Rabi,168.22,469.5,29.2,6.95,250.3,1.33,3.582
Karnataka,Mysuru,Rice,Kharif,334.62,994.1,22.3,6.53,160.2,1.43,9.592
Punjab,Ludhiana,Sugarcane,Whole Year,206.05,715.9,22.3,6.99,183.2,3.68,13.0
Rajasthan,Jaipur,Cotton,Kharif,103.87,448.9,35.2,6.98,112.4,0.35,3.259
Gujarat,Rajkot,Sugarcane,Whole Year,68.73,737.5,29.9,8.52,161.8,0.31,13.0
Rajasthan,Bikaner,Mustard,Rabi,40.45,511.6,34.0,8.29,63.3,1.45,2.799
Odisha,Sambalpur,Wheat,Rabi,244.48,1619.6,36.1,5.09,89.5,4.42,8.412
Assam,Nagaon,Mustard,Rabi,39.12,2297.2,19.6,5.55,63.6,0.83,5.156
Haryana,Karnal,Groundnut,Kharif,141.96,473.6,25.3,7.19,200.3,2.61,5.363
Andhra Pradesh,Kurnool,Mustard,Rabi,15.64,1114.6,24.0,6.19,110.9,1.91,5.319
Haryana,Rohtak,Wheat,Rabi,147.37,574.2,23.9,7.05,161.2,0.25,7.687
Odisha,Puri,Chickpea,Rabi,50.06,1301.2,32.4,6.68,77.6,0.77,3.404
Punjab,Patiala,Maize,Kharif,58.95,709.8,26.6,7.06,162.4,5.23,8.51
Maharashtra,Pune,Mustard,Rabi,453.75,597.5,24.0,6.68,122.2,0.25,4.26
Haryana,Hisar,Mustard,Rabi,192.13,497.5,28.7,7.05,228.6,4.06,5.893
Tamil Nadu,Coimbatore,Cotton,Kharif,437.57,1535.0,30.7,6.33,105.1,2.66,5.945
Karnataka,Dharwad,Maize,Kharif,64.18,956.6,28.6,7.1,101.8,4.11,7.608
Andhra Pradesh,Guntur,Chickpea,Rabi,291.48,1105.6,39.1,6.72,118.1,1.18,2.953
Assam,Jorhat,Groundnut,Kharif,162.48,2417.8,19.1,4.47,102.7,1.07,5.466
Karnataka,Mysuru,Soybean,Kharif,122.25,756.0,33.6,6.67,97.1,1.91,4.575
Andhra Pradesh,Guntur,Wheat,Rabi,234.52,516.0,32.7,6.68,125.8,0.1,6.464
West Bengal,Burdwan,Groundnut,Kharif,713.26,1538.0,31.3,5.56,136.2,5.0,7.171
Haryana,Hisar,Mustard,Rabi,97.96,579.3,20.9,8.35,176.8,0.31,4.424
Punjab,Amritsar,Sugarcane,Whole Year,285.31,751.4,13.8,7.43,186.2,1.53,13.0
Assam,Jorhat,Groundnut,Kharif,320.16,2281.9,19.7,5.6,79.7,2.9,5.766
Gujarat,Surat,Rice,Kharif,104.71,596.5,32.1,6.97,155.7,3.53,8.316
Bihar,Muzaffarpur,Barley,Rabi,29.85,1172.3,30.9,6.63,56.0,0.28,5.12
Assam,Jorhat,Wheat,Rabi,530.4,1630.0,30.4,5.9,148.5,3.37,9.738
Karnataka,Dharwad,Sugarcane,Whole Year,1.47,728.3,28.0,7.31,64.7,0.21,11.88
Gujarat,Ahmedabad,Barley,Rabi,214.27,434.1,37.4,7.3,169.7,0.1,5.426
West Bengal,Burdwan,Cotton,Kharif,178.18,1466.2,31.0,5.65,150.8,0.41,5.839
West Bengal,Burdwan,Mustard,Rabi,175.08,1318.7,21.5,6.26,108.7,4.87,5.77
Uttar Pradesh,Agra,Wheat,Rabi,58.43,889.9,20.0,7.22,178.7,3.08,9.316
Tamil Nadu,Coimbatore,Rice,Kharif,223.72,1130.3,30.8,6.76,215.4,2.32,11.268
Assam,Nagaon,Rice,Kharif,96.3,2098.3,30.1,5.49,106.4,2.49,10.258
Uttar Pradesh,Agra,Sugarcane,Whole Year,8.76,891.1,31.3,7.08,113.1,1.85,13.0
Madhya Pradesh,Jabalpur,Chickpea,Rabi,193.06,731.4,23.8,6.46,155.7,0.1,3.703
Andhra Pradesh,Guntur,Wheat,Rabi,13.63,878.2,32.0,5.51,182.4,2.99,8.296
West Bengal,Murshidabad,Sugarcane,Whole Year,108.42,1901.5,21.5,5.66,133.8,2.49,13.0
Jharkhand,Ranchi,Chickpea,Rabi,225.42,1423.2,26.7,6.54,78.7,3.56,4.023
Uttar Pradesh,Varanasi,Wheat,Rabi,361.81,896.3,23.2,7.05,195.7,5.74,9.103
Assam,Nagaon,Soybean,Kharif,366.88,2380.8,30.5,6.57,107.3,6.95,7.108
Madhya Pradesh,Jabalpur,Chickpea,Rabi,480.06,819.4,30.3,6.44,129.2,0.31,2.987
West Bengal,Murshidabad,Soybean,Kharif,285.3,1915.6,32.0,5.86,111.8,2.0,6.877
Madhya Pradesh,Indore,Cotton,Kharif,117.74,929.0,15.8,7.3,192.1,3.66,5.641
Haryana,Rohtak,Cotton,Kharif,11.03,559.7,22.5,7.32,140.8,3.52,4.138
Haryana,Rohtak,Barley,Rabi,6.76,222.5,26.6,7.43,183.5,0.83,5.65
Punjab,Patiala,Barley,Rabi,426.13,594.0,19.7,7.76,235.9,2.72,7.168
Tamil Nadu,Madurai,Sugarcane,Whole Year,199.84,804.3,30.8,5.56,159.0,2.96,13.0
Karnataka,Mysuru,Sugarcane,Whole Year,65.75,470.8,31.9,5.89,187.5,4.28,13.0
Tamil Nadu,Madurai,Cotton,Kharif,94.3,1186.9,24.6,7.02,171.2,1.8,6.263
Maharashtra,Nashik,Chickpea,Rabi,9.61,1315.2,23.3,7.49,146.9,4.27,4.486
Assam,Jorhat,Cotton,Kharif,139.12,2213.8,28.2,5.12,105.7,1.01,5.687
Maharashtra,Pune,Wheat,Rabi,109.13,877.0,24.3,6.44,50.7,3.89,6.814
Punjab,Amritsar,Groundnut,Kharif,9.5,508.4,26.5,6.7,186.7,1.54,5.13
Assam,Jorhat,Wheat,Rabi,35.72,2610.5,23.8,6.61,39.6,0.25,7.457
Madhya Pradesh,Jabalpur,Maize,Kharif,229.14,1025.7,34.0,7.31,112.6,5.7,8.39
Maharashtra,Nagpur,Cotton,Kharif,202.69,853.5,35.9,7.43,128.2,2.14,4.57
West Bengal,Burdwan,Mustard,Rabi,694.17,1476.3,20.1,6.26,123.0,0.64,6.271
Andhra Pradesh,Kurnool,Mustard,Rabi,6.73,900.2,25.1,6.13,178.9,1.9,5.324
Madhya Pradesh,Bhopal,Chickpea,Rabi,133.84,880.8,30.6,6.12,136.1,0.6,3.462
Odisha,Cuttack,Rice,Kharif,123.2,1379.8,26.2,5.43,20.0,6.36,8.951
Punjab,Patiala,Soybean,Kharif,613.88,444.3,19.9,7.07,219.9,1.57,5.199
West Bengal,Murshidabad,Mustard,Rabi,5.24,1443.6,31.9,6.52,133.5,3.04,5.999
Odisha,Cuttack,Groundnut,Kharif,400.9,1449.5,28.3,5.95,153.7,2.83,7.376
Jharkhand,Hazaribag,Rice,Kharif,30.52,1115.1,26.7,4.99,161.5,2.64,9.629
West Bengal,Burdwan,Cotton,Kharif,163.58,1570.1,21.3,7.28,129.0,1.64,5.617
Rajasthan,Jaipur,Cotton,Kharif,137.43,373.9,35.2,8.32,71.1,0.75,2.655
Madhya Pradesh,Bhopal,Rice,Kharif,256.51,962.2,32.3,6.7,141.7,3.03,9.523
Madhya Pradesh,Indore,Mustard,Rabi,91.65,1078.3,22.7,7.94,194.1,0.43,6.182
Maharashtra,Nagpur,Maize,Kharif,183.11,855.7,32.9,6.91,136.8,1.58,8.364
Bihar,Muzaffarpur,Soybean,Kharif,74.6,1076.6,27.8,6.51,228.8,0.1,6.694
Madhya Pradesh,Jabalpur,Groundnut,Kharif,29.1,1048.5,17.8,7.39,112.5,4.52,5.906
Haryana,Karnal,Groundnut,Kharif,111.14,684.3,21.1,7.17,218.5,1.16,5.951
Punjab,Amritsar,Wheat,Rabi,364.71,618.7,22.1,7.21,155.0,5.34,7.589
Gujarat,Surat,Groundnut,Kharif,105.01,888.5,30.8,7.31,202.5,9.35,6.722
Madhya Pradesh,Indore,Cotton,Kharif,5.74,777.1,31.3,6.28,141.8,5.55,5.095
Punjab,Amritsar,Rice,Kharif,70.17,709.9,17.5,7.02,212.5,4.5,9.328
Rajasthan,Jodhpur,Chickpea,Rabi,10.03,306.1,26.8,7.44,81.7,1.67,1.79
Madhya Pradesh,Jabalpur,Sugarcane,Whole Year,30.14,1080.5,23.0,7.23,120.6,0.81,13.0
Madhya Pradesh,Indore,Barley,Rabi,236.37,1006.6,25.7,6.74,20.0,5.6,5.365
Tamil Nadu,Coimbatore,Soybean,Kharif,431.66,1077.2,29.3,6.98,178.6,4.97,6.74
Andhra Pradesh,Guntur,Soybean,Kharif,553.51,1084.5,23.1,7.16,182.0,1.81,6.568
Haryana,Rohtak,Soybean,Kharif,623.92,631.8,21.6,7.56,178.0,5.92,5.527
Gujarat,Rajkot,Wheat,Rabi,190.77,719.4,16.1,7.22,199.0,3.86,9.016
Andhra Pradesh,Guntur,Mustard,Rabi,293.09,603.7,26.6,7.22,97.2,1.54,3.899
Tamil Nadu,Thanjavur,Chickpea,Rabi,64.93,705.5,30.3,6.17,129.4,5.21,2.705
Uttar Pradesh,Kanpur,Mustard,Rabi,77.67,974.2,20.1,7.34,81.1,2.28,4.469
Odisha,Cuttack,Chickpea,Rabi,669.46,1597.9,27.0,6.21,108.8,9.03,4.926
Punjab,Amritsar,Soybean,Kharif,189.88,572.2,24.4,7.93,212.6,1.93,5.209
Madhya Pradesh,Bhopal,Rice,Kharif,185.02,774.6,27.1,6.85,72.5,3.23,7.862
Punjab,Amritsar,Maize,Kharif,174.66,657.9,25.5,7.26,208.4,2.89,9.357
Tamil Nadu,Coimbatore,Barley,Rabi,106.41,948.8,28.8,6.4,110.9,1.27,5.954
Karnataka,Dharwad,Barley,Rabi,389.25,888.9,24.1,6.69,146.1,6.42,6.824
Bihar,Muzaffarpur,Maize,Kharif,118.87,1292.7,19.4,6.52,131.5,6.22,9.503
Bihar,Patna,Rice,Kharif,150.04,1335.7,26.6,6.64,159.9,3.65,11.143
Karnataka,Raichur,Sugarcane,Whole Year,17.88,981.5,35.0,6.78,144.2,15.98,13.0
Karnataka,Raichur,Sugarcane,Whole Year,24.57,894.4,27.0,6.85,62.4,2.85,13.0
Uttar Pradesh,Varanasi,Wheat,Rabi,61.38,868.5,32.9,7.81,238.5,3.08,9.418
Haryana,Rohtak,Sugarcane,Whole Year,361.17,615.2,25.2,7.35,202.0,0.19,13.0
Punjab,Amritsar,Wheat,Rabi,35.03,590.5,21.7,7.33,186.9,2.0,8.351
Punjab,Ludhiana,Rice,Kharif,175.32,534.8,17.8,7.3,170.0,0.87,7.781
Rajasthan,Jodhpur,Wheat,Rabi,262.75,275.3,29.8,7.78,149.4,2.23,6.551
Haryana,Hisar,Mustard,Rabi,29.18,566.1,29.4,7.78,154.1,3.63,4.442
Tamil Nadu,Coimbatore,Rice,Kharif,249.24,821.2,29.6,6.38,188.8,0.24,9.618
Madhya Pradesh,Indore,Rice,Kharif,138.64,491.5,23.3,7.11,155.5,6.29,7.573
Tamil Nadu,Thanjavur,Barley,Rabi,81.63,1044.6,29.8,6.35,152.8,1.78,7.153
Rajasthan,Jaipur,Rice,Kharif,240.75,417.9,35.9,8.87,109.5,2.39,6.257
Rajasthan,Jaipur,Barley,Rabi,256.42,380.6,36.9,7.78,88.2,2.74,3.826
Odisha,Cuttack,Barley,Rabi,127.8,963.4,21.9,5.55,128.9,15.74,6.276
Karnataka,Dharwad,Cotton,Kharif,1106.71,924.6,22.4,6.17,171.5,1.94,5.521
Bihar,Patna,Soybean,Kharif,402.4,1045.2,34.4,6.22,111.3,8.19,5.989
Haryana,Karnal,Cotton,Kharif,125.05,533.1,22.3,7.25,157.0,2.16,3.867
Karnataka,Mysuru,Chickpea,Rabi,689.89,830.8,28.0,6.26,199.5,0.24,3.911
Karnataka,Mysuru,Barley,Rabi,90.02,1075.8,20.3,6.28,126.8,1.9,6.924
Odisha,Puri,Mustard,Rabi,27.35,1057.1,27.0,5.32,21.1,0.1,3.378
Punjab,Ludhiana,Groundnut,Kharif,96.39,677.3,22.8,6.98,219.8,0.55,6.244
Maharashtra,Nashik,Groundnut,Kharif,691.91,807.2,20.9,6.35,122.6,5.26,5.951
Tamil Nadu,Coimbatore,Mustard,Rabi,4.5,915.4,31.0,6.36,212.7,0.95,5.726
Uttar Pradesh,Kanpur,Maize,Kharif,307.41,1087.0,32.8,7.02,140.0,0.25,8.35
Jharkhand,Ranchi,Cotton,Kharif,80.29,1025.8,30.3,5.62,83.6,14.68,4.764
Tamil Nadu,Madurai,Mustard,Rabi,364.84,694.8,31.1,7.17,218.8,1.16,5.925
Andhra Pradesh,Kurnool,Rice,Kharif,572.88,988.2,31.6,6.29,101.5,0.31,8.284
Rajasthan,Bikaner,Rice,Kharif,213.1,145.1,43.8,7.67,128.8,3.34,5.075
Tamil Nadu,Madurai,Sugarcane,Whole Year,6.39,1004.9,27.6,6.57,163.0,0.22,13.0
Jharkhand,Ranchi,Mustard,Rabi,100.27,1192.2,21.1,5.89,157.2,2.1,5.952
Jharkhand,Dhanbad,Chickpea,Rabi,104.23,1507.5,33.1,6.79,84.1,2.57,3.526
Assam,Jorhat,Groundnut,Kharif,51.09,2113.7,27.1,5.4,57.3,3.94,6.086
Madhya Pradesh,Bhopal,Maize,Kharif,114.54,766.9,22.0,6.95,101.5,9.61,7.429
Rajasthan,Jodhpur,Groundnut,Kharif,278.06,356.8,34.5,7.18,51.0,3.97,3.337
Andhra Pradesh,Guntur,Wheat,Rabi,32.13,1065.3,27.3,6.27,84.5,7.85,7.306
Tamil Nadu,Madurai,Maize,Kharif,174.27,751.3,31.5,6.31,193.5,0.9,8.878
West Bengal,Nadia,Cotton,Kharif,321.07,1396.6,27.9,5.67,111.3,7.65,6.012
Punjab,Ludhiana,Groundnut,Kharif,163.47,724.7,12.0,6.58,194.2,8.4,5.779
Punjab,Patiala,Mustard,Rabi,231.87,871.0,23.8,7.54,218.9,3.59,6.605
Haryana,Karnal,Wheat,Rabi,24.99,518.9,19.3,7.16,127.1,0.49,6.962
Rajasthan,Jaipur,Barley,Rabi,420.8,422.8,28.2,6.94,97.1,0.92,4.625
Madhya Pradesh,Indore,Soybean,Kharif,93.9,1038.3,24.9,6.81,161.8,3.32,6.458
Gujarat,Rajkot,Mustard,Rabi,361.65,633.9,39.6,7.24,190.1,1.94,4.757
Karnataka,Mysuru,Barley,Rabi,48.32,375.1,29.6,6.01,159.7,5.89,5.851
Maharashtra,Nashik,Cotton,Kharif,48.62,1148.6,30.0,7.25,109.9,4.5,5.508
Assam,Kamrup,Chickpea,Rabi,434.23,2565.6,16.4,5.66,42.7,7.06,4.071
Gujarat,Rajkot,Sugarcane,Whole Year,94.68,772.8,34.5,7.17,104.2,0.33,13.0
Assam,Jorhat,Groundnut,Kharif,422.83,2422.3,29.9,5.22,114.2,18.0,7.132
Karnataka,Mysuru,Maize,Kharif,185.15,1027.0,23.3,6.39,134.4,0.72,8.979
Gujarat,Surat,Sugarcane,Whole Year,42.23,635.3,35.5,8.1,148.3,2.7,13.0
Haryana,Hisar,Maize,Kharif,37.17,474.0,17.2,7.91,223.6,1.1,8.396
Karnataka,Dharwad,Soybean,Kharif,476.23,802.2,19.8,6.28,90.4,1.43,4.907
Odisha,Cuttack,Barley,Rabi,7.45,1626.5,26.6,6.04,116.6,1.83,6.943
Assam,Jorhat,Maize,Kharif,21.46,1937.7,20.8,5.95,59.7,2.55,7.893
Madhya Pradesh,Indore,Sugarcane,Whole Year,53.71,864.4,35.9,7.05,91.8,0.42,13.0
Haryana,Karnal,Rice,Kharif,90.9,435.7,28.0,6.81,208.8,7.72,9.16
Jharkhand,Hazaribag,Maize,Kharif,55.13,1201.8,32.4,5.64,130.1,9.54,9.104
Rajasthan,Jaipur,Cotton,Kharif,47.32,364.7,36.9,7.78,68.5,2.04,3.083
Punjab,Ludhiana,Soybean,Kharif,199.49,729.8,26.7,7.21,231.9,3.58,6.633
Karnataka,Dharwad,Chickpea,Rabi,257.12,1108.8,20.9,6.27,117.5,8.22,4.356
Madhya Pradesh,Indore,Rice,Kharif,172.9,796.1,28.6,7.3,125.6,2.65,7.992
Maharashtra,Pune,Mustard,Rabi,382.82,997.6,31.4,6.06,180.2,2.89,5.964
Jharkhand,Hazaribag,Rice,Kharif,378.0,1467.0,23.9,6.34,48.4,3.16,10.178
Odisha,Cuttack,Maize,Kharif,393.87,1268.8,30.4,5.93,131.6,0.87,9.286
Gujarat,Surat,Rice,Kharif,45.35,623.8,21.0,7.84,194.4,4.41,8.222
Gujarat,Surat,Groundnut,Kharif,302.78,659.8,27.8,7.53,120.2,5.25,4.73
Gujarat,Surat,Sugarcane,Whole Year,969.43,671.1,31.7,6.6,131.4,10.7,13.0
Madhya Pradesh,Indore,Rice,Kharif,638.32,864.2,24.0,6.7,91.7,4.28,8.837
Odisha,Sambalpur,Cotton,Kharif,287.58,1079.8,28.0,5.63,135.6,0.14,5.46
Jharkhand,Dhanbad,Sugarcane,Whole Year,431.13,1287.4,32.2,5.19,85.5,15.64,13.0
Rajasthan,Jaipur,Mustard,Rabi,155.1,287.8,39.1,7.33,134.8,2.22,3.331
Andhra Pradesh,Kurnool,Chickpea,Rabi,461.16,880.7,25.4,6.95,180.7,1.54,4.424
Punjab,Patiala,Barley,Rabi,4.01,656.3,28.3,6.21,101.8,5.2,5.436
Jharkhand,Ranchi,Wheat,Rabi,231.17,1388.4,24.8,6.28,150.3,0.33,9.744
Assam,Nagaon,Soybean,Kharif,304.08,1697.6,26.1,6.94,137.0,3.36,7.792
Assam,Nagaon,Mustard,Rabi,20.75,2217.4,26.8,5.6,20.0,0.27,4.146
Jharkhand,Dhanbad,Rice,Kharif,109.44,1713.7,24.0,6.31,81.7,7.57,10.277
Haryana,Rohtak,Cotton,Kharif,70.14,454.1,28.7,7.7,180.8,5.54,4.808
Maharashtra,Pune,Groundnut,Kharif,348.09,927.1,23.7,6.55,96.7,1.6,5.327
Rajasthan,Jaipur,Mustard,Rabi,2.63,178.9,29.2,7.77,113.0,0.1,2.749
Karnataka,Mysuru,Sugarcane,Whole Year,1.85,842.8,23.6,6.73,106.7,1.19,13.0
Tamil Nadu,Madurai,Soybean,Kharif,138.79,1251.0,28.1,6.77,129.1,0.3,6.559
West Bengal,Nadia,Groundnut,Kharif,26.5,1159.9,20.9,5.57,121.7,0.54,5.889
Karnataka,Mysuru,Rice,Kharif,92.06,953.7,25.2,5.92,130.5,1.17,8.712
Uttar Pradesh,Agra,Groundnut,Kharif,42.74,861.8,23.3,6.88,159.4,9.2,6.01
Haryana,Hisar,Groundnut,Kharif,333.83,361.2,27.8,7.0,255.6,1.98,5.732
Haryana,Rohtak,Soybean,Kharif,573.47,592.2,27.8,6.81,196.1,2.74,5.498
Andhra Pradesh,Krishna,Sugarcane,Whole Year,67.41,1115.4,27.4,6.55,179.3,1.53,13.0
West Bengal,Burdwan,Wheat,Rabi,20.4,1661.0,31.1,7.14,92.0,0.43,7.698
Andhra Pradesh,Kurnool,Mustard,Rabi,243.68,972.0,30.4,6.13,109.8,9.23,4.898
Karnataka,Dharwad,Soybean,Kharif,146.68,996.6,36.0,6.5,150.9,9.97,5.875
Punjab,Patiala,Groundnut,Kharif,262.06,627.5,31.2,7.14,172.8,6.47,5.55
Uttar Pradesh,Kanpur,Barley,Rabi,3.18,844.8,25.8,7.07,112.8,3.98,5.961
Tamil Nadu,Thanjavur,Mustard,Rabi,224.59,942.9,29.3,5.95,161.2,0.72,4.972
Tamil Nadu,Coimbatore,Barley,Rabi,134.37,986.1,31.8,6.63,132.7,2.68,6.193
Madhya Pradesh,Indore,Chickpea,Rabi,83.51,826.8,21.3,6.33,176.4,16.39,4.135
Karnataka,Raichur,Groundnut,Kharif,774.07,1160.0,23.8,7.04,115.2,0.41,6.148
Haryana,Rohtak,Wheat,Rabi,114.52,560.0,19.0,8.44,213.6,2.2,8.227
Andhra Pradesh,Kurnool,Soybean,Kharif,622.1,1036.3,21.7,6.43,128.6,0.88,5.884
Madhya Pradesh,Bhopal,Maize,Kharif,169.41,1084.1,29.2,7.06,170.2,1.14,9.972
Andhra Pradesh,Krishna,Barley,Rabi,38.01,740.2,26.3,6.57,148.6,3.44,6.071
Punjab,Ludhiana,Sugarcane,Whole Year,81.44,547.6,22.4,6.91,184.6,0.9,13.0
Uttar Pradesh,Kanpur,Groundnut,Kharif,266.28,781.2,16.8,7.11,206.0,1.71,5.767
Bihar,Patna,Sugarcane,Whole Year,262.59,1032.7,20.8,6.74,115.5,0.95,13.0
Assam,Jorhat,Barley,Rabi,343.85,1838.5,20.4,6.63,76.2,4.67,7.076
Gujarat,Ahmedabad,Soybean,Kharif,69.52,670.9,38.1,7.79,45.6,8.22,3.865
Rajasthan,Bikaner,Wheat,Rabi,303.13,407.8,36.6,7.64,105.6,4.12,5.537
Karnataka,Raichur,Groundnut,Kharif,151.67,790.0,34.8,7.07,138.4,1.27,5.38
Madhya Pradesh,Indore,Cotton,Kharif,60.7,863.7,35.9,7.07,180.5,8.35,5.01
Bihar,Patna,Wheat,Rabi,386.09,1273.8,34.0,6.49,38.1,0.63,6.69
Karnataka,Raichur,Sugarcane,Whole Year,36.06,618.1,22.7,7.58,133.3,0.71,12.686
Punjab,Amritsar,Barley,Rabi,115.2,744.1,21.9,6.78,201.4,3.48,7.528
Gujarat,Rajkot,Wheat,Rabi,564.76,853.7,28.2,6.96,162.5,1.97,8.072
West Bengal,Nadia,Maize,Kharif,150.06,1866.8,27.2,5.95,92.0,2.46,9.31
West Bengal,Burdwan,Mustard,Rabi,214.03,1663.0,28.4,7.16,107.0,1.41,5.582
Odisha,Cuttack,Groundnut,Kharif,234.68,1257.2,30.6,6.27,124.0,3.75,7.055
Haryana,Rohtak,Barley,Rabi,368.04,458.9,20.1,7.15,165.1,6.12,6.938
Haryana,Rohtak,Groundnut,Kharif,154.48,537.4,33.0,7.51,152.9,5.24,5.117
Tamil Nadu,Madurai,Soybean,Kharif,113.92,933.2,26.6,6.61,116.7,1.32,5.446
Jharkhand,Hazaribag,Wheat,Rabi,64.13,1183.7,34.4,6.56,71.9,0.67,6.83
Rajasthan,Jodhpur,Maize,Kharif,7.84,433.2,29.4,7.65,20.0,4.46,4.713
West Bengal,Nadia,Barley,Rabi,64.6,1708.1,26.3,6.74,154.0,3.55,7.678
Assam,Kamrup,Rice,Kharif,152.65,2721.0,32.8,6.45,57.6,4.04,10.235
Maharashtra,Nashik,Maize,Kharif,353.94,572.2,25.7,6.53,180.3,2.39,8.395
Andhra Pradesh,Krishna,Maize,Kharif,9.91,1144.2,28.5,6.14,98.4,1.66,8.312
Rajasthan,Bikaner,Sugarcane,Whole Year,6.09,388.2,37.0,8.8,112.5,0.46,10.496
Uttar Pradesh,Varanasi,Rice,Kharif,12.79,596.4,24.7,8.28,280.8,4.15,10.09
Assam,Nagaon,Wheat,Rabi,98.17,2210.3,24.4,5.04,43.5,4.64,7.45
Punjab,Ludhiana,Chickpea,Rabi,223.77,582.4,21.4,8.25,288.1,7.07,4.642
Uttar Pradesh,Kanpur,Maize,Kharif,236.25,945.2,39.9,6.75,115.2,1.94,8.023
Karnataka,Dharwad,Chickpea,Rabi,73.12,786.0,30.7,7.36,122.0,0.1,2.847
Rajasthan,Jodhpur,Cotton,Kharif,277.27,358.2,21.5,7.84,37.6,1.08,2.749
Uttar Pradesh,Kanpur,Barley,Rabi,65.43,717.3,16.3,6.97,198.3,2.63,7.379
West Bengal,Murshidabad,Mustard,Rabi,436.59,1696.1,27.2,5.32,194.2,3.03,6.741
Madhya Pradesh,Bhopal,Groundnut,Kharif,82.4,895.9,30.7,6.8,168.9,0.49,5.652
West Bengal,Nadia,Maize,Kharif,25.41,1376.1,31.7,6.11,137.2,2.58,9.965
Assam,Nagaon,Sugarcane,Whole Year,99.31,2308.6,23.2,5.92,99.5,18.0,13.0
West Bengal,Murshidabad,Barley,Rabi,26.38,1319.6,26.3,6.7,141.3,4.89,7.784
Uttar Pradesh,Agra,Maize,Kharif,127.8,1107.6,31.5,7.43,168.0,1.61,9.539
Madhya Pradesh,Bhopal,Rice,Kharif,154.89,763.9,26.6,5.57,93.6,0.9,7.372
West Bengal,Nadia,Barley,Rabi,309.56,1474.6,26.3,6.43,169.4,0.74,7.939
West Bengal,Burdwan,Wheat,Rabi,976.24,1576.1,26.2,5.38,173.4,1.2,9.953
Odisha,Sambalpur,Sugarcane,Whole Year,428.76,1019.4,25.1,5.78,46.8,0.75,13.0
Andhra Pradesh,Krishna,Wheat,Rabi,146.49,852.2,29.8,5.56,130.3,4.56,7.582
Uttar Pradesh,Varanasi,Wheat,Rabi,146.03,999.8,36.0,6.62,146.1,0.63,7.565
Tamil Nadu,Thanjavur,Barley,Rabi,8.86,1031.9,27.9,7.29,218.3,2.05,7.211
Odisha,Cuttack,Mustard,Rabi,24.78,1399.5,26.3,5.71,97.3,4.49,5.509
West Bengal,Murshidabad,Wheat,Rabi,386.33,1471.0,29.8,6.32,155.7,3.3,9.678
Odisha,Sambalpur,Sugarcane,Whole Year,150.53,1521.3,34.9,6.02,102.9,9.04,13.0
Tamil Nadu,Madurai,Rice,Kharif,32.51,722.3,34.2,7.12,122.7,5.27,8.124
Assam,Nagaon,Soybean,Kharif,91.84,2590.4,25.5,6.03,60.2,5.64,6.538
Rajasthan,Jaipur,Mustard,Rabi,126.59,242.2,37.0,8.34,68.4,0.5,1.726
Bihar,Patna,Cotton,Kharif,11.91,1177.0,27.1,6.62,120.6,4.54,5.424
Odisha,Sambalpur,Cotton,Kharif,55.5,1256.1,24.2,5.17,78.3,1.1,4.544
Madhya Pradesh,Indore,Mustard,Rabi,342.4,884.1,22.5,6.8,163.5,0.29,5.186
Madhya Pradesh,Indore,Mustard,Rabi,207.88,753.1,34.1,6.48,102.5,5.55,4.128
Bihar,Patna,Sugarcane,Whole Year,145.12,1116.9,20.5,7.41,117.3,0.53,13.0
Punjab,Ludhiana,Barley,Rabi,33.48,758.8,19.3,7.85,223.7,1.6,7.508
Maharashtra,Pune,Mustard,Rabi,318.92,876.5,25.6,6.24,141.7,0.78,4.65
Andhra Pradesh,Kurnool,Maize,Kharif,1.84,988.1,38.7,6.14,172.4,3.99,8.886
Rajasthan,Jaipur,Mustard,Rabi,182.2,302.5,21.9,8.03,66.4,0.99,3.306
Odisha,Sambalpur,Cotton,Kharif,573.02,1267.7,29.4,5.6,127.2,2.0,5.407
Rajasthan,Jodhpur,Chickpea,Rabi,249.67,428.1,38.4,7.79,101.4,3.32,1.962
West Bengal,Nadia,Wheat,Rabi,62.09,1592.6,28.8,7.04,140.2,2.88,9.072
Uttar Pradesh,Agra,Wheat,Rabi,269.73,793.5,33.0,6.3,155.5,3.24,7.686
Jharkhand,Ranchi,Rice,Kharif,552.05,1080.5,26.5,4.9,127.5,5.54,9.223
Gujarat,Rajkot,Mustard,Rabi,74.29,799.1,26.4,7.09,167.8,0.78,4.894
Odisha,Puri,Maize,Kharif,98.72,1370.8,33.5,6.63,73.6,5.27,8.576
Madhya Pradesh,Bhopal,Soybean,Kharif,2.63,843.7,30.4,6.43,50.1,1.68,4.186
West Bengal,Burdwan,Soybean,Kharif,1.05,1632.4,28.4,6.03,148.7,1.29,7.66
Punjab,Ludhiana,Groundnut,Kharif,233.58,612.2,24.0,8.07,318.0,9.89,6.939
West Bengal,Nadia,Maize,Kharif,528.9,1240.9,23.1,6.32,155.6,18.0,9.733
Maharashtra,Pune,Maize,Kharif,124.96,1243.9,26.6,6.71,115.8,3.88,9.187
Tamil Nadu,Thanjavur,Maize,Kharif,310.11,895.3,26.1,6.91,161.8,6.46,9.172
Assam,Kamrup,Chickpea,Rabi,392.22,1654.2,32.0,5.95,131.3,5.67,4.164
Tamil Nadu,Madurai,Sugarcane,Whole Year,124.79,725.1,29.7,7.09,189.6,0.91,13.0
Tamil Nadu,Coimbatore,Groundnut,Kharif,376.95,1124.8,29.6,6.8,187.6,2.94,7.038
Madhya Pradesh,Jabalpur,Soybean,Kharif,350.29,1239.4,37.2,7.05,144.9,5.13,6.367
Karnataka,Dharwad,Sugarcane,Whole Year,154.0,763.5,33.3,6.12,95.3,0.8,13.0
Odisha,Sambalpur,Maize,Kharif,5.21,1355.4,21.9,5.67,122.7,3.1,9.206
Gujarat,Rajkot,Barley,Rabi,492.28,644.6,32.6,6.91,155.0,2.39,5.907
Odisha,Puri,Cotton,Kharif,26.03,1568.6,31.4,6.09,141.1,1.62,6.232
Uttar Pradesh,Varanasi,Groundnut,Kharif,25.79,1075.4,22.6,6.62,157.5,6.28,5.99
Punjab,Ludhiana,Cotton,Kharif,46.01,528.1,18.6,7.28,251.7,0.1,5.078
Karnataka,Dharwad,Rice,Kharif,28.65,937.2,35.5,5.92,115.7,0.15,8.216
Assam,Kamrup,Groundnut,Kharif,318.48,1575.4,23.3,5.73,51.9,3.03,5.813
Uttar Pradesh,Varanasi,Maize,Kharif,400.09,848.3,24.5,6.23,88.4,0.82,7.307
Haryana,Hisar,Wheat,Rabi,128.62,531.9,23.6,7.96,255.4,6.7,9.599
Uttar Pradesh,Agra,Groundnut,Kharif,500.86,947.3,30.6,7.63,240.2,4.27,7.623
Jharkhand,Hazaribag,Rice,Kharif,48.39,1312.5,28.3,5.21,104.5,6.69,10.178
Andhra Pradesh,Kurnool,Wheat,Rabi,168.29,920.8,33.9,7.06,139.4,0.32,7.439
Haryana,Hisar,Maize,Kharif,165.63,562.1,30.9,6.85,150.9,1.99,7.647
Karnataka,Dharwad,Mustard,Rabi,96.72,800.7,17.9,6.95,96.5,2.87,4.504
Gujarat,Rajkot,Rice,Kharif,201.85,663.8,23.8,7.99,119.8,1.75,7.68
West Bengal,Murshidabad,Rice,Kharif,26.66,1946.1,33.6,5.51,122.8,1.37,10.776
Maharashtra,Pune,Wheat,Rabi,372.56,1364.6,30.9,7.46,139.2,0.93,9.382
Andhra Pradesh,Krishna,Soybean,Kharif,94.78,810.5,33.7,6.7,194.0,0.51,5.445
Maharashtra,Nashik,Barley,Rabi,124.45,759.6,28.2,6.68,156.8,4.2,6.437
Jharkhand,Hazaribag,Groundnut,Kharif,291.72,858.1,38.8,5.58,136.3,1.63,5.555
Assam,Kamrup,Cotton,Kharif,264.97,2435.9,25.3,5.19,50.8,1.26,4.728
Punjab,Amritsar,Sugarcane,Whole Year,7.45,783.2,23.6,7.27,227.2,0.17,13.0
Haryana,Hisar,Mustard,Rabi,132.03,468.2,24.7,6.86,183.6,0.73,4.732
Tamil Nadu,Madurai,Barley,Rabi,56.97,1096.1,31.9,6.62,148.8,11.31,6.934
Assam,Kamrup,Wheat,Rabi,53.47,1817.9,26.5,5.72,117.7,1.28,9.259
Odisha,Cuttack,Sugarcane,Whole Year,437.03,1378.9,29.7,5.79,108.3,1.1,13.0
Andhra Pradesh,Krishna,Barley,Rabi,338.05,1116.2,33.1,5.84,145.0,3.66,6.424
Jharkhand,Ranchi,Rice,Kharif,292.14,1012.2,30.4,6.4,75.2,1.18,8.314
Odisha,Cuttack,Groundnut,Kharif,198.89,1319.5,30.4,6.52,118.7,1.57,6.826
Bihar,Muzaffarpur,Groundnut,Kharif,21.2,1070.3,24.7,6.0,129.9,3.23,5.885
Andhra Pradesh,Guntur,Soybean,Kharif,154.9,741.1,31.2,6.68,117.7,6.55,5.058
Gujarat,Rajkot,Barley,Rabi,85.16,669.1,17.9,7.11,181.1,3.74,7.617
Haryana,Hisar,Maize,Kharif,40.33,588.4,21.6,7.15,260.0,0.1,9.472
Madhya Pradesh,Bhopal,Groundnut,Kharif,26.77,877.0,30.8,7.3,78.8,3.72,5.151
Maharashtra,Pune,Soybean,Kharif,124.1,877.8,30.5,6.57,96.4,6.84,5.159
Gujarat,Surat,Barley,Rabi,316.85,539.3,26.2,7.49,167.6,1.64,6.147
Bihar,Gaya,Cotton,Kharif,249.18,976.2,20.5,6.97,76.4,6.78,4.806
Madhya Pradesh,Jabalpur,Cotton,Kharif,272.06,1068.6,25.2,6.45,90.0,3.28,4.344
Gujarat,Surat,Soybean,Kharif,45.08,595.0,36.2,7.4,178.6,0.33,4.599
Odisha,Sambalpur,Maize,Kharif,85.61,934.8,30.1,6.65,108.8,6.74,8.099
Andhra Pradesh,Krishna,Rice,Kharif,23.01,911.6,36.0,6.86,83.8,3.93,8.093
Tamil Nadu,Madurai,Cotton,Kharif,53.92,322.6,34.6,6.0,143.4,6.8,4.452
Odisha,Sambalpur,Maize,Kharif,298.05,1171.6,25.5,4.93,72.7,2.5,7.689
Bihar,Gaya,Chickpea,Rabi,50.09,1091.8,25.1,6.18,114.5,7.07,3.776
Karnataka,Mysuru,Mustard,Rabi,263.3,940.4,23.8,6.55,106.7,1.49,4.593
Uttar Pradesh,Kanpur,Rice,Kharif,167.81,797.9,32.3,7.38,198.2,2.13,9.746
Rajasthan,Jaipur,Maize,Kharif,34.38,285.2,37.8,7.51,89.4,1.31,5.433
Punjab,Amritsar,Barley,Rabi,261.76,490.3,25.4,7.13,211.9,2.94,6.953
Gujarat,Surat,Mustard,Rabi,217.18,647.5,29.0,7.1,137.8,1.0,3.878
Gujarat,Surat,Rice,Kharif,138.65,589.4,25.0,6.92,230.4,0.99,9.091
Madhya Pradesh,Jabalpur,Maize,Kharif,539.23,924.4,32.1,6.87,110.3,5.28,8.348
Uttar Pradesh,Agra,Chickpea,Rabi,45.73,1185.2,27.8,5.91,172.7,4.92,4.214
Tamil Nadu,Thanjavur,Chickpea,Rabi,125.22,1166.9,28.7,5.97,133.7,7.31,3.98
Odisha,Puri,Soybean,Kharif,67.95,1238.8,31.7,6.7,142.4,2.4,6.539
Uttar Pradesh,Kanpur,Sugarcane,Whole Year,451.48,983.4,17.9,6.21,162.5,10.49,13.0
Haryana,Karnal,Wheat,Rabi,280.51,483.4,27.9,7.36,155.3,1.99,7.359
Madhya Pradesh,Indore,Groundnut,Kharif,121.66,819.2,24.7,6.5,84.4,2.49,5.101
Jharkhand,Dhanbad,Mustard,Rabi,87.54,1144.8,18.3,4.68,113.5,0.59,4.917
Maharashtra,Nashik,Soybean,Kharif,370.26,1140.5,27.4,6.36,48.3,0.32,5.784
Bihar,Muzaffarpur,Cotton,Kharif,30.86,1378.8,28.4,6.61,34.9,3.22,4.793
Rajasthan,Jodhpur,Wheat,Rabi,22.84,457.2,33.2,8.28,45.5,12.26,4.666
Madhya Pradesh,Bhopal,Maize,Kharif,265.7,793.0,19.9,6.23,111.1,4.08,7.704
Uttar Pradesh,Agra,Wheat,Rabi,426.04,627.4,32.8,7.22,156.9,2.18,7.447
Haryana,Karnal,Wheat,Rabi,313.95,584.9,20.5,6.63,213.0,1.79,8.86
Gujarat,Rajkot,Wheat,Rabi,2.89,791.9,34.1,7.07,104.5,2.64,6.818
Uttar Pradesh,Kanpur,Cotton,Kharif,287.33,830.3,33.6,7.43,80.2,0.98,4.455
Maharashtra,Pune,Barley,Rabi,2.25,1175.8,28.6,5.78,71.2,0.19,5.572
Maharashtra,Nashik,Maize,Kharif,69.38,1036.3,26.8,6.48,122.5,8.9,8.678
Punjab,Amritsar,Soybean,Kharif,605.24,698.2,29.7,7.12,179.2,0.18,5.403
West Bengal,Murshidabad,Chickpea,Rabi,336.88,1412.9,32.2,6.17,143.6,1.04,4.24
Maharashtra,Pune,Mustard,Rabi,230.11,674.3,26.4,6.95,92.5,4.19,4.052
Tamil Nadu,Coimbatore,Soybean,Kharif,54.58,868.7,26.2,6.88,227.8,6.65,6.695
Punjab,Ludhiana,Sugarcane,Whole Year,92.79,543.7,31.6,7.23,236.4,3.08,13.0
Haryana,Karnal,Rice,Kharif,107.15,452.9,26.7,7.19,205.7,5.02,8.347
Rajasthan,Jaipur,Maize,Kharif,20.97,401.1,12.0,8.07,122.6,1.64,6.067
Punjab,Ludhiana,Barley,Rabi,105.12,495.5,24.3,6.57,131.6,2.41,5.63
Madhya Pradesh,Bhopal,Rice,Kharif,70.65,637.2,24.9,6.93,122.5,1.94,7.446
Tamil Nadu,Madurai,Maize,Kharif,10.66,999.0,29.3,5.79,190.5,8.86,9.506
Tamil Nadu,Madurai,Sugarcane,Whole Year,263.12,676.3,27.9,7.06,175.1,3.35,13.0
West Bengal,Murshidabad,Mustard,Rabi,989.1,1333.9,29.2,5.36,144.5,3.78,6.189
Rajasthan,Jaipur,Soybean,Kharif,19.18,266.0,26.5,7.86,69.6,3.99,3.494
Tamil Nadu,Coimbatore,Groundnut,Kharif,265.56,1362.5,27.1,6.41,149.7,1.74,6.856
Uttar Pradesh,Varanasi,Groundnut,Kharif,288.93,862.9,32.0,7.3,165.4,2.02,6.545
Rajasthan,Bikaner,Wheat,Rabi,59.5,316.1,37.3,7.45,83.4,3.98,4.937
Bihar,Patna,Wheat,Rabi,18.83,1173.3,34.3,6.45,140.2,5.76,7.925
Jharkhand,Dhanbad,Rice,Kharif,355.03,1141.4,29.1,6.49,132.6,0.36,9.312
Karnataka,Dharwad,Wheat,Rabi,74.41,725.9,27.9,5.99,152.6,5.65,7.887
Jharkhand,Dhanbad,Mustard,Rabi,13.97,1333.1,23.3,6.29,65.4,0.88,4.987
Assam,Jorhat,Cotton,Kharif,172.15,1494.4,19.0,4.51,120.7,14.91,5.231
Karnataka,Mysuru,Sugarcane,Whole Year,277.07,563.9,27.2,6.32,153.4,1.3,12.929
Bihar,Muzaffarpur,Rice,Kharif,181.75,1067.1,26.5,6.85,157.2,4.92,9.811
Madhya Pradesh,Jabalpur,Sugarcane,Whole Year,18.1,751.6,23.5,6.67,153.8,6.37,13.0
West Bengal,Nadia,Barley,Rabi,271.49,1036.9,29.0,5.97,141.6,0.65,6.709
Bihar,Muzaffarpur,Sugarcane,Whole Year,63.02,1184.2,26.9,6.58,161.6,6.05,13.0
Karnataka,Dharwad,Wheat,Rabi,95.31,944.7,21.0,7.48,131.2,4.32,8.032
Rajasthan,Bikaner,Rice,Kharif,38.88,327.2,37.0,7.64,53.7,3.66,4.949
Karnataka,Dharwad,Maize,Kharif,423.72,566.5,26.7,6.34,146.9,2.3,8.266
Punjab,Amritsar,Maize,Kharif,14.92,723.4,34.3,7.14,196.2,1.62,8.858
Andhra Pradesh,Krishna,Sugarcane,Whole Year,125.49,1267.8,27.5,6.47,166.1,0.33,13.0
Uttar Pradesh,Kanpur,Mustard,Rabi,262.79,566.1,27.4,6.33,124.5,14.67,3.944
Bihar,Patna,Maize,Kharif,212.9,1085.8,27.8,6.81,162.3,0.1,9.174
Maharashtra,Nagpur,Wheat,Rabi,622.56,1512.4,23.1,6.45,151.6,3.31,10.305
Gujarat,Ahmedabad,Barley,Rabi,230.72,634.3,25.4,7.57,138.2,1.64,5.682
Gujarat,Rajkot,Chickpea,Rabi,31.34,811.4,25.9,7.61,86.1,5.14,2.937
Odisha,Puri,Barley,Rabi,357.63,1680.1,27.1,5.99,137.6,4.61,7.965
Punjab,Patiala,Maize,Kharif,57.54,462.8,15.9,7.67,182.1,0.75,7.04
Jharkhand,Dhanbad,Groundnut,Kharif,33.62,1262.4,31.2,5.37,176.6,7.01,6.684
Andhra Pradesh,Krishna,Barley,Rabi,136.91,859.4,27.2,6.34,48.1,2.64,4.788
Odisha,Cuttack,Rice,Kharif,46.94,1343.1,31.7,5.88,98.8,1.02,9.653
West Bengal,Murshidabad,Chickpea,Rabi,211.93,1530.5,28.3,6.13,188.0,0.78,4.838
West Bengal,Murshidabad,Chickpea,Rabi,376.05,1211.8,34.8,5.69,167.7,4.76,4.321
Odisha,Puri,Sugarcane,Whole Year,11.51,995.5,34.4,4.75,162.9,18.0,13.0
Punjab,Patiala,Sugarcane,Whole Year,43.71,506.8,18.8,6.29,266.0,0.1,13.0
Assam,Kamrup,Sugarcane,Whole Year,28.91,2072.6,39.5,4.97,70.2,0.11,13.0
Jharkhand,Dhanbad,Sugarcane,Whole Year,485.54,1248.4,29.9,6.02,59.2,1.51,13.0
Bihar,Patna,Chickpea,Rabi,123.31,1114.3,32.5,6.45,120.3,18.0,3.835
West Bengal,Burdwan,Wheat,Rabi,528.78,1562.6,32.8,5.67,152.2,1.36,9.33
Rajasthan,Jodhpur,Cotton,Kharif,129.65,352.7,22.6,7.41,71.9,6.3,2.758
Karnataka,Mysuru,Chickpea,Rabi,494.25,804.3,25.0,6.3,81.1,1.6,2.837
Karnataka,Raichur,Chickpea,Rabi,102.02,884.0,30.6,7.84,150.4,5.57,4.024
West Bengal,Burdwan,Groundnut,Kharif,82.34,1350.3,27.3,5.79,122.5,1.2,6.699
Bihar,Muzaffarpur,Soybean,Kharif,454.29,1109.8,27.5,6.78,108.4,6.09,5.94
Punjab,Ludhiana,Mustard,Rabi,75.1,489.7,25.2,6.93,241.5,0.38,5.224
Jharkhand,Dhanbad,Groundnut,Kharif,97.53,1273.5,27.1,4.8,102.2,5.42,5.865
Uttar Pradesh,Varanasi,Maize,Kharif,631.12,1163.4,26.1,7.49,181.7,3.41,10.435
Punjab,Ludhiana,Barley,Rabi,32.22,604.2,22.8,6.6,98.8,1.37,5.24
Karnataka,Raichur,Soybean,Kharif,237.41,974.3,24.2,6.7,183.8,0.28,6.319
Maharashtra,Nagpur,Wheat,Rabi,214.56,1054.6,35.7,7.0,87.5,0.18,6.395
Madhya Pradesh,Bhopal,Wheat,Rabi,9.98,823.6,30.0,7.0,81.7,9.77,6.561
Tamil Nadu,Thanjavur,Barley,Rabi,32.79,641.2,36.8,7.04,139.8,0.57,5.19
Assam,Kamrup,Cotton,Kharif,262.32,2677.0,25.2,6.05,100.6,10.65,5.532
Odisha,Sambalpur,Soybean,Kharif,139.59,1023.4,28.4,5.97,114.4,0.1,5.587
Tamil Nadu,Coimbatore,Groundnut,Kharif,8.75,949.6,31.2,5.94,130.6,4.7,5.41
West Bengal,Nadia,Cotton,Kharif,286.58,1417.2,16.5,5.99,133.9,3.0,5.525
Assam,Kamrup,Cotton,Kharif,214.6,2029.8,31.1,5.29,68.3,10.18,5.439
Madhya Pradesh,Jabalpur,Sugarcane,Whole Year,222.11,912.1,31.5,6.81,104.6,0.68,13.0
West Bengal,Nadia,Sugarcane,Whole Year,66.71,1129.9,26.7,6.15,143.8,0.2,13.0
Rajasthan,Jodhpur,Maize,Kharif,38.71,330.5,39.3,8.79,108.5,10.73,5.608
Jharkhand,Hazaribag,Chickpea,Rabi,112.71,1036.9,30.5,5.63,162.9,3.62,4.163
Odisha,Puri,Chickpea,Rabi,37.38,1320.6,33.0,5.57,111.5,3.64,3.436
Andhra Pradesh,Kurnool,Chickpea,Rabi,630.04,1030.5,34.6,6.1,138.6,1.1,3.694
Jharkhand,Ranchi,Rice,Kharif,800.92,933.8,27.0,5.17,28.3,8.15,7.24
Tamil Nadu,Thanjavur,Chickpea,Rabi,45.28,786.2,34.4,6.8,156.8,2.15,3.144
Rajasthan,Jodhpur,Wheat,Rabi,66.27,445.3,32.0,8.52,68.6,7.87,4.816
West Bengal,Nadia,Barley,Rabi,587.92,1428.4,24.4,5.79,163.4,2.38,8.496
Karnataka,Mysuru,Chickpea,Rabi,186.88,599.9,26.6,6.31,171.0,16.03,3.921
Rajasthan,Jodhpur,Rice,Kharif,425.08,275.2,28.2,8.34,53.0,0.35,4.471
Tamil Nadu,Thanjavur,Wheat,Rabi,25.06,1122.4,32.6,7.05,81.0,0.91,7.248
Punjab,Patiala,Wheat,Rabi,409.9,448.1,12.0,6.66,212.5,11.76,7.888
Bihar,Patna,Maize,Kharif,61.48,1109.2,25.6,5.52,193.3,8.28,10.203
Rajasthan,Jodhpur,Mustard,Rabi,186.29,245.8,33.1,7.12,93.2,1.46,2.725
West Bengal,Burdwan,Groundnut,Kharif,213.09,1368.1,33.3,6.23,161.3,0.85,6.866
Karnataka,Raichur,Wheat,Rabi,48.12,677.0,38.0,6.78,126.2,2.66,6.672
Madhya Pradesh,Jabalpur,Sugarcane,Whole Year,137.88,773.1,24.4,6.0,78.7,0.29,12.646
Tamil Nadu,Madurai,Barley,Rabi,67.69,1107.3,29.9,6.84,137.5,2.75,6.619
Uttar Pradesh,Agra,Cotton,Kharif,130.95,1106.8,32.4,7.24,120.0,0.16,4.881
Andhra Pradesh,Kurnool,Wheat,Rabi,2.66,1120.5,29.7,6.92,142.0,14.61,8.28
West Bengal,Burdwan,Soybean,Kharif,88.67,1824.0,32.9,5.77,143.4,2.86,6.619
Maharashtra,Nagpur,Chickpea,Rabi,272.86,913.8,24.3,7.15,74.8,1.8,3.442
Bihar,Muzaffarpur,Cotton,Kharif,113.4,894.5,22.5,7.29,127.7,2.58,5.005
Karnataka,Raichur,Groundnut,Kharif,248.16,783.1,23.1,6.7,222.7,1.42,6.437
Odisha,Cuttack,Chickpea,Rabi,219.24,1351.3,25.8,6.15,172.6,6.32,4.713
Punjab,Amritsar,Chickpea,Rabi,345.02,558.7,27.4,6.95,211.6,15.55,3.876
Madhya Pradesh,Jabalpur,Mustard,Rabi,49.52,525.1,20.8,7.67,150.4,0.24,4.233
Bihar,Patna,Mustard,Rabi,14.16,1321.6,29.8,5.89,57.5,4.63,4.596
Madhya Pradesh,Indore,Barley,Rabi,148.87,846.2,46.1,6.96,74.6,0.27,4.092
Jharkhand,Dhanbad,Wheat,Rabi,321.5,1345.2,26.0,5.27,104.7,1.04,8.335
Maharashtra,Nagpur,Soybean,Kharif,129.59,1587.2,27.5,7.23,66.5,0.64,6.401
Bihar,Muzaffarpur,Sugarcane,Whole Year,162.91,888.8,31.2,7.25,93.4,4.75,13.0
Uttar Pradesh,Kanpur,Cotton,Kharif,109.54,904.2,29.9,6.83,249.2,0.5,6.636
Gujarat,Rajkot,Barley,Rabi,82.3,780.3,23.2,7.38,206.5,13.34,7.276
Punjab,Amritsar,Sugarcane,Whole Year,134.66,522.3,21.0,7.56,213.5,2.16,13.0
Andhra Pradesh,Guntur,Barley,Rabi,84.5,711.4,22.7,6.9,132.6,0.67,6.306
Jharkhand,Dhanbad,Mustard,Rabi,220.96,1200.6,32.4,5.22,135.2,0.59,5.262
Assam,Kamrup,Groundnut,Kharif,31.87,1803.6,24.4,5.63,135.1,8.9,7.023
Uttar Pradesh,Varanasi,Rice,Kharif,570.19,704.4,15.9,6.92,189.0,8.03,9.057
Jharkhand,Dhanbad,Wheat,Rabi,536.62,1267.7,20.3,5.28,54.8,6.58,7.775
Karnataka,Raichur,Soybean,Kharif,745.4,1048.6,27.7,6.35,167.8,18.0,6.907
West Bengal,Murshidabad,Rice,Kharif,125.86,1588.7,29.2,5.74,179.0,7.58,12.334
West Bengal,Nadia,Sugarcane,Whole Year,153.74,1810.8,28.9,5.58,145.1,1.22,13.0
Jharkhand,Hazaribag,Chickpea,Rabi,364.54,1318.3,25.1,6.59,148.1,2.39,4.546
Gujarat,Rajkot,Cotton,Kharif,224.25,829.5,29.2,5.51,185.5,11.98,5.65
West Bengal,Murshidabad,Chickpea,Rabi,948.87,2024.6,33.7,6.69,137.7,0.74,4.152
West Bengal,Burdwan,Barley,Rabi,693.91,1739.4,25.4,6.45,60.4,0.48,6.35
Gujarat,Ahmedabad,Soybean,Kharif,54.68,761.6,25.9,6.71,115.1,3.76,4.97
Punjab,Ludhiana,Chickpea,Rabi,63.77,525.8,13.8,6.74,187.1,1.2,3.727
Maharashtra,Nagpur,Rice,Kharif,780.33,829.7,28.9,6.93,184.0,5.57,9.683
Tamil Nadu,Coimbatore,Soybean,Kharif,346.66,682.3,25.2,7.06,216.6,4.15,5.955
Uttar Pradesh,Agra,Groundnut,Kharif,246.62,917.0,30.6,7.32,120.1,18.0,5.957
Maharashtra,Nashik,Maize,Kharif,72.89,940.5,31.6,6.97,66.1,0.1,7.155
Haryana,Rohtak,Soybean,Kharif,449.17,396.0,27.4,7.54,155.5,0.63,4.493
Jharkhand,Ranchi,Wheat,Rabi,44.85,918.4,27.7,5.19,138.6,5.01,8.079
Assam,Kamrup,Sugarcane,Whole Year,93.38,2678.0,25.0,5.43,74.8,0.38,13.0
Odisha,Cuttack,Sugarcane,Whole Year,1128.03,1498.9,32.1,6.28,58.5,0.64,13.0
Haryana,Karnal,Barley,Rabi,358.37,568.5,27.5,6.98,221.9,3.03,7.332
Haryana,Karnal,Rice,Kharif,158.76,516.5,17.2,7.8,191.2,7.46,8.141
Uttar Pradesh,Agra,Sugarcane,Whole Year,211.86,527.5,27.6,6.49,179.8,16.83,13.0
Karnataka,Mysuru,Chickpea,Rabi,160.03,593.5,27.4,6.09,159.0,2.21,3.364
Gujarat,Surat,Maize,Kharif,22.06,700.0,24.4,7.6,213.7,6.75,9.068
Maharashtra,Nagpur,Groundnut,Kharif,239.77,1106.8,26.8,7.6,150.8,1.09,6.015
Bihar,Gaya,Groundnut,Kharif,383.72,1081.5,28.5,6.46,115.7,6.55,6.556
Haryana,Hisar,Maize,Kharif,330.95,611.8,19.4,6.82,165.3,14.36,7.573
West Bengal,Burdwan,Soybean,Kharif,163.68,1375.4,31.2,6.38,131.4,0.16,6.566
Gujarat,Rajkot,Mustard,Rabi,30.93,782.0,22.9,7.84,234.3,6.89,6.571
Rajasthan,Bikaner,Barley,Rabi,507.42,460.9,19.9,8.5,128.0,5.85,6.078
Karnataka,Raichur,Rice,Kharif,26.77,1047.7,24.9,7.43,148.5,1.59,9.597
Andhra Pradesh,Krishna,Mustard,Rabi,192.72,951.0,31.5,6.1,124.7,3.75,4.439
Uttar Pradesh,Kanpur,Wheat,Rabi,269.12,837.3,30.6,6.54,144.7,6.12,7.649
Bihar,Patna,Rice,Kharif,308.05,1129.5,28.2,6.8,142.9,5.86,10.583
Maharashtra,Pune,Soybean,Kharif,571.51,544.1,37.4,6.62,135.0,7.39,4.769
Punjab,Patiala,Mustard,Rabi,57.73,773.4,16.9,6.32,176.9,2.04,5.343
Madhya Pradesh,Jabalpur,Chickpea,Rabi,42.47,961.1,36.0,7.42,59.6,14.92,2.381
Rajasthan,Jaipur,Chickpea,Rabi,147.61,178.6,28.6,7.69,108.5,0.98,2.188
Punjab,Amritsar,Mustard,Rabi,455.08,561.7,15.4,8.01,159.4,5.71,5.147
Bihar,Gaya,Sugarcane,Whole Year,28.06,816.9,34.6,7.45,78.7,6.0,13.0
Odisha,Sambalpur,Groundnut,Kharif,15.43,1039.7,23.6,6.41,92.4,1.16,5.07
Gujarat,Ahmedabad,Barley,Rabi,99.97,628.8,26.9,7.52,163.1,0.51,5.634
Karnataka,Mysuru,Barley,Rabi,116.72,934.3,27.5,6.27,159.3,1.68,6.518
Bihar,Patna,Mustard,Rabi,43.66,933.8,29.0,7.1,172.0,2.29,5.558
Bihar,Muzaffarpur,Barley,Rabi,13.69,1078.6,31.2,5.79,102.9,1.93,5.809
Karnataka,Mysuru,Barley,Rabi,64.48,931.1,29.2,5.63,189.7,5.51,7.146
Andhra Pradesh,Guntur,Soybean,Kharif,159.45,585.0,32.4,6.67,112.9,0.1,4.056
Madhya Pradesh,Jabalpur,Barley,Rabi,1.49,757.5,20.9,6.91,144.0,1.67,5.791
Assam,Jorhat,Sugarcane,Whole Year,16.38,2025.3,24.2,6.05,81.4,2.53,13.0
Bihar,Muzaffarpur,Cotton,Kharif,158.5,1031.3,30.1,6.63,50.2,1.84,4.416
Karnataka,Raichur,Mustard,Rabi,119.52,967.1,25.4,5.7,168.9,3.08,5.601
Odisha,Cuttack,Groundnut,Kharif,127.82,1567.0,30.6,6.55,92.3,2.45,6.745
Haryana,Hisar,Barley,Rabi,312.69,426.5,21.7,7.54,185.4,7.27,7.102
Tamil Nadu,Madurai,Groundnut,Kharif,353.23,935.0,36.0,6.59,163.7,2.03,6.123
Jharkhand,Hazaribag,Soybean,Kharif,23.97,1502.6,30.2,5.67,106.2,1.48,6.799
West Bengal,Nadia,Barley,Rabi,305.56,1688.0,25.4,6.06,161.6,1.12,7.934
Karnataka,Mysuru,Barley,Rabi,445.57,931.1,23.6,6.03,125.4,2.34,6.536
West Bengal,Nadia,Maize,Kharif,156.36,1260.8,27.5,5.67,190.0,3.25,10.846
Maharashtra,Pune,Maize,Kharif,9.26,991.5,31.0,7.36,100.0,2.89,7.8
Maharashtra,Nagpur,Mustard,Rabi,31.09,1103.5,35.9,7.68,154.7,9.44,5.463
Maharashtra,Nashik,Rice,Kharif,82.42,743.1,27.1,7.28,137.3,1.97,8.239
Maharashtra,Nashik,Rice,Kharif,35.1,999.7,32.0,6.24,143.5,2.15,8.953
West Bengal,Nadia,Mustard,Rabi,278.32,1892.2,30.6,5.83,146.9,7.95,6.442
Karnataka,Mysuru,Chickpea,Rabi,182.79,906.3,24.5,6.6,192.5,1.94,4.196
Andhra Pradesh,Kurnool,Maize,Kharif,172.62,889.4,38.4,7.17,186.3,4.2,8.599
Assam,Kamrup,Maize,Kharif,431.45,2555.7,33.2,5.62,46.4,7.1,8.593
Karnataka,Mysuru,Chickpea,Rabi,96.84,1038.6,18.9,5.85,149.5,3.91,4.112
Uttar Pradesh,Varanasi,Groundnut,Kharif,21.07,1045.0,23.0,8.19,186.7,2.23,6.042
Bihar,Gaya,Chickpea,Rabi,27.6,1218.7,21.3,7.07,161.9,0.2,4.314
Uttar Pradesh,Varanasi,Mustard,Rabi,142.75,656.1,32.6,7.16,180.4,3.24,5.138
Haryana,Rohtak,Cotton,Kharif,48.24,538.0,14.0,7.81,190.3,0.21,4.225
Maharashtra,Nashik,Soybean,Kharif,505.8,1253.5,29.5,6.19,88.2,0.29,6.096
Madhya Pradesh,Jabalpur,Rice,Kharif,220.46,1380.4,25.7,7.06,125.4,1.64,10.48
Rajasthan,Jodhpur,Sugarcane,Whole Year,84.87,286.2,22.9,8.23,121.4,0.33,10.442
Odisha,Cuttack,Chickpea,Rabi,266.53,1426.7,32.3,5.99,161.8,2.23,4.228
Jharkhand,Dhanbad,Mustard,Rabi,31.56,1837.4,17.5,6.38,108.7,3.2,5.874
Punjab,Ludhiana,Chickpea,Rabi,245.33,456.4,28.5,6.33,193.2,4.58,3.417
Assam,Nagaon,Rice,Kharif,74.82,2361.8,17.1,6.93,34.4,0.64,8.996
Uttar Pradesh,Agra,Maize,Kharif,321.08,815.6,29.5,6.69,154.4,0.69,8.383
Andhra Pradesh,Kurnool,Wheat,Rabi,106.66,1065.7,32.8,6.98,162.7,2.75,8.734
West Bengal,Burdwan,Sugarcane,Whole Year,16.04,2043.9,18.4,6.46,162.9,2.32,13.0
Bihar,Patna,Maize,Kharif,324.12,896.5,27.4,6.77,120.7,0.15,8.316
Bihar,Gaya,Soybean,Kharif,23.62,1284.0,25.8,7.06,87.6,2.26,6.43
Uttar Pradesh,Agra,Chickpea,Rabi,113.13,614.3,18.9,6.87,187.5,0.28,3.74
Rajasthan,Jodhpur,Chickpea,Rabi,55.26,503.6,27.2,7.39,60.5,4.89,2.437
Punjab,Amritsar,Sugarcane,Whole Year,74.22,687.4,22.3,7.38,184.3,4.64,13.0
Haryana,Hisar,Rice,Kharif,393.08,560.8,22.9,7.33,147.4,16.48,7.898
Jharkhand,Ranchi,Cotton,Kharif,594.24,1493.7,26.3,5.67,102.2,6.9,5.691
Odisha,Puri,Cotton,Kharif,17.35,1261.4,31.2,6.13,192.1,0.76,6.281
Maharashtra,Nagpur,Soybean,Kharif,6.96,1040.1,31.5,6.74,154.6,1.46,6.118
Madhya Pradesh,Jabalpur,Wheat,Rabi,147.9,904.3,25.5,6.54,119.6,1.3,7.267
Rajasthan,Bikaner,Mustard,Rabi,189.42,438.9,41.9,8.29,39.2,1.98,1.931
Andhra Pradesh,Kurnool,Barley,Rabi,73.71,976.1,32.3,7.32,132.7,2.04,5.858
Bihar,Gaya,Groundnut,Kharif,89.26,1223.3,24.0,6.13,172.2,9.97,6.92
Assam,Kamrup,Mustard,Rabi,432.29,2410.3,21.7,5.42,108.5,0.33,5.802
Tamil Nadu,Coimbatore,Barley,Rabi,30.71,861.4,26.8,5.95,140.5,1.83,6.456
Punjab,Amritsar,Maize,Kharif,335.7,673.9,24.3,7.77,260.5,0.1,10.304
Punjab,Ludhiana,Mustard,Rabi,22.18,642.6,30.8,7.9,255.0,3.86,6.553
Maharashtra,Nashik,Cotton,Kharif,99.39,897.2,24.8,6.06,114.9,0.68,4.902
Bihar,Patna,Barley,Rabi,537.83,1057.3,33.7,6.34,163.8,0.32,6.206
Rajasthan,Jaipur,Cotton,Kharif,76.49,319.3,30.3,9.0,80.0,0.78,2.575
Bihar,Muzaffarpur,Rice,Kharif,476.35,1249.3,22.0,6.54,134.9,0.29,11.042
West Bengal,Murshidabad,Cotton,Kharif,112.53,1743.1,32.4,5.9,132.0,7.94,6.452
Maharashtra,Nashik,Mustard,Rabi,19.12,885.7,23.0,6.18,86.6,7.5,4.752
Gujarat,Ahmedabad,Maize,Kharif,544.05,873.6,25.4,7.53,215.6,5.97,9.875
Gujarat,Rajkot,Rice,Kharif,30.39,531.5,36.3,7.98,119.7,7.52,7.061
Bihar,Gaya,Groundnut,Kharif,323.25,921.3,19.6,7.49,90.0,3.11,4.838
Odisha,Cuttack,Soybean,Kharif,439.24,1551.8,28.1,6.11,149.5,5.73,7.55
Uttar Pradesh,Varanasi,Mustard,Rabi,182.48,769.8,33.5,7.9,184.6,1.99,4.869
West Bengal,Nadia,Groundnut,Kharif,63.37,1578.6,28.6,6.91,131.5,3.89,7.039
Maharashtra,Nashik,Soybean,Kharif,178.48,1094.3,34.2,6.68,119.4,3.45,5.722
Haryana,Rohtak,Rice,Kharif,540.34,525.8,19.7,7.39,198.9,13.25,8.503
Karnataka,Mysuru,Mustard,Rabi,81.23,854.0,26.9,6.39,85.3,6.14,4.515
Uttar Pradesh,Agra,Maize,Kharif,295.16,748.9,26.6,6.92,143.1,0.1,7.769
Haryana,Karnal,Maize,Kharif,235.87,566.8,25.6,7.73,168.4,5.5,8.627
Uttar Pradesh,Agra,Groundnut,Kharif,681.19,642.0,21.1,6.89,122.5,4.19,5.051
Maharashtra,Pune,Rice,Kharif,313.31,1361.2,26.2,6.53,92.3,18.0,10.045
Uttar Pradesh,Agra,Barley,Rabi,952.32,729.5,16.1,7.39,201.1,5.07,7.608
Punjab,Amritsar,Wheat,Rabi,156.94,518.5,13.7,7.69,174.9,1.33,7.491
Andhra Pradesh,Krishna,Soybean,Kharif,188.45,1185.9,27.6,6.61,184.1,6.99,7.142
Assam,Jorhat,Mustard,Rabi,61.6,2132.8,22.4,4.2,86.7,1.13,4.801
Maharashtra,Pune,Mustard,Rabi,75.2,759.7,29.1,6.41,94.9,2.1,3.933
Maharashtra,Pune,Barley,Rabi,152.4,1048.2,27.1,6.26,137.9,3.27,6.867
Madhya Pradesh,Indore,Cotton,Kharif,206.66,679.0,41.4,5.72,66.7,1.55,3.42
Gujarat,Surat,Maize,Kharif,136.76,715.9,29.8,7.54,199.4,0.66,9.166
Odisha,Cuttack,Barley,Rabi,17.0,1444.0,31.3,6.33,85.0,2.38,6.541
Gujarat,Rajkot,Cotton,Kharif,69.57,648.3,29.4,7.22,107.6,3.57,4.202
Karnataka,Dharwad,Mustard,Rabi,549.69,863.5,27.8,7.5,222.3,1.52,6.086
Karnataka,Dharwad,Groundnut,Kharif,623.83,854.9,31.3,6.42,90.1,0.38,5.045
Jharkhand,Dhanbad,Sugarcane,Whole Year,364.17,1001.0,20.9,6.34,103.4,0.92,13.0
Karnataka,Raichur,Soybean,Kharif,401.3,911.3,37.3,7.32,109.7,9.37,5.503
Jharkhand,Hazaribag,Wheat,Rabi,104.94,1325.5,23.8,5.17,95.8,0.83,7.701
Andhra Pradesh,Krishna,Sugarcane,Whole Year,183.14,867.0,36.6,7.23,119.2,7.86,13.0
Jharkhand,Dhanbad,Rice,Kharif,163.19,792.7,30.2,5.63,131.1,13.15,8.452
Odisha,Cuttack,Wheat,Rabi,56.38,1842.7,25.8,6.18,89.0,4.43,8.672
Assam,Kamrup,Groundnut,Kharif,143.59,2567.4,19.4,5.45,47.6,1.86,5.515
Maharashtra,Nashik,Sugarcane,Whole Year,63.68,720.6,27.4,7.02,100.9,0.84,12.53
Punjab,Patiala,Cotton,Kharif,37.71,585.8,19.8,6.77,230.6,0.25,5.346
Uttar Pradesh,Agra,Soybean,Kharif,138.62,850.0,29.2,6.37,79.3,7.04,4.893
Maharashtra,Nashik,Sugarcane,Whole Year,70.5,852.8,32.1,7.49,128.4,6.93,13.0
Andhra Pradesh,Krishna,Rice,Kharif,42.08,1110.2,35.9,7.19,135.6,0.31,9.471
Uttar Pradesh,Agra,Maize,Kharif,245.57,652.3,18.0,7.58,142.6,0.46,7.576
Madhya Pradesh,Bhopal,Mustard,Rabi,141.01,1024.6,27.1,6.85,34.5,13.03,4.023
West Bengal,Nadia,Sugarcane,Whole Year,2.18,1663.8,27.1,5.34,193.5,16.01,13.0
Haryana,Rohtak,Wheat,Rabi,120.56,528.3,24.5,7.86,214.5,5.57,8.738
Punjab,Patiala,Chickpea,Rabi,82.03,520.4,21.6,7.2,203.5,4.38,3.608
Maharashtra,Nashik,Sugarcane,Whole Year,32.85,1120.5,31.6,6.08,158.0,7.66,13.0
Gujarat,Rajkot,Barley,Rabi,59.47,734.7,18.5,7.83,20.0,1.98,4.332
Gujarat,Rajkot,Soybean,Kharif,212.19,670.4,30.2,7.28,117.1,0.84,4.61
Punjab,Ludhiana,Rice,Kharif,104.59,535.4,21.1,7.21,203.0,2.71,8.748
Madhya Pradesh,Jabalpur,Cotton,Kharif,314.25,600.0,30.9,6.17,44.5,3.64,4.023
West Bengal,Murshidabad,Sugarcane,Whole Year,142.89,1585.1,35.7,6.73,117.2,0.21,13.0
Assam,Kamrup,Soybean,Kharif,199.48,2246.5,35.5,4.92,53.7,0.61,5.917
Rajasthan,Jaipur,Mustard,Rabi,268.66,362.6,16.6,7.45,31.8,3.44,2.858
Bihar,Patna,Groundnut,Kharif,101.57,1228.0,33.2,5.95,162.8,4.98,6.81
Tamil Nadu,Thanjavur,Mustard,Rabi,509.09,869.9,36.1,6.09,141.1,4.36,4.686
Tamil Nadu,Coimbatore,Sugarcane,Whole Year,155.21,1008.4,35.5,6.79,100.2,2.13,13.0
West Bengal,Burdwan,Mustard,Rabi,187.36,1822.0,20.3,6.0,60.7,1.61,4.737
Rajasthan,Jaipur,Wheat,Rabi,50.28,360.8,19.2,7.36,74.3,3.45,5.494
Maharashtra,Nagpur,Soybean,Kharif,6.11,775.5,23.7,6.2,149.6,1.33,5.152
Gujarat,Ahmedabad,Maize,Kharif,19.14,833.7,28.3,7.96,127.1,2.48,7.733
Tamil Nadu,Coimbatore,Chickpea,Rabi,163.96,1000.9,33.9,6.53,167.8,2.14,3.44
Andhra Pradesh,Kurnool,Barley,Rabi,97.92,708.6,32.5,6.69,117.0,1.25,5.2
Andhra Pradesh,Kurnool,Groundnut,Kharif,674.29,1293.7,23.9,6.57,148.2,3.84,7.007
Punjab,Patiala,Groundnut,Kharif,64.17,724.5,16.4,7.56,181.0,7.21,5.986
Jharkhand,Hazaribag,Rice,Kharif,39.92,1294.6,34.8,5.08,106.0,3.06,9.305
Bihar,Patna,Groundnut,Kharif,176.04,724.5,23.4,7.83,103.9,1.55,4.205
Tamil Nadu,Thanjavur,Chickpea,Rabi,456.15,820.7,31.1,6.96,170.2,0.45,3.643
Maharashtra,Pune,Barley,Rabi,7.28,992.3,29.5,7.1,122.5,0.19,5.754
Bihar,Muzaffarpur,Chickpea,Rabi,50.6,689.4,29.2,7.03,160.3,5.98,3.278
Assam,Nagaon,Chickpea,Rabi,36.56,1956.3,25.5,4.84,102.9,5.98,3.801
Gujarat,Surat,Chickpea,Rabi,762.86,734.7,20.3,8.13,142.7,15.04,3.565
Assam,Nagaon,Rice,Kharif,503.8,2207.1,18.7,5.79,52.4,1.97,9.465
Madhya Pradesh,Bhopal,Mustard,Rabi,64.55,1005.1,23.4,6.98,189.4,3.09,5.874
Gujarat,Surat,Rice,Kharif,54.28,551.0,29.8,7.71,111.7,4.2,6.974
West Bengal,Murshidabad,Wheat,Rabi,430.42,1109.9,20.9,6.46,96.7,8.75,8.093
Karnataka,Raichur,Soybean,Kharif,125.71,880.1,25.7,7.1,170.5,0.62,5.677
Madhya Pradesh,Jabalpur,Wheat,Rabi,65.34,988.1,29.0,6.98,134.0,4.02,7.912
Maharashtra,Pune,Barley,Rabi,97.6,789.7,33.6,5.52,198.3,4.12,5.956
Madhya Pradesh,Bhopal,Mustard,Rabi,481.16,824.9,30.7,7.47,173.2,1.35,4.907
West Bengal,Murshidabad,Sugarcane,Whole Year,168.03,1369.6,19.9,6.59,118.0,1.37,13.0
Madhya Pradesh,Bhopal,Barley,Rabi,243.94,1057.7,25.0,6.3,169.4,2.49,7.145
Gujarat,Surat,Sugarcane,Whole Year,207.48,622.2,26.7,7.01,116.4,1.75,12.586
Assam,Kamrup,Chickpea,Rabi,237.28,2115.8,20.7,6.31,73.4,7.21,4.302
Punjab,Amritsar,Sugarcane,Whole Year,414.08,651.7,28.4,7.35,160.1,0.76,13.0
Rajasthan,Jodhpur,Mustard,Rabi,6.17,393.3,22.2,8.02,109.2,4.4,4.221
Gujarat,Rajkot,Cotton,Kharif,39.13,667.1,33.4,5.88,139.2,0.32,4.514
Gujarat,Surat,Mustard,Rabi,74.16,814.4,33.0,6.59,140.8,1.44,4.654
Gujarat,Rajkot,Barley,Rabi,143.68,625.5,25.4,8.49,184.6,4.75,6.31
West Bengal,Murshidabad,Maize,Kharif,530.23,1187.9,26.0,6.71,113.0,0.26,8.448
Tamil Nadu,Coimbatore,Maize,Kharif,71.3,899.6,30.7,6.46,140.6,6.13,8.702
Tamil Nadu,Coimbatore,Maize,Kharif,171.08,1097.5,33.0,6.1,149.4,1.75,9.592
Tamil Nadu,Thanjavur,Maize,Kharif,48.88,992.4,30.6,7.02,168.0,11.13,9.321
Maharashtra,Nagpur,Soybean,Kharif,198.98,1019.4,28.8,7.31,166.3,1.18,6.147
Uttar Pradesh,Varanasi,Chickpea,Rabi,148.17,891.6,25.0,6.39,179.7,16.26,4.29
Odisha,Puri,Groundnut,Kharif,28.47,1367.2,25.6,6.54,70.3,0.38,5.246
Madhya Pradesh,Jabalpur,Groundnut,Kharif,93.47,786.6,24.0,6.85,101.4,5.23,5.584
Odisha,Cuttack,Rice,Kharif,35.13,1405.5,30.3,6.67,146.9,10.53,11.09
Rajasthan,Jaipur,Mustard,Rabi,119.38,235.6,30.8,8.29,47.0,18.0,2.039
Assam,Kamrup,Groundnut,Kharif,34.97,2543.9,25.8,5.95,108.9,0.17,6.119
Haryana,Karnal,Mustard,Rabi,318.32,677.2,27.6,6.4,188.2,2.72,5.363
Jharkhand,Hazaribag,Sugarcane,Whole Year,53.12,1450.3,30.4,5.36,185.6,0.67,13.0
Andhra Pradesh,Kurnool,Chickpea,Rabi,32.38,892.7,25.0,7.04,144.6,2.45,3.188
Assam,Jorhat,Soybean,Kharif,80.14,2227.2,29.0,5.07,31.7,2.04,5.742
West Bengal,Burdwan,Soybean,Kharif,44.88,1837.6,30.3,6.84,203.0,1.4,7.679
Odisha,Puri,Soybean,Kharif,72.74,714.7,33.9,6.26,127.7,1.2,4.942
Madhya Pradesh,Jabalpur,Rice,Kharif,104.67,938.9,22.5,7.27,144.7,6.98,9.034
Assam,Kamrup,Wheat,Rabi,106.51,2657.5,21.0,5.8,118.9,8.83,9.331
West Bengal,Murshidabad,Chickpea,Rabi,127.21,1756.1,28.4,5.98,126.5,1.89,3.997
Karnataka,Mysuru,Chickpea,Rabi,152.53,781.6,26.2,7.01,189.7,6.78,4.236
West Bengal,Burdwan,Maize,Kharif,418.06,1572.5,33.3,5.19,104.1,3.06,9.24
Jharkhand,Dhanbad,Cotton,Kharif,38.16,1234.7,33.4,4.55,72.4,3.07,4.569
Madhya Pradesh,Jabalpur,Mustard,Rabi,376.58,906.3,30.0,6.33,192.9,1.71,5.324
Assam,Jorhat,Soybean,Kharif,326.05,2234.3,21.7,6.25,65.5,0.24,6.443
Uttar Pradesh,Kanpur,Maize,Kharif,350.15,840.4,21.0,6.71,192.0,2.0,9.357
Punjab,Amritsar,Soybean,Kharif,151.46,591.0,22.6,7.11,257.8,1.03,6.024
Tamil Nadu,Coimbatore,Chickpea,Rabi,163.55,1174.9,30.7,6.34,136.3,1.25,3.674
Bihar,Muzaffarpur,Sugarcane,Whole Year,186.79,923.0,28.3,6.76,137.6,5.69,13.0
Uttar Pradesh,Agra,Chickpea,Rabi,170.81,717.2,27.9,6.55,196.5,3.39,4.08
Tamil Nadu,Thanjavur,Groundnut,Kharif,61.46,866.8,35.4,6.38,165.9,0.52,5.729
Punjab,Amritsar,Wheat,Rabi,49.79,590.1,23.0,7.52,262.2,1.67,9.019
Punjab,Ludhiana,Sugarcane,Whole Year,80.8,580.8,16.3,7.09,196.3,1.62,13.0
Jharkhand,Hazaribag,Barley,Rabi,22.97,1331.5,24.4,5.94,102.1,1.4,6.59
West Bengal,Nadia,Mustard,Rabi,6.61,1604.1,29.1,6.07,171.7,2.85,6.203
Andhra Pradesh,Krishna,Cotton,Kharif,22.46,797.2,25.0,6.32,166.8,3.27,5.161
Madhya Pradesh,Jabalpur,Groundnut,Kharif,195.54,1274.7,21.1,7.4,54.1,6.46,5.564
Odisha,Sambalpur,Barley,Rabi,79.35,1396.3,30.8,5.03,129.3,3.07,6.665
Gujarat,Surat,Chickpea,Rabi,139.55,658.4,22.6,7.92,140.8,2.18,3.487
Tamil Nadu,Coimbatore,Cotton,Kharif,0.42,965.7,37.1,6.75,200.1,0.3,5.859
Haryana,Karnal,Chickpea,Rabi,3.13,550.7,29.8,7.13,171.0,4.61,3.209
West Bengal,Murshidabad,Rice,Kharif,658.47,2119.6,27.7,7.01,110.4,1.02,10.881
Haryana,Hisar,Chickpea,Rabi,270.21,561.6,20.4,7.91,185.8,4.99,4.239
Andhra Pradesh,Krishna,Barley,Rabi,92.19,870.6,25.8,6.57,221.8,0.88,7.681
Punjab,Patiala,Barley,Rabi,515.9,493.7,27.7,7.08,149.7,0.27,6.169
Gujarat,Rajkot,Chickpea,Rabi,15.51,876.7,28.7,6.93,207.7,1.04,4.214
Maharashtra,Nagpur,Cotton,Kharif,254.74,1006.5,36.7,6.67,96.5,3.42,4.793
Karnataka,Mysuru,Groundnut,Kharif,210.6,1133.7,24.4,6.53,164.7,9.67,6.593
Haryana,Rohtak,Cotton,Kharif,104.2,567.8,22.6,7.53,131.2,3.05,4.119
Assam,Jorhat,Sugarcane,Whole Year,354.32,2199.8,29.0,4.92,112.6,0.77,13.0
Rajasthan,Jodhpur,Chickpea,Rabi,233.5,454.5,19.2,6.75,96.0,1.15,2.95
Odisha,Cuttack,Maize,Kharif,78.86,1377.1,32.0,6.36,90.4,5.97,9.39
Rajasthan,Jaipur,Maize,Kharif,31.62,162.2,36.7,6.89,61.2,0.25,4.012
West Bengal,Nadia,Maize,Kharif,477.02,1061.6,29.2,6.01,128.0,2.73,8.828
Karnataka,Dharwad,Mustard,Rabi,988.26,552.2,24.3,6.87,149.8,2.63,5.041
Gujarat,Surat,Groundnut,Kharif,16.84,693.6,33.1,6.43,120.9,4.14,4.927
Uttar Pradesh,Agra,Cotton,Kharif,135.53,903.4,27.0,7.07,188.1,1.42,5.535
Andhra Pradesh,Kurnool,Mustard,Rabi,156.17,797.7,34.5,7.03,138.7,2.65,4.768
Madhya Pradesh,Indore,Maize,Kharif,99.88,599.9,18.6,6.39,115.9,1.44,7.007
Haryana,Rohtak,Barley,Rabi,422.89,520.4,34.2,7.47,207.0,1.2,6.371
Andhra Pradesh,Krishna,Wheat,Rabi,270.58,762.5,33.7,7.08,88.2,2.86,6.528
Madhya Pradesh,Bhopal,Maize,Kharif,216.11,922.1,26.3,7.18,132.8,5.74,8.939
Andhra Pradesh,Krishna,Wheat,Rabi,239.15,940.0,25.9,6.97,131.2,0.89,8.194
Tamil Nadu,Madurai,Mustard,Rabi,249.57,1197.7,28.6,6.06,101.2,0.75,4.515
Rajasthan,Jodhpur,Rice,Kharif,550.77,248.4,29.4,6.95,88.0,4.68,6.403
Bihar,Muzaffarpur,Barley,Rabi,146.12,1183.8,35.1,6.86,158.6,0.59,6.409
Madhya Pradesh,Indore,Sugarcane,Whole Year,113.92,782.7,23.4,6.62,126.9,2.59,13.0
Andhra Pradesh,Guntur,Rice,Kharif,380.04,825.7,36.0,5.99,179.8,2.4,9.435
Odisha,Puri,Chickpea,Rabi,152.86,1391.8,24.5,6.59,56.5,9.84,4.461
West Bengal,Nadia,Groundnut,Kharif,164.05,1362.4,24.4,5.68,156.4,2.35,7.074
Gujarat,Ahmedabad,Soybean,Kharif,7.47,492.1,27.8,8.02,150.1,5.07,4.662
Karnataka,Dharwad,Rice,Kharif,190.61,805.9,25.5,7.91,129.0,1.12,7.73
Haryana,Karnal,Rice,Kharif,136.98,747.9,20.5,7.67,176.7,1.93,8.695
Jharkhand,Hazaribag,Maize,Kharif,404.09,1091.0,28.4,6.05,94.7,1.34,8.046
Karnataka,Mysuru,Rice,Kharif,84.82,581.5,32.5,6.8,79.3,0.26,7.139
Andhra Pradesh,Guntur,Soybean,Kharif,649.17,771.4,38.6,6.48,125.5,6.23,4.823
Maharashtra,Pune,Soybean,Kharif,18.08,1042.0,36.4,6.69,103.4,1.31,5.041
Karnataka,Raichur,Soybean,Kharif,64.17,639.0,28.3,6.54,132.8,18.0,4.761
Odisha,Cuttack,Rice,Kharif,26.65,1054.7,28.4,5.58,77.5,4.47,8.558
Rajasthan,Bikaner,Sugarcane,Whole Year,162.83,479.8,27.6,7.23,99.0,4.75,11.6
Karnataka,Raichur,Mustard,Rabi,369.99,880.2,32.0,5.76,144.0,6.2,4.609
West Bengal,Murshidabad,Mustard,Rabi,383.47,1295.8,28.3,6.2,80.0,3.58,4.917
Tamil Nadu,Madurai,Mustard,Rabi,644.71,963.5,29.2,6.11,179.8,5.48,5.884
Haryana,Hisar,Mustard,Rabi,216.95,460.3,27.3,7.2,225.4,12.18,5.624
Assam,Kamrup,Barley,Rabi,538.72,2490.4,24.6,4.81,124.3,4.82,6.888
Maharashtra,Nashik,Cotton,Kharif,432.31,589.7,30.4,6.35,181.3,0.2,5.13
Assam,Kamrup,Rice,Kharif,337.58,2159.1,37.8,5.28,69.1,1.66,9.619
Tamil Nadu,Madurai,Barley,Rabi,63.1,1198.1,25.7,7.5,224.3,1.75,8.485
Bihar,Muzaffarpur,Wheat,Rabi,1156.0,1056.3,28.0,7.02,107.3,2.25,8.13
Odisha,Sambalpur,Groundnut,Kharif,140.63,881.3,20.3,5.99,67.0,7.82,5.491
Rajasthan,Bikaner,Cotton,Kharif,76.44,459.5,34.9,7.48,67.4,3.25,2.967
Haryana,Rohtak,Barley,Rabi,43.98,570.8,21.6,7.31,200.9,0.25,6.367
Bihar,Gaya,Chickpea,Rabi,79.48,1174.9,27.8,6.72,105.7,1.48,3.27
Odisha,Sambalpur,Chickpea,Rabi,121.45,1489.0,26.7,6.24,151.5,1.27,4.464
Uttar Pradesh,Kanpur,Mustard,Rabi,10.66,640.5,34.1,7.41,133.6,10.45,4.035
Assam,Jorhat,Rice,Kharif,492.8,2617.3,31.0,6.72,102.4,0.18,10.444
Uttar Pradesh,Varanasi,Rice,Kharif,241.8,796.1,21.1,6.99,123.7,1.67,8.426
Assam,Jorhat,Rice,Kharif,134.11,2888.3,21.7,5.46,94.8,6.46,10.604
Assam,Jorhat,Wheat,Rabi,3.3,1934.5,28.6,5.52,123.8,3.61,9.059
Bihar,Gaya,Barley,Rabi,348.23,1395.3,28.7,6.76,102.9,1.41,6.884
Karnataka,Raichur,Chickpea,Rabi,79.68,808.4,23.5,6.22,99.7,1.43,3.577
Andhra Pradesh,Krishna,Chickpea,Rabi,156.89,1156.9,28.3,6.86,161.5,1.03,4.133
Madhya Pradesh,Bhopal,Cotton,Kharif,101.94,733.4,35.3,7.42,76.3,0.1,3.773
Maharashtra,Pune,Barley,Rabi,54.09,931.7,27.1,6.88,126.2,7.14,6.317
Karnataka,Raichur,Wheat,Rabi,591.78,844.4,26.3,6.36,166.5,5.82,8.915
Assam,Kamrup,Mustard,Rabi,627.49,2534.4,17.4,5.17,86.7,0.48,5.312
Gujarat,Rajkot,Mustard,Rabi,318.02,578.0,31.6,7.11,120.5,6.64,4.185
Gujarat,Ahmedabad,Mustard,Rabi,175.53,660.6,32.7,7.71,214.0,1.66,5.082
Gujarat,Ahmedabad,Soybean,Kharif,20.17,292.0,25.9,6.38,100.8,9.14,3.657
West Bengal,Murshidabad,Rice,Kharif,58.88,1765.0,30.2,5.4,122.9,3.87,11.135
Assam,Nagaon,Mustard,Rabi,107.17,2320.9,22.6,6.0,50.6,4.13,4.643
Assam,Kamrup,Chickpea,Rabi,143.4,2174.8,34.3,5.33,89.5,2.17,3.868
Maharashtra,Nagpur,Sugarcane,Whole Year,38.85,1193.6,23.7,7.19,134.9,1.6,13.0
Andhra Pradesh,Kurnool,Wheat,Rabi,7.31,771.7,36.6,6.74,164.4,0.39,7.54
Uttar Pradesh,Agra,Cotton,Kharif,28.62,1006.9,27.0,7.23,208.8,3.36,6.26
Madhya Pradesh,Jabalpur,Maize,Kharif,4.85,1093.6,21.4,6.61,136.6,0.82,9.019
Andhra Pradesh,Kurnool,Groundnut,Kharif,137.31,874.2,25.0,6.36,99.5,1.56,5.323
Odisha,Puri,Barley,Rabi,78.95,1391.2,25.3,5.66,97.8,2.46,6.609
Andhra Pradesh,Krishna,Groundnut,Kharif,499.11,660.1,34.7,8.21,132.5,14.0,5.112
Andhra Pradesh,Krishna,Wheat,Rabi,31.27,1141.6,28.5,7.54,143.6,0.96,8.111
Haryana,Rohtak,Groundnut,Kharif,412.41,540.1,13.4,7.16,195.1,0.14,5.162
West Bengal,Nadia,Groundnut,Kharif,243.99,1438.8,26.9,6.66,112.0,0.6,6.814
Jharkhand,Ranchi,Soybean,Kharif,19.45,1029.7,27.5,5.32,86.2,1.24,5.114
Haryana,Karnal,Maize,Kharif,168.74,493.4,21.3,7.26,225.2,4.78,8.898
Andhra Pradesh,Guntur,Groundnut,Kharif,157.02,1054.4,26.5,6.3,90.2,0.1,5.444
Maharashtra,Nashik,Maize,Kharif,155.09,1250.6,30.5,6.71,127.2,6.17,9.652
Tamil Nadu,Madurai,Wheat,Rabi,58.84,1230.8,36.2,7.16,203.8,0.99,9.008
Punjab,Amritsar,Maize,Kharif,278.04,560.1,12.0,7.03,219.5,1.65,8.5
Bihar,Muzaffarpur,Cotton,Kharif,62.11,808.0,20.7,7.19,134.8,1.67,4.687
Maharashtra,Nashik,Barley,Rabi,340.1,801.0,29.8,7.68,181.6,4.02,6.417
Assam,Nagaon,Wheat,Rabi,194.83,2551.3,23.9,4.96,132.0,0.37,9.344
Assam,Nagaon,Groundnut,Kharif,78.31,2263.2,22.1,4.82,81.0,1.96,5.5
Rajasthan,Bikaner,Sugarcane,Whole Year,178.74,333.5,29.6,8.08,66.3,10.61,9.828
Haryana,Karnal,Mustard,Rabi,189.28,581.8,29.6,7.61,233.3,5.24,5.82
Gujarat,Surat,Maize,Kharif,207.31,670.6,29.5,7.81,192.9,2.83,8.151
Haryana,Rohtak,Cotton,Kharif,243.26,490.9,22.0,7.16,164.4,1.68,4.212
Tamil Nadu,Thanjavur,Soybean,Kharif,45.65,1109.4,34.3,6.51,130.6,1.25,5.582
Tamil Nadu,Thanjavur,Rice,Kharif,177.57,799.9,27.0,6.84,186.8,4.39,9.507
Punjab,Patiala,Cotton,Kharif,240.23,565.1,13.5,7.04,213.3,4.32,5.014
Odisha,Sambalpur,Rice,Kharif,117.2,1144.8,38.3,6.21,172.9,0.29,9.981
Haryana,Rohtak,Mustard,Rabi,75.11,701.3,22.6,7.3,216.6,8.55,6.059
Punjab,Ludhiana,Wheat,Rabi,87.38,563.5,23.4,7.03,180.1,9.87,8.032
Bihar,Muzaffarpur,Wheat,Rabi,176.59,1255.1,25.6,6.51,154.8,2.61,8.722
Jharkhand,Dhanbad,Barley,Rabi,7.11,1215.3,24.1,5.35,105.9,7.04,6.314
Tamil Nadu,Thanjavur,Groundnut,Kharif,205.84,946.2,33.4,5.86,205.1,0.86,5.956
Uttar Pradesh,Agra,Maize,Kharif,40.3,856.8,19.6,6.59,129.6,5.2,8.234
Tamil Nadu,Madurai,Chickpea,Rabi,117.05,1006.0,31.5,6.39,157.8,11.67,3.788
Andhra Pradesh,Guntur,Mustard,Rabi,278.41,980.5,29.3,6.23,57.5,1.6,3.646
Uttar Pradesh,Kanpur,Maize,Kharif,200.72,756.3,27.0,6.76,180.3,2.09,9.126
Odisha,Cuttack,Rice,Kharif,127.09,1463.5,27.1,5.79,103.3,2.73,10.767
Gujarat,Rajkot,Soybean,Kharif,10.93,893.1,39.0,7.69,134.2,0.31,4.92
Tamil Nadu,Coimbatore,Maize,Kharif,211.78,1302.4,29.2,6.31,187.2,2.02,10.896
Karnataka,Raichur,Maize,Kharif,340.54,499.0,27.1,5.99,147.6,7.42,7.464
Bihar,Patna,Barley,Rabi,318.32,1236.6,28.5,5.63,151.0,9.2,7.32
Karnataka,Raichur,Wheat,Rabi,61.81,763.5,29.3,7.08,143.4,1.92,7.453
Haryana,Karnal,Maize,Kharif,41.93,457.7,23.6,7.22,213.8,1.38,8.722
Punjab,Patiala,Sugarcane,Whole Year,139.0,691.3,24.9,7.55,183.0,0.21,13.0
Tamil Nadu,Thanjavur,Sugarcane,Whole Year,735.14,924.2,25.3,6.61,173.1,0.67,13.0
Gujarat,Ahmedabad,Rice,Kharif,58.26,908.1,23.3,6.96,57.7,5.95,7.852
Haryana,Rohtak,Groundnut,Kharif,8.33,484.2,18.9,7.34,159.1,9.37,5.17
West Bengal,Murshidabad,Rice,Kharif,228.38,1333.8,29.2,6.19,146.7,8.36,11.114
Karnataka,Raichur,Sugarcane,Whole Year,134.97,805.3,19.0,6.32,73.4,1.61,12.251
Assam,Kamrup,Groundnut,Kharif,38.03,2047.4,16.2,5.61,57.4,1.59,5.647
Assam,Nagaon,Chickpea,Rabi,125.79,2195.7,27.3,5.3,96.0,1.51,3.749
Haryana,Karnal,Mustard,Rabi,216.85,497.0,19.6,7.51,195.6,8.02,5.154
Tamil Nadu,Coimbatore,Chickpea,Rabi,131.28,905.4,34.1,6.49,176.5,2.13,3.459
Uttar Pradesh,Agra,Barley,Rabi,160.4,901.1,13.9,6.32,121.5,3.75,6.57
Assam,Jorhat,Maize,Kharif,0.37,2237.7,30.0,6.6,57.0,6.41,8.475
Assam,Kamrup,Maize,Kharif,53.48,2159.2,25.4,5.28,70.1,2.29,8.786
Andhra Pradesh,Krishna,Cotton,Kharif,22.54,602.6,25.3,6.77,132.4,1.66,4.213
Maharashtra,Nashik,Barley,Rabi,51.8,675.3,30.6,6.55,143.7,3.95,6.049
Tamil Nadu,Coimbatore,Maize,Kharif,164.99,845.6,26.6,6.27,174.3,0.25,9.321
Jharkhand,Ranchi,Mustard,Rabi,383.8,1081.6,22.0,5.0,70.6,1.4,4.199
Rajasthan,Jodhpur,Soybean,Kharif,158.38,448.3,20.6,7.74,112.4,5.97,4.099
Odisha,Cuttack,Sugarcane,Whole Year,477.34,1105.1,24.5,6.27,93.7,0.3,13.0
Bihar,Patna,Mustard,Rabi,20.18,948.1,23.6,7.09,129.9,7.3,5.786
Uttar Pradesh,Agra,Chickpea,Rabi,206.57,901.6,19.1,7.37,126.9,2.97,3.868
Bihar,Muzaffarpur,Soybean,Kharif,198.64,1286.1,27.6,7.05,131.0,18.0,6.997
Punjab,Patiala,Chickpea,Rabi,27.58,510.2,24.4,7.36,147.4,4.5,3.231
Odisha,Cuttack,Rice,Kharif,984.64,1477.1,29.4,5.31,105.6,2.71,10.757
Bihar,Patna,Soybean,Kharif,297.81,996.9,29.8,6.47,118.0,1.13,5.841
Uttar Pradesh,Kanpur,Groundnut,Kharif,343.92,844.8,20.0,7.17,218.7,0.83,6.38
West Bengal,Nadia,Maize,Kharif,582.22,1630.5,27.2,6.01,106.6,0.1,9.959
West Bengal,Burdwan,Cotton,Kharif,185.91,1481.2,31.5,6.7,163.6,2.76,6.811
Uttar Pradesh,Agra,Cotton,Kharif,303.72,1080.0,23.1,7.57,181.0,2.6,5.868
Maharashtra,Nashik,Wheat,Rabi,334.8,1051.0,37.1,6.94,174.7,2.24,8.712
West Bengal,Burdwan,Sugarcane,Whole Year,142.92,1652.2,28.4,4.97,132.0,3.26,13.0
Tamil Nadu,Thanjavur,Groundnut,Kharif,308.15,921.2,31.1,7.01,186.5,7.27,6.862
Tamil Nadu,Thanjavur,Maize,Kharif,135.5,1347.9,29.7,7.02,142.0,0.1,9.665
Punjab,Ludhiana,Groundnut,Kharif,413.23,661.8,19.3,7.76,110.6,5.82,5.287
Rajasthan,Bikaner,Soybean,Kharif,158.69,296.0,16.4,7.81,79.4,9.14,3.46
Bihar,Patna,Soybean,Kharif,346.28,699.0,24.8,6.97,157.6,0.91,5.878
Andhra Pradesh,Guntur,Groundnut,Kharif,33.45,823.8,33.1,7.1,226.1,1.19,6.642
Gujarat,Ahmedabad,Sugarcane,Whole Year,66.98,488.9,19.1,7.64,161.1,10.22,12.216
Haryana,Karnal,Maize,Kharif,57.0,484.8,21.6,7.24,208.4,8.42,8.605
Bihar,Gaya,Barley,Rabi,30.47,1373.6,29.6,6.44,150.2,1.71,7.467
Karnataka,Mysuru,Maize,Kharif,199.91,496.3,23.5,6.83,202.3,2.22,8.152
Andhra Pradesh,Kurnool,Chickpea,Rabi,106.87,961.6,33.6,6.56,215.5,0.81,3.725
West Bengal,Burdwan,Mustard,Rabi,162.35,1513.1,29.1,7.11,133.5,3.79,5.822
Odisha,Sambalpur,Cotton,Kharif,597.88,1084.8,31.9,5.85,114.0,5.8,5.578
Tamil Nadu,Madurai,Groundnut,Kharif,150.88,1192.2,32.8,6.5,166.4,0.19,6.697
Punjab,Patiala,Maize,Kharif,334.06,603.2,19.3,7.56,147.0,6.96,7.429
Tamil Nadu,Thanjavur,Cotton,Kharif,78.53,678.9,28.7,6.81,143.3,2.51,4.574
Uttar Pradesh,Varanasi,Cotton,Kharif,53.99,951.9,23.9,6.98,161.5,0.96,5.809
Uttar Pradesh,Kanpur,Maize,Kharif,344.29,910.9,30.3,6.81,161.9,2.81,8.876
Uttar Pradesh,Agra,Cotton,Kharif,100.19,876.6,26.4,7.51,230.0,1.13,6.043
Tamil Nadu,Coimbatore,Chickpea,Rabi,18.98,1129.4,26.0,6.98,254.7,9.16,4.644
Tamil Nadu,Coimbatore,Cotton,Kharif,60.26,1170.1,31.8,5.79,110.5,3.09,5.377
Bihar,Patna,Soybean,Kharif,467.29,983.4,33.3,6.35,218.9,0.13,6.626
Madhya Pradesh,Bhopal,Wheat,Rabi,275.36,1106.0,30.0,7.7,182.0,0.23,9.12
Haryana,Karnal,Wheat,Rabi,316.24,585.1,29.6,7.07,169.1,1.37,7.565
Odisha,Puri,Barley,Rabi,161.24,1269.5,20.6,6.66,121.7,4.12,7.413
West Bengal,Nadia,Maize,Kharif,50.94,1746.8,28.9,5.59,106.0,6.06,9.471
Madhya Pradesh,Bhopal,Groundnut,Kharif,495.51,871.1,27.0,7.35,136.8,1.18,5.887
Rajasthan,Jodhpur,Groundnut,Kharif,726.01,457.2,29.3,9.0,55.7,7.68,3.254
Tamil Nadu,Coimbatore,Cotton,Kharif,128.38,1229.0,21.3,6.47,104.0,0.51,5.088
Rajasthan,Jaipur,Rice,Kharif,98.2,337.4,17.3,7.85,102.1,2.77,5.464
Jharkhand,Ranchi,Wheat,Rabi,108.18,1154.9,32.1,5.68,37.2,3.76,6.555
Punjab,Patiala,Cotton,Kharif,71.11,606.6,21.3,6.87,226.5,8.24,5.631
Rajasthan,Jodhpur,Cotton,Kharif,98.49,372.1,35.6,8.1,109.2,1.83,3.166
Punjab,Amritsar,Groundnut,Kharif,150.12,639.4,21.6,7.36,174.5,1.71,5.762
Madhya Pradesh,Jabalpur,Maize,Kharif,235.81,989.1,29.0,6.97,123.5,4.81,8.545
Gujarat,Ahmedabad,Mustard,Rabi,277.98,765.7,33.7,7.0,130.8,0.93,4.491
Assam,Kamrup,Sugarcane,Whole Year,58.18,1754.4,25.1,5.79,122.2,2.71,13.0
Maharashtra,Nashik,Barley,Rabi,8.61,881.4,34.2,6.81,104.4,1.88,5.139
Punjab,Amritsar,Wheat,Rabi,336.92,597.1,23.3,7.13,189.4,3.59,8.324
Madhya Pradesh,Indore,Mustard,Rabi,644.15,952.3,22.1,6.94,91.1,0.87,4.524
West Bengal,Nadia,Chickpea,Rabi,197.02,1477.9,25.3,6.06,169.2,8.07,4.713
Bihar,Patna,Wheat,Rabi,32.59,1428.9,40.5,6.79,90.3,1.92,7.764
Odisha,Puri,Groundnut,Kharif,693.24,1476.6,31.5,6.24,128.7,2.33,7.067
Odisha,Cuttack,Barley,Rabi,391.39,2180.8,27.0,5.05,95.7,0.82,6.518
Tamil Nadu,Coimbatore,Maize,Kharif,196.72,1196.4,33.0,6.04,223.1,5.22,11.302
Madhya Pradesh,Indore,Groundnut,Kharif,29.27,571.8,33.1,6.71,115.3,4.3,4.662
West Bengal,Burdwan,Sugarcane,Whole Year,323.1,1108.3,29.1,5.3,88.9,0.47,13.0
West Bengal,Burdwan,Barley,Rabi,364.85,1503.9,28.5,6.27,162.1,2.19,7.411
West Bengal,Murshidabad,Wheat,Rabi,10.28,1262.6,27.2,6.37,171.6,3.21,9.653
Jharkhand,Ranchi,Sugarcane,Whole Year,102.55,1199.0,19.1,6.58,112.1,0.83,13.0
Tamil Nadu,Coimbatore,Groundnut,Kharif,479.95,1352.3,34.9,7.3,145.0,0.4,7.142
Rajasthan,Bikaner,Wheat,Rabi,134.58,432.9,22.6,8.36,164.3,0.8,6.78
Punjab,Amritsar,Maize,Kharif,19.38,464.5,25.9,7.8,154.4,14.01,7.523
Haryana,Hisar,Maize,Kharif,782.48,640.7,29.3,7.1,180.3,0.74,8.408
Jharkhand,Ranchi,Groundnut,Kharif,376.36,1276.1,29.6,5.74,106.9,0.86,6.326
Assam,Kamrup,Rice,Kharif,18.32,2689.1,29.3,6.1,104.0,1.66,11.478
Uttar Pradesh,Kanpur,Soybean,Kharif,161.77,875.9,26.9,7.54,209.5,3.64,6.113
Haryana,Hisar,Wheat,Rabi,22.54,528.4,27.9,7.96,114.4,1.29,6.025
Punjab,Patiala,Groundnut,Kharif,554.75,644.0,22.7,6.86,191.2,2.56,5.745
Odisha,Puri,Chickpea,Rabi,42.0,1339.8,32.9,6.13,114.9,2.35,3.387
Assam,Jorhat,Rice,Kharif,614.54,2609.3,22.4,5.6,101.2,6.06,10.888
Tamil Nadu,Thanjavur,Sugarcane,Whole Year,166.71,1006.2,27.9,6.76,151.8,3.58,13.0
Maharashtra,Nashik,Mustard,Rabi,377.68,1286.8,30.5,6.7,176.7,1.28,5.544
Rajasthan,Jodhpur,Mustard,Rabi,183.31,431.6,29.5,6.55,135.8,0.47,3.722
Tamil Nadu,Coimbatore,Barley,Rabi,189.42,1103.2,29.3,7.07,211.1,2.87,8.207
Maharashtra,Nashik,Soybean,Kharif,205.25,1203.0,33.5,6.86,155.9,3.03,6.391
Assam,Nagaon,Barley,Rabi,305.55,2508.7,17.1,4.97,93.6,8.48,6.875
Maharashtra,Nashik,Soybean,Kharif,15.69,1267.0,26.0,7.95,142.7,11.88,6.377
Madhya Pradesh,Indore,Groundnut,Kharif,43.1,972.1,27.2,6.69,124.2,3.79,5.949
Andhra Pradesh,Krishna,Cotton,Kharif,31.56,861.7,32.1,6.16,180.7,0.4,5.456
Maharashtra,Pune,Groundnut,Kharif,94.76,967.7,33.7,7.38,170.3,5.81,6.459
Andhra Pradesh,Guntur,Sugarcane,Whole Year,512.53,888.5,22.5,6.01,97.8,6.33,13.0
Bihar,Muzaffarpur,Cotton,Kharif,27.05,1281.9,23.5,6.94,162.4,7.81,5.865
Jharkhand,Hazaribag,Chickpea,Rabi,54.05,1569.0,27.6,6.16,174.6,3.36,4.796
Punjab,Amritsar,Barley,Rabi,33.91,588.9,15.0,6.63,222.8,0.31,7.404
Gujarat,Rajkot,Maize,Kharif,95.45,608.6,32.4,7.43,156.9,0.1,7.704
Haryana,Karnal,Wheat,Rabi,50.44,602.1,21.9,7.57,156.2,0.17,7.217
Assam,Jorhat,Groundnut,Kharif,336.64,2015.8,25.5,6.45,123.9,1.78,7.008
Maharashtra,Nagpur,Cotton,Kharif,148.89,831.3,27.6,7.49,91.2,0.18,4.647
Andhra Pradesh,Kurnool,Maize,Kharif,581.72,798.4,29.7,6.66,139.4,0.11,8.044
Gujarat,Surat,Groundnut,Kharif,626.91,778.9,31.5,7.93,115.8,0.77,5.384
Rajasthan,Jodhpur,Mustard,Rabi,97.15,376.4,27.8,7.3,111.3,5.05,3.937
Gujarat,Surat,Soybean,Kharif,90.93,652.0,22.7,7.62,69.5,5.91,4.53
Madhya Pradesh,Jabalpur,Chickpea,Rabi,413.12,706.1,21.3,7.68,99.4,1.37,3.142
Jharkhand,Hazaribag,Mustard,Rabi,569.36,1093.6,30.4,7.57,147.6,0.32,5.452
Bihar,Gaya,Rice,Kharif,0.5,1593.0,28.1,6.23,165.2,5.87,12.236
Punjab,Patiala,Maize,Kharif,310.67,583.9,18.5,7.1,233.6,1.73,9.347
Rajasthan,Jaipur,Sugarcane,Whole Year,0.5,337.4,27.6,7.24,101.9,0.29,11.059
Uttar Pradesh,Kanpur,Soybean,Kharif,130.63,912.0,16.6,6.65,200.6,0.71,5.871
Assam,Nagaon,Barley,Rabi,66.34,2123.6,28.8,5.72,63.7,7.97,6.59
Tamil Nadu,Thanjavur,Chickpea,Rabi,26.48,973.3,30.4,6.8,171.6,0.86,3.492
Andhra Pradesh,Krishna,Sugarcane,Whole Year,297.38,813.4,30.7,6.38,126.5,2.07,13.0
Odisha,Cuttack,Chickpea,Rabi,330.63,1250.8,28.8,5.46,146.4,0.96,4.287
Karnataka,Dharwad,Barley,Rabi,74.51,756.2,35.0,6.02,46.7,7.35,4.264
Gujarat,Ahmedabad,Chickpea,Rabi,114.88,1035.1,25.5,7.48,122.0,1.85,3.643
Tamil Nadu,Thanjavur,Rice,Kharif,98.89,1056.3,28.5,6.76,105.6,0.31,8.892
Punjab,Patiala,Mustard,Rabi,65.03,601.1,23.7,7.64,170.8,0.1,5.092
Madhya Pradesh,Jabalpur,Cotton,Kharif,72.04,828.6,12.8,6.55,137.6,2.71,4.552
Madhya Pradesh,Jabalpur,Sugarcane,Whole Year,117.57,1279.6,24.0,6.45,98.4,0.43,13.0
Gujarat,Rajkot,Chickpea,Rabi,30.41,711.0,34.2,7.91,145.2,12.61,2.673
Jharkhand,Hazaribag,Groundnut,Kharif,42.98,939.5,18.6,6.91,83.4,2.4,5.07
Haryana,Rohtak,Soybean,Kharif,129.59,573.4,14.8,7.23,232.2,0.99,5.341
Uttar Pradesh,Varanasi,Maize,Kharif,42.08,919.6,25.1,7.91,243.0,6.74,10.666
Haryana,Karnal,Mustard,Rabi,540.89,597.5,26.8,7.08,174.1,9.76,4.894
Andhra Pradesh,Krishna,Chickpea,Rabi,152.03,869.3,24.4,6.83,90.6,10.57,3.506
Assam,Jorhat,Barley,Rabi,75.11,2490.7,23.5,4.52,90.1,0.14,6.246
Tamil Nadu,Madurai,Maize,Kharif,400.27,848.8,32.6,6.32,162.2,10.65,9.091
Bihar,Gaya,Sugarcane,Whole Year,25.55,1302.1,26.2,6.79,131.5,2.59,13.0
Jharkhand,Dhanbad,Soybean,Kharif,58.83,1220.0,17.7,4.88,97.0,7.88,5.778
Assam,Jorhat,Wheat,Rabi,162.86,2116.9,24.7,6.12,83.0,1.4,8.738
Gujarat,Ahmedabad,Groundnut,Kharif,14.72,463.4,24.3,7.41,179.0,2.91,5.197
Jharkhand,Hazaribag,Wheat,Rabi,64.18,1431.6,24.9,5.12,96.3,2.88,7.873
Andhra Pradesh,Krishna,Cotton,Kharif,278.92,709.3,25.8,5.9,136.2,1.21,4.678
Gujarat,Ahmedabad,Chickpea,Rabi,324.0,952.1,34.7,7.24,256.7,9.51,4.363
Tamil Nadu,Madurai,Barley,Rabi,161.15,971.5,27.0,6.56,151.9,1.05,6.658
Rajasthan,Jodhpur,Barley,Rabi,52.67,231.1,23.5,6.86,133.6,3.32,4.853
Maharashtra,Nagpur,Sugarcane,Whole Year,97.11,728.1,44.4,6.58,149.8,5.49,13.0
Gujarat,Rajkot,Maize,Kharif,378.1,803.5,25.4,7.49,184.8,4.59,9.363
Madhya Pradesh,Bhopal,Soybean,Kharif,288.37,987.8,30.4,7.0,145.3,5.98,6.164
Andhra Pradesh,Guntur,Sugarcane,Whole Year,22.32,907.9,27.3,6.44,153.6,1.8,13.0
West Bengal,Murshidabad,Sugarcane,Whole Year,216.34,1860.0,35.0,6.21,142.3,1.83,13.0
West Bengal,Burdwan,Soybean,Kharif,83.03,1421.8,28.9,6.25,173.8,2.1,7.322
Maharashtra,Nashik,Maize,Kharif,24.85,1079.5,29.4,6.34,52.2,8.83,7.607
West Bengal,Nadia,Cotton,Kharif,25.74,1956.3,28.1,6.1,92.1,1.28,5.605
Madhya Pradesh,Bhopal,Wheat,Rabi,19.95,657.9,33.1,7.42,100.9,0.69,6.7
Madhya Pradesh,Bhopal,Maize,Kharif,442.88,1156.4,12.0,7.41,53.9,2.82,6.618
Bihar,Muzaffarpur,Soybean,Kharif,134.76,1272.5,28.1,7.06,170.0,8.52,7.737
Maharashtra,Nashik,Sugarcane,Whole Year,222.28,715.7,33.9,6.02,144.9,5.09,13.0
Karnataka,Dharwad,Soybean,Kharif,252.62,992.2,22.3,7.68,130.6,4.38,5.581
Punjab,Amritsar,Cotton,Kharif,285.13,637.8,22.5,7.72,243.6,1.46,5.141
Uttar Pradesh,Kanpur,Wheat,Rabi,173.9,918.9,28.3,6.88,136.0,8.42,8.049
Odisha,Puri,Groundnut,Kharif,98.67,1497.1,29.6,5.58,87.0,14.4,6.401
West Bengal,Burdwan,Rice,Kharif,289.74,1520.2,29.3,5.31,108.1,1.4,10.92
Jharkhand,Dhanbad,Groundnut,Kharif,213.73,1065.9,34.4,5.36,117.8,0.1,5.568
Andhra Pradesh,Krishna,Soybean,Kharif,17.02,388.8,25.3,6.93,188.5,2.07,4.585
Tamil Nadu,Madurai,Wheat,Rabi,548.93,1193.9,27.6,5.35,221.3,4.24,10.259
Bihar,Muzaffarpur,Cotton,Kharif,159.74,1121.8,35.6,6.24,109.0,1.71,4.944
Andhra Pradesh,Krishna,Cotton,Kharif,173.46,611.2,26.9,5.95,113.6,6.64,4.583
West Bengal,Murshidabad,Rice,Kharif,20.86,1879.8,24.6,5.66,120.4,9.84,10.678
Punjab,Ludhiana,Maize,Kharif,258.61,676.9,28.4,6.99,227.7,3.35,9.624
Assam,Jorhat,Sugarcane,Whole Year,593.83,2463.3,17.2,6.35,106.4,5.44,13.0
Maharashtra,Nashik,Groundnut,Kharif,35.11,1070.5,29.8,6.71,159.2,0.33,6.642
Gujarat,Ahmedabad,Rice,Kharif,185.2,704.6,25.7,8.17,108.6,5.4,8.168
Bihar,Gaya,Rice,Kharif,379.74,1173.3,23.6,7.49,72.8,1.04,8.761
Odisha,Sambalpur,Mustard,Rabi,243.72,1893.1,26.0,6.58,77.8,1.66,5.849
Jharkhand,Hazaribag,Maize,Kharif,13.48,1219.1,34.3,6.24,108.5,0.37,8.876
Bihar,Patna,Cotton,Kharif,65.88,894.7,25.7,6.79,167.7,3.72,5.426
Assam,Kamrup,Barley,Rabi,212.76,1857.5,28.6,5.86,32.0,4.54,5.818
West Bengal,Murshidabad,Rice,Kharif,181.95,1784.2,29.4,6.79,79.5,1.89,10.884
Odisha,Cuttack,Groundnut,Kharif,55.21,1782.3,30.4,5.57,69.6,5.59,6.254
Punjab,Patiala,Groundnut,Kharif,59.22,634.6,23.1,7.03,222.8,1.31,5.913
Gujarat,Ahmedabad,Maize,Kharif,316.61,839.1,27.3,7.52,222.1,3.62,10.0
Bihar,Patna,Cotton,Kharif,24.55,920.3,24.7,6.74,158.2,13.89,5.259
Bihar,Patna,Cotton,Kharif,76.58,1235.0,35.5,6.82,182.8,0.1,6.029
Uttar Pradesh,Varanasi,Cotton,Kharif,83.05,1065.7,14.1,6.93,151.5,0.47,4.719
West Bengal,Burdwan,Soybean,Kharif,204.22,1863.6,29.7,6.8,160.0,1.97,7.482
Haryana,Hisar,Barley,Rabi,222.99,618.3,19.9,7.88,179.7,7.61,6.757
Karnataka,Raichur,Wheat,Rabi,155.69,576.4,29.5,7.27,116.8,0.95,6.41
Odisha,Sambalpur,Groundnut,Kharif,43.2,940.4,27.8,5.83,97.6,4.28,5.604
Odisha,Puri,Rice,Kharif,33.88,1427.0,34.0,5.71,89.3,4.43,10.25
Andhra Pradesh,Guntur,Barley,Rabi,224.6,774.5,29.5,6.74,103.7,6.52,5.426
Karnataka,Mysuru,Rice,Kharif,129.81,920.1,32.7,6.95,90.5,3.25,8.336
Karnataka,Raichur,Chickpea,Rabi,93.31,761.2,27.2,6.52,208.7,2.68,3.429
Tamil Nadu,Thanjavur,Groundnut,Kharif,145.18,1596.9,25.8,6.7,89.9,1.5,6.596
Uttar Pradesh,Varanasi,Rice,Kharif,198.11,867.8,31.7,7.01,134.3,3.18,8.808
Odisha,Sambalpur,Barley,Rabi,15.72,1282.4,33.5,6.82,66.8,1.22,5.663
Assam,Nagaon,Maize,Kharif,24.92,1406.8,28.9,5.14,89.4,1.25,8.351
Karnataka,Dharwad,Wheat,Rabi,146.55,1079.4,29.4,7.02,79.8,2.02,7.119
Gujarat,Rajkot,Soybean,Kharif,143.97,620.9,30.5,8.04,119.7,1.32,4.293
Karnataka,Mysuru,Soybean,Kharif,286.51,714.7,24.2,6.67,142.1,5.72,5.882
Bihar,Gaya,Mustard,Rabi,218.98,874.9,33.4,6.55,169.8,0.1,5.074
Bihar,Patna,Chickpea,Rabi,119.99,775.8,32.6,5.34,113.1,1.31,2.564
Assam,Kamrup,Mustard,Rabi,194.03,2252.0,24.9,5.85,75.0,6.9,4.888
Uttar Pradesh,Agra,Maize,Kharif,103.53,868.2,31.8,6.73,242.0,2.05,10.716
Maharashtra,Pune,Rice,Kharif,716.01,830.1,26.3,6.14,198.6,2.27,9.78
Karnataka,Raichur,Mustard,Rabi,27.85,736.6,26.0,6.04,132.6,3.03,4.437
Gujarat,Ahmedabad,Wheat,Rabi,252.65,655.4,26.1,7.01,209.6,2.53,8.438
Odisha,Cuttack,Rice,Kharif,234.49,1295.0,28.9,6.1,135.5,6.07,11.224
Uttar Pradesh,Kanpur,Soybean,Kharif,380.27,948.7,31.5,6.88,151.0,2.07,5.471
Jharkhand,Dhanbad,Groundnut,Kharif,44.95,648.1,13.4,6.67,120.8,11.43,4.931
Gujarat,Ahmedabad,Wheat,Rabi,675.92,554.3,22.3,7.74,180.2,0.75,8.432
Uttar Pradesh,Varanasi,Groundnut,Kharif,60.92,989.0,23.0,7.25,191.6,4.39,7.143
Tamil Nadu,Coimbatore,Sugarcane,Whole Year,207.93,865.8,32.7,6.76,131.7,2.53,13.0
Gujarat,Rajkot,Maize,Kharif,67.08,882.6,27.3,7.89,147.3,4.79,8.761
Jharkhand,Hazaribag,Barley,Rabi,369.38,1228.8,27.6,6.12,114.4,0.75,6.73
West Bengal,Nadia,Sugarcane,Whole Year,468.7,1602.2,24.4,6.93,165.7,5.08,13.0
Punjab,Patiala,Rice,Kharif,63.11,551.4,35.2,7.23,215.6,6.83,8.658
West Bengal,Murshidabad,Mustard,Rabi,107.37,1186.3,37.6,7.56,80.4,1.01,4.348
Rajasthan,Jodhpur,Sugarcane,Whole Year,1.98,412.5,29.2,7.47,98.7,0.47,11.43
Maharashtra,Nashik,Barley,Rabi,54.21,1218.7,27.9,6.79,100.7,0.13,5.993
Karnataka,Raichur,Chickpea,Rabi,167.7,900.6,26.8,7.38,121.7,0.47,3.236
Haryana,Hisar,Maize,Kharif,1.82,452.3,28.4,7.73,147.0,0.34,6.677
Uttar Pradesh,Varanasi,Rice,Kharif,341.66,911.6,32.3,6.7,91.8,2.17,8.481
Odisha,Sambalpur,Rice,Kharif,33.36,1491.3,31.0,5.09,98.7,1.46,10.107
Karnataka,Raichur,Groundnut,Kharif,374.88,1006.1,32.4,5.96,127.2,4.29,6.2
Gujarat,Surat,Maize,Kharif,747.39,702.9,25.2,6.55,148.7,4.8,8.201
Andhra Pradesh,Kurnool,Maize,Kharif,172.42,1014.7,31.8,6.93,159.6,0.1,8.756
Uttar Pradesh,Varanasi,Chickpea,Rabi,96.16,913.9,22.1,7.52,182.8,1.8,3.777
Bihar,Muzaffarpur,Cotton,Kharif,77.35,1346.9,18.3,6.47,165.2,5.98,6.329
Rajasthan,Bikaner,Wheat,Rabi,123.82,205.2,28.1,8.62,20.0,1.12,3.828
Andhra Pradesh,Kurnool,Rice,Kharif,75.13,742.9,28.5,6.66,92.8,0.59,7.559
Maharashtra,Nagpur,Soybean,Kharif,0.73,895.3,22.6,6.12,179.4,1.77,5.935
Uttar Pradesh,Agra,Cotton,Kharif,169.5,820.0,31.9,6.59,188.7,5.07,5.534
Uttar Pradesh,Kanpur,Barley,Rabi,118.03,958.3,30.8,5.93,178.9,3.48,7.317
Karnataka,Raichur,Chickpea,Rabi,191.76,899.5,20.2,6.72,189.8,3.0,4.455
Bihar,Gaya,Barley,Rabi,219.95,993.3,32.4,6.44,119.7,4.56,6.259
Haryana,Hisar,Cotton,Kharif,150.38,442.0,31.9,7.22,214.3,5.36,5.101
Maharashtra,Nagpur,Rice,Kharif,122.12,1211.1,27.9,6.45,169.7,7.71,11.114
Madhya Pradesh,Indore,Chickpea,Rabi,158.85,802.9,25.9,6.6,108.5,0.78,3.321
Punjab,Patiala,Mustard,Rabi,62.65,688.0,20.7,7.31,196.2,2.04,5.496
Madhya Pradesh,Jabalpur,Rice,Kharif,123.03,1019.1,35.7,5.77,128.4,0.98,9.14
Haryana,Karnal,Soybean,Kharif,101.02,563.4,24.6,7.99,220.9,2.9,5.893
Uttar Pradesh,Varanasi,Barley,Rabi,467.1,890.0,26.1,6.46,153.2,4.53,7.011
Haryana,Rohtak,Wheat,Rabi,152.75,678.4,24.4,8.03,187.9,4.23,8.47
Gujarat,Ahmedabad,Cotton,Kharif,499.35,933.1,25.4,7.14,169.4,0.57,5.086
Jharkhand,Dhanbad,Rice,Kharif,40.84,1409.0,37.1,5.67,119.1,5.55,10.534
Jharkhand,Dhanbad,Cotton,Kharif,659.06,1041.3,26.1,5.65,60.8,1.92,4.184
Bihar,Gaya,Barley,Rabi,204.61,1206.6,20.1,7.57,153.1,1.4,7.658
Andhra Pradesh,Guntur,Maize,Kharif,335.17,919.7,28.6,6.76,203.9,3.62,10.167
Haryana,Karnal,Maize,Kharif,52.44,552.8,26.9,7.33,189.4,2.43,8.781
Karnataka,Raichur,Chickpea,Rabi,189.53,1035.7,28.6,6.97,138.2,2.86,3.772
West Bengal,Nadia,Barley,Rabi,120.83,1444.8,33.7,5.33,137.3,1.53,6.725
Uttar Pradesh,Varanasi,Mustard,Rabi,91.47,915.3,20.6,7.68,164.4,1.89,5.239
West Bengal,Nadia,Soybean,Kharif,195.09,1470.0,27.3,6.13,156.6,2.82,7.698
Haryana,Hisar,Maize,Kharif,37.04,436.8,23.9,7.65,223.0,0.26,8.364
Rajasthan,Jodhpur,Chickpea,Rabi,448.98,271.0,28.9,7.17,93.7,6.53,2.544
Tamil Nadu,Coimbatore,Barley,Rabi,184.19,978.4,27.1,5.93,67.8,0.4,5.456
Andhra Pradesh,Guntur,Maize,Kharif,52.15,802.1,30.9,6.3,155.7,3.64,8.531
Assam,Nagaon,Chickpea,Rabi,701.49,1572.1,25.1,4.89,108.3,0.97,3.906
Maharashtra,Pune,Rice,Kharif,365.2,967.7,40.7,6.5,126.7,5.02,8.839
Andhra Pradesh,Krishna,Groundnut,Kharif,167.59,800.3,32.0,6.45,120.2,7.63,5.894
Haryana,Hisar,Maize,Kharif,186.04,402.0,27.0,7.29,254.8,4.1,8.81
Maharashtra,Nagpur,Wheat,Rabi,16.31,954.6,28.8,6.89,190.5,0.46,8.672
Haryana,Karnal,Groundnut,Kharif,467.3,682.7,21.0,7.22,165.0,1.4,4.957
Odisha,Puri,Barley,Rabi,40.5,1339.4,24.9,6.25,87.7,2.9,6.797
Bihar,Gaya,Groundnut,Kharif,34.48,1003.9,29.0,6.8,48.3,10.77,5.23
Punjab,Ludhiana,Soybean,Kharif,300.62,563.7,32.5,6.96,232.4,0.94,5.598
Haryana,Karnal,Wheat,Rabi,170.5,602.2,24.9,7.58,161.3,9.84,7.894
Andhra Pradesh,Guntur,Groundnut,Kharif,487.27,981.8,25.4,6.3,129.1,7.06,6.213
Andhra Pradesh,Kurnool,Sugarcane,Whole Year,379.76,1145.3,39.5,6.42,140.2,7.62,13.0
Jharkhand,Hazaribag,Soybean,Kharif,60.07,1213.4,20.2,5.33,60.8,0.67,5.296
Rajasthan,Jodhpur,Soybean,Kharif,195.68,264.4,24.9,7.76,152.7,2.23,4.03
Maharashtra,Nagpur,Wheat,Rabi,630.74,1268.3,27.1,6.47,129.9,0.23,8.392
Madhya Pradesh,Indore,Barley,Rabi,42.57,740.8,23.3,7.55,99.2,2.07,5.661
Odisha,Cuttack,Mustard,Rabi,69.67,1343.4,24.3,5.62,137.9,1.14,5.84
Karnataka,Dharwad,Barley,Rabi,6.67,850.3,26.1,6.56,140.1,7.77,6.534
Assam,Jorhat,Maize,Kharif,231.73,2688.6,26.6,5.34,54.6,3.47,8.264
Maharashtra,Nashik,Wheat,Rabi,52.85,940.3,26.7,6.93,144.8,10.75,7.958
Punjab,Ludhiana,Chickpea,Rabi,415.85,656.6,20.4,7.62,222.6,1.05,4.412
Punjab,Ludhiana,Soybean,Kharif,19.08,615.7,26.6,7.8,249.2,6.69,6.004
Assam,Nagaon,Rice,Kharif,13.2,1801.9,18.9,6.55,90.3,1.27,10.59
Uttar Pradesh,Agra,Sugarcane,Whole Year,187.83,1027.5,18.8,6.84,175.2,1.65,13.0
Tamil Nadu,Coimbatore,Barley,Rabi,51.25,1241.4,29.7,7.31,98.8,0.75,6.225
West Bengal,Murshidabad,Mustard,Rabi,91.4,1801.6,28.2,7.84,173.8,1.79,5.951
Gujarat,Surat,Mustard,Rabi,369.26,757.3,27.9,7.71,101.2,5.22,4.546
Maharashtra,Nagpur,Wheat,Rabi,115.6,1044.9,31.5,6.93,131.8,6.47,8.139
Jharkhand,Hazaribag,Chickpea,Rabi,81.89,1263.1,28.1,5.94,100.4,2.25,3.555
Uttar Pradesh,Varanasi,Groundnut,Kharif,98.34,735.9,27.7,7.21,188.5,3.48,6.361
West Bengal,Murshidabad,Chickpea,Rabi,82.68,1705.7,26.3,7.04,103.3,1.23,3.756
Karnataka,Mysuru,Sugarcane,Whole Year,184.76,719.7,26.0,6.47,79.3,3.37,12.589
Punjab,Amritsar,Barley,Rabi,7.84,732.4,23.0,7.35,214.3,11.48,7.303
Madhya Pradesh,Bhopal,Barley,Rabi,385.2,1200.0,34.4,6.79,124.8,0.42,6.334
West Bengal,Nadia,Sugarcane,Whole Year,353.3,1325.5,27.1,5.47,138.8,1.56,13.0
Assam,Jorhat,Cotton,Kharif,0.9,1666.7,22.9,5.74,92.2,8.14,6.008
Madhya Pradesh,Jabalpur,Barley,Rabi,10.54,777.1,17.8,7.47,84.4,4.68,5.158
Gujarat,Surat,Sugarcane,Whole Year,280.56,652.6,33.7,7.48,211.6,1.35,13.0
Tamil Nadu,Coimbatore,Sugarcane,Whole Year,78.43,1184.7,27.8,7.09,174.7,2.02,13.0
Assam,Kamrup,Wheat,Rabi,409.01,2515.8,21.1,5.76,126.3,0.1,9.086
Jharkhand,Hazaribag,Maize,Kharif,16.88,1305.7,22.1,6.37,79.8,4.18,8.401
Bihar,Muzaffarpur,Chickpea,Rabi,27.23,769.3,13.4,6.53,136.2,2.41,3.571
Maharashtra,Nashik,Barley,Rabi,23.79,920.3,24.9,6.58,116.1,0.86,6.203
Uttar Pradesh,Varanasi,Soybean,Kharif,65.58,825.6,18.8,7.25,221.0,1.83,6.015
Punjab,Ludhiana,Sugarcane,Whole Year,1105.12,525.8,20.2,7.24,189.2,2.08,13.0
Maharashtra,Pune,Chickpea,Rabi,339.84,968.7,40.7,7.42,147.0,6.62,3.454
Madhya Pradesh,Bhopal,Barley,Rabi,77.04,663.1,26.8,7.19,94.0,2.16,5.049
Assam,Nagaon,Barley,Rabi,203.46,2475.2,22.5,6.02,41.7,3.9,6.27
Maharashtra,Pune,Chickpea,Rabi,18.31,834.9,30.2,6.4,178.0,1.86,3.296
West Bengal,Murshidabad,Chickpea,Rabi,123.97,1792.2,22.5,6.62,149.3,1.33,4.7
Andhra Pradesh,Krishna,Mustard,Rabi,554.65,928.2,32.3,7.3,156.8,5.93,5.821
Karnataka,Dharwad,Sugarcane,Whole Year,118.76,937.4,21.5,5.99,141.1,2.19,13.0
Haryana,Rohtak,Mustard,Rabi,184.67,447.9,16.1,7.5,243.3,1.25,5.212
Rajasthan,Bikaner,Cotton,Kharif,154.99,496.5,33.2,7.28,86.7,4.83,3.756
Odisha,Sambalpur,Groundnut,Kharif,498.07,1230.1,25.6,6.39,98.4,2.11,5.904
West Bengal,Burdwan,Wheat,Rabi,136.89,1586.4,27.2,6.72,165.1,1.34,9.696
Karnataka,Raichur,Soybean,Kharif,21.02,821.1,33.0,6.58,100.1,0.96,5.099
Assam,Kamrup,Barley,Rabi,27.08,2317.4,28.6,5.83,31.8,1.42,5.688
Rajasthan,Jaipur,Barley,Rabi,162.54,284.4,30.5,8.23,138.4,9.81,5.111
Rajasthan,Jodhpur,Groundnut,Kharif,0.71,313.4,24.8,7.97,74.8,2.19,3.902
Assam,Kamrup,Soybean,Kharif,578.89,2465.5,25.1,5.68,118.6,0.22,6.902
Jharkhand,Ranchi,Barley,Rabi,823.42,1033.1,29.7,6.16,28.7,5.62,5.053
Jharkhand,Ranchi,Sugarcane,Whole Year,116.01,976.9,26.0,5.43,63.1,2.18,13.0
Bihar,Muzaffarpur,Rice,Kharif,30.41,1131.3,26.9,7.52,185.3,15.4,10.947
Madhya Pradesh,Jabalpur,Maize,Kharif,242.48,1156.1,33.7,6.73,105.8,0.1,8.028
Gujarat,Ahmedabad,Maize,Kharif,15.31,632.7,21.3,6.91,151.8,0.11,7.573
Punjab,Ludhiana,Rice,Kharif,457.46,605.2,29.4,7.29,127.5,0.41,7.713
Punjab,Ludhiana,Rice,Kharif,295.46,650.2,28.5,7.28,244.1,1.22,9.625
Uttar Pradesh,Kanpur,Barley,Rabi,8.26,850.4,26.0,6.0,86.7,6.98,5.435
Bihar,Patna,Cotton,Kharif,78.94,1295.8,27.7,7.29,113.5,4.66,5.576
Gujarat,Rajkot,Sugarcane,Whole Year,515.16,857.7,31.9,7.68,130.6,1.22,13.0
Assam,Nagaon,Soybean,Kharif,22.04,1815.5,27.1,4.77,77.9,1.35,6.238
Rajasthan,Jodhpur,Maize,Kharif,237.46,565.1,25.3,7.5,85.7,1.75,6.145
Jharkhand,Hazaribag,Wheat,Rabi,0.72,1497.0,21.4,5.54,105.2,0.32,8.717
Rajasthan,Jaipur,Rice,Kharif,15.99,252.6,50.9,8.13,66.2,7.71,4.691
Assam,Kamrup,Chickpea,Rabi,88.15,2635.3,21.8,5.19,117.2,2.49,3.903
Assam,Nagaon,Chickpea,Rabi,209.97,2431.9,27.7,5.78,54.1,0.47,3.564
Andhra Pradesh,Kurnool,Sugarcane,Whole Year,191.62,912.4,23.9,6.11,115.8,0.27,13.0
Andhra Pradesh,Krishna,Barley,Rabi,54.23,953.0,29.2,6.25,67.2,3.49,5.001
Haryana,Hisar,Maize,Kharif,76.14,522.0,16.1,7.14,165.2,4.8,7.83
Punjab,Amritsar,Rice,Kharif,261.75,863.0,18.9,7.64,169.2,2.56,9.232
Madhya Pradesh,Indore,Wheat,Rabi,73.02,850.6,30.7,7.01,75.1,2.2,6.456
Odisha,Cuttack,Cotton,Kharif,53.35,1642.6,31.7,6.49,146.9,1.55,6.188
Haryana,Rohtak,Mustard,Rabi,83.49,525.9,19.2,7.02,177.7,2.68,4.66
Gujarat,Surat,Rice,Kharif,6.24,802.1,32.3,7.25,125.7,2.73,8.132
Punjab,Amritsar,Wheat,Rabi,54.64,633.8,15.4,6.75,244.9,6.06,9.546
West Bengal,Murshidabad,Cotton,Kharif,132.24,1320.1,24.3,5.63,137.9,2.78,5.579
Haryana,Rohtak,Cotton,Kharif,408.5,553.2,29.5,7.87,170.4,1.16,4.625
Tamil Nadu,Thanjavur,Mustard,Rabi,172.88,1022.6,28.3,6.69,210.6,0.6,5.898
Madhya Pradesh,Bhopal,Mustard,Rabi,50.64,969.5,21.5,6.63,109.8,7.12,5.041
West Bengal,Murshidabad,Soybean,Kharif,237.73,1757.3,29.5,4.93,186.6,11.35,7.379
West Bengal,Nadia,Soybean,Kharif,246.98,1676.8,30.4,6.35,137.5,1.62,7.697
Maharashtra,Nagpur,Mustard,Rabi,390.42,885.5,25.9,6.57,153.3,1.23,5.132
Madhya Pradesh,Jabalpur,Groundnut,Kharif,183.07,776.8,27.4,6.31,63.6,13.04,4.725
Maharashtra,Nashik,Cotton,Kharif,604.8,806.6,26.8,7.01,145.3,5.77,5.115
Bihar,Patna,Soybean,Kharif,94.49,974.9,22.9,7.49,128.3,0.69,5.123
Madhya Pradesh,Bhopal,Cotton,Kharif,353.42,482.1,15.3,7.0,91.9,5.6,2.973
Haryana,Rohtak,Cotton,Kharif,19.05,498.9,23.8,7.03,209.6,6.46,5.548
Haryana,Rohtak,Wheat,Rabi,397.44,521.8,32.9,7.76,173.3,3.42,7.513
Tamil Nadu,Madurai,Chickpea,Rabi,91.13,965.8,31.6,6.37,116.3,0.63,3.353
Punjab,Amritsar,Cotton,Kharif,59.39,636.1,25.0,7.06,179.8,6.97,5.047
Karnataka,Dharwad,Maize,Kharif,668.79,573.8,21.4,6.22,88.1,3.79,6.28
Andhra Pradesh,Kurnool,Rice,Kharif,50.49,941.1,26.7,6.39,125.3,3.42,8.642
Bihar,Muzaffarpur,Groundnut,Kharif,67.41,1321.5,30.3,6.29,112.6,9.46,6.34
Madhya Pradesh,Jabalpur,Groundnut,Kharif,85.4,853.6,27.9,6.36,161.9,2.1,6.022
Madhya Pradesh,Bhopal,Chickpea,Rabi,82.57,784.7,15.4,5.87,73.5,0.64,2.869
Rajasthan,Jaipur,Rice,Kharif,102.21,341.4,41.1,8.33,102.7,3.31,5.86
Uttar Pradesh,Agra,Sugarcane,Whole Year,204.76,904.3,23.6,7.44,156.7,2.18,13.0
Karnataka,Dharwad,Chickpea,Rabi,724.31,743.5,21.6,7.0,167.3,7.22,4.446
Bihar,Muzaffarpur,Wheat,Rabi,221.57,1092.3,28.6,7.13,118.2,0.62,7.818
Haryana,Rohtak,Groundnut,Kharif,207.42,491.9,31.7,7.19,198.5,1.07,5.567
Karnataka,Dharwad,Mustard,Rabi,147.91,851.1,32.0,7.55,156.0,0.36,4.641
Odisha,Puri,Groundnut,Kharif,9.33,1319.6,27.1,6.96,64.9,0.84,5.58
Jharkhand,Ranchi,Barley,Rabi,195.97,961.7,29.2,6.0,70.1,0.6,5.046
Odisha,Puri,Groundnut,Kharif,67.57,1308.1,26.9,6.2,79.8,3.21,6.236
Karnataka,Raichur,Mustard,Rabi,146.75,960.0,28.1,6.98,134.4,0.46,5.16
Rajasthan,Jaipur,Chickpea,Rabi,122.24,355.8,32.3,8.12,92.6,5.01,1.791
Rajasthan,Bikaner,Cotton,Kharif,35.39,358.2,29.9,8.21,74.7,1.49,3.416
Odisha,Cuttack,Rice,Kharif,129.53,1472.2,29.9,6.93,96.8,1.63,10.313
Punjab,Patiala,Sugarcane,Whole Year,85.54,681.1,26.6,6.63,216.0,0.63,13.0
Haryana,Rohtak,Cotton,Kharif,26.22,526.9,25.3,8.16,163.6,8.9,4.748
Madhya Pradesh,Jabalpur,Barley,Rabi,209.04,719.6,27.6,7.34,138.5,1.06,6.005
West Bengal,Nadia,Cotton,Kharif,842.97,1581.2,32.6,6.3,104.5,1.57,6.039
Punjab,Amritsar,Cotton,Kharif,71.48,809.4,22.1,7.2,230.8,1.71,5.824
Odisha,Sambalpur,Mustard,Rabi,90.4,1358.0,34.6,6.19,49.1,1.44,4.507
Bihar,Muzaffarpur,Sugarcane,Whole Year,96.08,778.4,20.2,6.74,135.5,7.66,13.0
Jharkhand,Hazaribag,Mustard,Rabi,47.65,1377.4,16.8,5.7,122.6,0.35,5.255
Madhya Pradesh,Indore,Barley,Rabi,133.4,768.2,17.0,6.82,120.1,0.76,6.076
Bihar,Gaya,Wheat,Rabi,212.03,883.9,27.9,6.8,88.3,2.23,7.245
Gujarat,Ahmedabad,Chickpea,Rabi,231.88,682.8,30.0,7.79,117.9,3.03,3.286
Karnataka,Raichur,Sugarcane,Whole Year,138.74,1159.3,23.3,7.63,164.7,0.33,13.0
Rajasthan,Jodhpur,Groundnut,Kharif,517.08,469.8,27.3,7.8,39.7,0.62,3.546
Madhya Pradesh,Bhopal,Groundnut,Kharif,3.2,768.3,32.8,7.0,126.5,1.53,5.038
Punjab,Amritsar,Chickpea,Rabi,5.32,475.8,26.2,7.44,190.8,2.65,3.034
Maharashtra,Pune,Wheat,Rabi,325.25,739.2,25.4,6.28,43.8,9.15,6.529
Maharashtra,Nagpur,Mustard,Rabi,382.16,794.5,30.2,7.24,152.2,3.05,5.378
Jharkhand,Ranchi,Wheat,Rabi,16.34,1367.2,18.8,6.79,130.9,3.6,9.618
Assam,Jorhat,Soybean,Kharif,355.63,1369.9,27.2,4.82,105.6,1.69,6.798
Uttar Pradesh,Agra,Groundnut,Kharif,0.3,830.8,15.3,7.2,217.0,5.2,5.837
Uttar Pradesh,Varanasi,Sugarcane,Whole Year,164.48,923.7,34.0,7.58,192.7,2.49,13.0
Gujarat,Surat,Cotton,Kharif,39.73,717.5,41.7,7.08,102.5,2.2,3.837
Haryana,Hisar,Soybean,Kharif,128.07,597.1,21.5,7.68,177.0,6.61,5.134
Jharkhand,Ranchi,Maize,Kharif,38.84,836.1,27.7,6.64,127.7,3.71,7.971
Bihar,Patna,Wheat,Rabi,91.62,1184.5,28.5,6.68,161.1,6.32,9.413
Punjab,Ludhiana,Chickpea,Rabi,78.68,599.6,23.4,6.77,172.4,1.72,3.404
Odisha,Sambalpur,Maize,Kharif,471.07,1419.1,30.1,6.95,180.7,1.19,10.758
Gujarat,Surat,Sugarcane,Whole Year,77.63,795.1,33.7,7.17,184.9,0.79,13.0
Rajasthan,Jodhpur,Cotton,Kharif,646.25,279.9,37.0,7.45,112.9,0.92,3.471
Tamil Nadu,Thanjavur,Barley,Rabi,450.33,1048.1,28.4,6.13,149.0,9.01,7.096
Andhra Pradesh,Kurnool,Barley,Rabi,64.06,899.8,30.2,6.76,94.0,10.11,5.773
Assam,Jorhat,Wheat,Rabi,181.56,2547.4,25.1,5.9,38.1,5.03,7.351
Madhya Pradesh,Jabalpur,Rice,Kharif,146.7,1338.9,34.6,6.81,86.7,1.92,9.96
Tamil Nadu,Thanjavur,Sugarcane,Whole Year,658.67,1199.1,24.7,6.83,142.1,8.53,13.0
Madhya Pradesh,Jabalpur,Barley,Rabi,12.09,508.2,18.9,6.64,140.3,2.42,6.016
Assam,Nagaon,Cotton,Kharif,61.58,1591.9,29.7,6.09,20.0,1.54,4.748
Uttar Pradesh,Varanasi,Wheat,Rabi,17.85,805.7,33.1,6.99,241.3,6.05,9.547
West Bengal,Nadia,Groundnut,Kharif,27.77,1308.3,28.9,6.91,177.5,3.64,6.978
Gujarat,Ahmedabad,Groundnut,Kharif,353.75,931.2,17.5,7.63,114.2,8.32,4.774
Assam,Kamrup,Rice,Kharif,24.19,2381.0,30.1,6.23,58.4,5.68,9.754
Uttar Pradesh,Kanpur,Sugarcane,Whole Year,0.3,696.6,25.7,6.82,134.7,1.13,13.0
Karnataka,Dharwad,Cotton,Kharif,312.31,1132.1,30.0,5.5,108.9,6.61,5.201
Uttar Pradesh,Agra,Groundnut,Kharif,269.04,932.0,33.6,7.54,159.7,0.62,5.695
Maharashtra,Pune,Mustard,Rabi,402.54,1363.0,32.6,6.89,167.4,0.92,5.91
Tamil Nadu,Madurai,Chickpea,Rabi,37.67,886.5,25.7,7.0,205.9,4.67,4.291
Maharashtra,Pune,Mustard,Rabi,185.28,760.3,23.8,6.57,50.5,1.22,3.936
Andhra Pradesh,Krishna,Mustard,Rabi,70.58,811.6,25.2,7.43,188.6,10.31,5.94
Jharkhand,Dhanbad,Rice,Kharif,450.78,999.7,24.2,5.76,111.0,9.01,8.952
Odisha,Cuttack,Sugarcane,Whole Year,281.22,1570.9,25.8,6.88,111.8,3.1,13.0
Tamil Nadu,Thanjavur,Rice,Kharif,843.91,1050.0,28.5,5.77,167.9,1.05,9.959
Karnataka,Dharwad,Chickpea,Rabi,174.81,1015.6,26.9,7.17,129.5,1.94,3.663
Maharashtra,Pune,Wheat,Rabi,281.13,1210.9,37.0,7.54,151.5,7.64,8.434
Bihar,Muzaffarpur,Mustard,Rabi,138.54,973.0,28.8,7.26,113.5,6.42,4.741
Haryana,Karnal,Wheat,Rabi,720.15,408.7,22.4,7.66,178.4,4.75,8.201
Uttar Pradesh,Varanasi,Mustard,Rabi,56.38,896.1,26.1,7.2,123.2,0.74,4.214
Maharashtra,Nagpur,Cotton,Kharif,24.89,757.8,23.1,6.58,128.6,1.45,4.324
Andhra Pradesh,Guntur,Cotton,Kharif,252.58,1161.4,22.8,7.44,149.0,0.16,5.325
West Bengal,Murshidabad,Maize,Kharif,46.72,1441.9,28.3,5.53,184.9,0.87,10.571
Rajasthan,Bikaner,Cotton,Kharif,31.32,364.2,19.4,7.18,111.6,2.65,3.237
West Bengal,Nadia,Wheat,Rabi,25.65,2024.9,23.1,5.99,126.0,2.15,9.14
Assam,Kamrup,Barley,Rabi,36.7,2355.9,22.2,5.73,91.4,6.29,6.817
West Bengal,Murshidabad,Wheat,Rabi,160.74,1983.0,23.5,6.52,176.6,9.43,9.908
Uttar Pradesh,Varanasi,Chickpea,Rabi,33.53,706.0,20.4,6.78,164.6,0.1,3.41
Karnataka,Dharwad,Cotton,Kharif,81.97,1375.7,32.3,7.53,163.8,2.75,6.259
Gujarat,Ahmedabad,Wheat,Rabi,35.95,603.5,24.7,7.41,242.2,8.35,9.578
Andhra Pradesh,Kurnool,Wheat,Rabi,570.59,918.6,31.9,6.62,89.0,2.66,7.426
Jharkhand,Dhanbad,Rice,Kharif,491.92,795.7,28.9,5.7,118.0,6.78,8.999
Rajasthan,Bikaner,Mustard,Rabi,31.97,382.5,31.6,7.59,98.3,1.8,3.319
Bihar,Muzaffarpur,Groundnut,Kharif,36.63,981.3,14.3,6.76,115.2,1.13,5.437
Odisha,Puri,Cotton,Kharif,8.38,758.7,32.9,6.18,201.9,0.74,5.311
Andhra Pradesh,Krishna,Wheat,Rabi,84.75,611.1,32.7,6.99,176.6,2.35,7.289
Jharkhand,Hazaribag,Barley,Rabi,549.95,1457.2,21.9,5.13,107.6,2.9,7.435
Uttar Pradesh,Kanpur,Soybean,Kharif,39.58,733.6,30.7,6.31,187.4,3.42,5.837
Punjab,Ludhiana,Groundnut,Kharif,1236.32,530.4,22.3,6.81,244.6,1.34,6.549
Gujarat,Ahmedabad,Mustard,Rabi,312.51,670.1,28.6,7.35,71.9,12.39,3.763
Karnataka,Dharwad,Barley,Rabi,390.82,869.0,22.5,7.71,137.3,4.18,6.45
West Bengal,Burdwan,Soybean,Kharif,49.1,1325.9,31.6,6.26,147.4,4.53,7.178
West Bengal,Nadia,Soybean,Kharif,329.48,1754.9,29.5,6.25,128.7,0.12,6.98
Gujarat,Surat,Barley,Rabi,332.82,524.3,38.1,7.04,196.1,0.4,5.838
Tamil Nadu,Coimbatore,Mustard,Rabi,103.12,1420.1,30.0,7.93,159.9,2.93,6.247
Haryana,Rohtak,Cotton,Kharif,78.56,625.9,26.1,6.86,176.2,1.49,4.589
Maharashtra,Pune,Wheat,Rabi,82.78,1043.9,33.3,6.8,134.9,3.52,7.859
Madhya Pradesh,Jabalpur,Maize,Kharif,67.12,902.3,40.4,6.81,103.1,0.21,7.1
Assam,Nagaon,Mustard,Rabi,99.59,2328.0,20.6,5.55,66.5,10.16,5.483
Assam,Jorhat,Maize,Kharif,113.52,1771.0,22.8,5.59,100.0,1.13,9.059
Madhya Pradesh,Bhopal,Chickpea,Rabi,295.32,1228.5,33.1,6.76,76.4,0.53,3.572
Haryana,Hisar,Mustard,Rabi,38.41,667.9,32.3,7.32,243.4,6.32,5.746
Madhya Pradesh,Jabalpur,Mustard,Rabi,3.53,976.1,21.7,6.86,110.4,0.38,4.884
Tamil Nadu,Madurai,Maize,Kharif,68.26,966.2,34.2,6.82,193.3,0.75,9.05
Madhya Pradesh,Bhopal,Sugarcane,Whole Year,135.77,1111.2,29.6,6.66,86.5,1.76,13.0
Assam,Jorhat,Mustard,Rabi,92.87,2152.8,28.6,6.66,97.2,0.39,5.6
Punjab,Amritsar,Maize,Kharif,216.75,728.3,21.2,7.99,140.5,2.33,7.5
Maharashtra,Nagpur,Wheat,Rabi,59.92,1150.3,26.0,6.92,140.4,5.71,8.389
Gujarat,Rajkot,Soybean,Kharif,33.75,604.5,37.8,6.66,193.3,6.78,4.951
Punjab,Patiala,Soybean,Kharif,67.07,831.5,19.9,6.86,211.2,1.25,5.569
Gujarat,Rajkot,Barley,Rabi,518.3,579.3,20.2,7.12,188.9,1.28,6.742
Assam,Jorhat,Maize,Kharif,233.3,2358.1,32.2,4.99,112.6,1.36,9.067
Gujarat,Rajkot,Rice,Kharif,103.78,582.5,25.5,6.93,157.6,4.35,8.08
Maharashtra,Nagpur,Barley,Rabi,13.64,1218.8,33.6,6.62,166.2,1.85,6.679
Assam,Kamrup,Chickpea,Rabi,525.51,2711.5,34.6,6.15,84.6,9.67,3.838
Karnataka,Raichur,Maize,Kharif,28.19,1050.5,24.1,6.58,104.8,0.89,7.508
Jharkhand,Hazaribag,Barley,Rabi,599.33,1206.7,27.2,6.72,93.1,1.91,6.426
West Bengal,Murshidabad,Wheat,Rabi,706.92,1915.6,32.3,6.42,139.2,2.47,9.835
Haryana,Hisar,Cotton,Kharif,80.13,572.6,32.6,7.34,171.7,3.62,4.738
Assam,Kamrup,Maize,Kharif,233.46,1544.0,25.7,5.64,113.4,2.24,9.771
Haryana,Karnal,Chickpea,Rabi,137.98,395.6,23.6,7.54,169.5,3.23,3.182
Odisha,Sambalpur,Chickpea,Rabi,159.63,1182.0,29.7,6.41,129.1,7.09,4.086
Jharkhand,Dhanbad,Cotton,Kharif,42.14,1347.4,29.3,5.12,53.6,0.7,4.599
Haryana,Hisar,Sugarcane,Whole Year,13.68,446.3,29.5,7.81,234.9,1.31,13.0
Punjab,Patiala,Rice,Kharif,104.91,631.6,17.6,6.88,273.2,2.41,9.913
Madhya Pradesh,Jabalpur,Maize,Kharif,799.62,1134.0,33.9,6.49,146.0,0.69,9.192
Odisha,Puri,Mustard,Rabi,112.56,1199.1,18.1,6.19,39.5,0.49,3.992
Uttar Pradesh,Varanasi,Wheat,Rabi,31.84,335.9,30.4,6.18,120.4,6.02,6.658
Assam,Jorhat,Sugarcane,Whole Year,44.8,1671.8,24.9,5.96,63.3,3.66,13.0
Maharashtra,Pune,Rice,Kharif,159.61,899.8,24.8,7.8,151.4,1.04,8.948
Haryana,Rohtak,Sugarcane,Whole Year,40.35,598.9,25.3,7.53,178.8,0.82,13.0
Bihar,Gaya,Barley,Rabi,163.78,1056.0,31.3,6.59,134.5,1.61,6.687
Maharashtra,Nagpur,Soybean,Kharif,229.5,1130.2,25.6,7.08,51.0,4.14,5.776
Madhya Pradesh,Jabalpur,Barley,Rabi,280.59,1115.6,22.8,6.65,148.9,1.75,6.957
Tamil Nadu,Coimbatore,Mustard,Rabi,347.67,1167.7,31.6,5.25,187.8,0.86,5.754
Uttar Pradesh,Varanasi,Chickpea,Rabi,7.55,516.1,22.7,6.86,174.1,2.05,3.269
Tamil Nadu,Thanjavur,Maize,Kharif,360.78,762.2,33.1,6.49,167.0,0.19,8.096
Tamil Nadu,Madurai,Maize,Kharif,365.52,972.1,29.8,6.51,139.1,3.2,9.053
Haryana,Rohtak,Chickpea,Rabi,129.28,515.7,19.0,7.07,239.6,1.27,4.055
Jharkhand,Ranchi,Soybean,Kharif,184.48,1451.8,17.1,4.58,126.9,3.35,5.787
Haryana,Karnal,Sugarcane,Whole Year,30.6,654.3,19.1,8.39,193.8,1.78,13.0
Maharashtra,Nagpur,Wheat,Rabi,147.22,1386.7,24.3,7.17,99.2,6.92,8.725
Maharashtra,Nashik,Rice,Kharif,24.21,1241.5,30.7,7.42,73.7,3.27,9.655
Andhra Pradesh,Guntur,Mustard,Rabi,86.06,881.5,30.5,6.45,124.0,3.56,4.728
Maharashtra,Nashik,Groundnut,Kharif,139.15,744.8,30.6,7.07,128.8,3.94,5.582
Andhra Pradesh,Kurnool,Maize,Kharif,241.24,607.6,33.5,7.55,124.3,0.1,6.908
Gujarat,Rajkot,Cotton,Kharif,299.86,884.4,37.4,7.05,212.1,1.04,5.497
Bihar,Gaya,Chickpea,Rabi,284.73,699.3,21.2,6.25,104.4,0.32,3.216
Tamil Nadu,Coimbatore,Chickpea,Rabi,16.84,1045.2,31.0,5.88,190.8,0.42,3.774
Assam,Nagaon,Groundnut,Kharif,358.14,2340.6,29.4,5.77,115.4,4.95,7.203
Gujarat,Rajkot,Barley,Rabi,139.96,549.1,24.4,7.0,229.8,0.71,6.872
Haryana,Karnal,Barley,Rabi,108.42,690.0,25.4,7.41,138.3,1.85,6.055
Karnataka,Mysuru,Maize,Kharif,224.03,585.9,25.3,6.78,96.8,1.82,6.359
Madhya Pradesh,Indore,Cotton,Kharif,47.46,677.3,32.0,6.83,210.2,0.25,5.387
Bihar,Gaya,Maize,Kharif,198.23,921.4,29.2,6.63,89.0,1.06,7.64
Gujarat,Ahmedabad,Soybean,Kharif,460.82,553.6,29.7,7.66,140.1,4.58,5.074
Andhra Pradesh,Kurnool,Chickpea,Rabi,269.47,933.6,19.7,7.03,118.4,0.51,3.766
Rajasthan,Jodhpur,Groundnut,Kharif,356.2,360.2,23.1,8.37,20.0,9.61,2.693
Uttar Pradesh,Varanasi,Barley,Rabi,113.69,669.9,32.1,7.38,100.6,0.93,4.729
Rajasthan,Bikaner,Soybean,Kharif,114.28,406.9,15.1,7.59,73.5,2.89,3.135
Karnataka,Raichur,Sugarcane,Whole Year,434.62,991.6,19.1,6.06,156.9,0.33,13.0
Odisha,Puri,Maize,Kharif,22.8,1445.5,27.6,5.72,127.2,6.79,9.987
Jharkhand,Dhanbad,Rice,Kharif,13.62,1165.2,27.9,5.75,91.2,0.99,9.259
Assam,Kamrup,Maize,Kharif,77.45,1925.2,25.4,5.9,78.7,6.79,9.136
Odisha,Cuttack,Maize,Kharif,85.05,1066.9,27.7,5.35,145.3,2.9,9.211
Uttar Pradesh,Varanasi,Soybean,Kharif,375.37,996.1,29.5,6.41,76.5,2.44,6.089
Jharkhand,Hazaribag,Mustard,Rabi,167.26,1078.8,18.3,5.72,83.5,0.26,4.573
Andhra Pradesh,Krishna,Rice,Kharif,257.31,1076.3,25.7,5.96,183.5,9.34,10.451
West Bengal,Burdwan,Soybean,Kharif,526.26,1460.5,30.4,5.77,147.4,1.95,7.236
Gujarat,Ahmedabad,Groundnut,Kharif,9.72,776.3,23.7,7.02,102.6,3.42,4.495
Jharkhand,Dhanbad,Soybean,Kharif,85.61,1129.2,33.0,5.2,123.3,4.56,5.632
Andhra Pradesh,Guntur,Mustard,Rabi,43.62,1079.4,26.5,7.15,108.5,0.91,4.64
Madhya Pradesh,Jabalpur,Wheat,Rabi,108.86,1088.6,22.0,6.53,122.6,5.11,8.923
West Bengal,Nadia,Chickpea,Rabi,629.87,1418.7,28.4,7.33,87.0,1.38,3.841
Rajasthan,Jodhpur,Barley,Rabi,16.97,386.8,38.6,7.35,107.4,0.22,4.418
Gujarat,Ahmedabad,Sugarcane,Whole Year,283.75,643.6,27.7,7.31,169.1,1.39,13.0
Andhra Pradesh,Krishna,Groundnut,Kharif,310.15,922.4,19.8,6.79,231.7,0.71,6.675
Punjab,Ludhiana,Groundnut,Kharif,21.71,423.3,21.7,7.49,168.2,0.11,4.636
Assam,Jorhat,Chickpea,Rabi,507.58,2217.4,26.8,5.1,79.7,3.18,3.987
West Bengal,Murshidabad,Sugarcane,Whole Year,257.32,1275.0,24.7,5.24,141.2,3.62,13.0
Assam,Nagaon,Chickpea,Rabi,5.34,1958.3,20.1,4.96,54.2,0.25,3.467
Punjab,Ludhiana,Groundnut,Kharif,62.77,490.0,13.7,6.58,234.5,2.41,5.854
Gujarat,Ahmedabad,Barley,Rabi,108.19,935.2,29.4,7.05,166.0,2.14,6.668
Odisha,Sambalpur,Wheat,Rabi,48.17,1690.4,33.8,6.55,92.4,0.26,8.006
Rajasthan,Jodhpur,Barley,Rabi,190.36,309.2,19.4,7.2,150.8,1.45,5.969
Madhya Pradesh,Bhopal,Cotton,Kharif,203.47,844.9,22.9,7.41,113.8,18.0,4.524
Tamil Nadu,Madurai,Maize,Kharif,145.99,1211.9,33.2,7.11,205.4,2.97,10.697
Madhya Pradesh,Bhopal,Wheat,Rabi,122.24,795.1,27.9,7.19,149.5,0.1,7.406
Uttar Pradesh,Kanpur,Groundnut,Kharif,48.18,560.3,23.8,7.18,210.8,3.43,5.726
Assam,Jorhat,Sugarcane,Whole Year,11.34,2165.8,20.6,6.35,136.0,1.04,13.0
Uttar Pradesh,Kanpur,Sugarcane,Whole Year,18.25,1092.4,32.2,7.54,186.9,3.12,13.0
Uttar Pradesh,Kanpur,Maize,Kharif,260.6,769.1,17.1,7.32,142.5,2.16,7.958
West Bengal,Nadia,Wheat,Rabi,31.66,1630.7,35.8,6.71,155.8,0.56,8.974
Maharashtra,Pune,Barley,Rabi,466.37,632.6,28.8,7.16,180.4,1.0,6.402
Assam,Nagaon,Rice,Kharif,331.71,2387.1,28.2,5.84,113.7,1.19,11.133
Rajasthan,Jaipur,Chickpea,Rabi,233.99,376.0,34.7,8.17,86.3,2.21,1.859
Karnataka,Mysuru,Wheat,Rabi,39.38,803.1,21.6,7.58,87.7,6.15,7.376
Odisha,Cuttack,Groundnut,Kharif,209.22,1773.5,30.2,6.34,80.1,0.85,6.072
Tamil Nadu,Coimbatore,Wheat,Rabi,590.68,1178.4,31.7,6.63,163.5,0.1,8.846
Madhya Pradesh,Bhopal,Barley,Rabi,272.13,883.4,27.8,7.37,99.7,0.24,5.434
Tamil Nadu,Coimbatore,Wheat,Rabi,842.26,1147.6,30.1,6.27,195.3,4.02,10.22
Assam,Kamrup,Wheat,Rabi,31.97,1961.7,24.7,6.27,42.4,3.25,7.978
Punjab,Patiala,Barley,Rabi,254.58,688.8,20.6,7.12,201.2,1.07,7.158
Uttar Pradesh,Varanasi,Mustard,Rabi,2.53,942.3,22.4,7.11,144.0,4.6,5.36
Madhya Pradesh,Indore,Groundnut,Kharif,327.39,646.0,26.2,7.24,176.0,0.87,5.523
Madhya Pradesh,Jabalpur,Chickpea,Rabi,90.75,911.0,21.8,6.87,106.7,13.38,3.917
Odisha,Puri,Rice,Kharif,268.74,1305.2,34.2,5.17,133.2,1.4,10.327
Haryana,Karnal,Maize,Kharif,357.56,414.8,20.6,7.23,192.5,10.05,8.093
Andhra Pradesh,Guntur,Barley,Rabi,140.67,1004.2,33.6,6.47,218.1,2.99,7.587
Haryana,Rohtak,Barley,Rabi,81.03,602.9,27.1,6.83,204.1,8.08,6.788
Haryana,Karnal,Cotton,Kharif,80.68,549.5,19.7,7.54,235.7,3.08,5.301
Andhra Pradesh,Guntur,Groundnut,Kharif,274.82,1206.1,32.5,6.56,182.1,0.96,6.857
Haryana,Karnal,Sugarcane,Whole Year,24.57,631.3,20.1,6.84,225.3,2.27,13.0
Punjab,Amritsar,Rice,Kharif,209.2,664.6,23.2,7.19,223.3,5.8,9.835
Haryana,Hisar,Mustard,Rabi,154.45,508.7,23.1,7.46,206.0,2.95,5.541
Jharkhand,Hazaribag,Barley,Rabi,285.92,1113.2,34.1,5.59,137.1,2.61,6.338
Bihar,Patna,Wheat,Rabi,70.19,1135.0,31.3,7.17,52.3,1.05,6.688
West Bengal,Nadia,Soybean,Kharif,142.87,1378.2,25.0,6.65,116.8,1.7,6.7
Haryana,Hisar,Mustard,Rabi,0.3,599.6,25.7,6.54,166.9,1.02,4.612
Assam,Nagaon,Groundnut,Kharif,148.31,2348.3,22.5,5.89,70.2,5.93,6.204
Uttar Pradesh,Agra,Soybean,Kharif,671.83,681.8,23.8,7.01,180.1,1.0,5.578
Madhya Pradesh,Jabalpur,Cotton,Kharif,439.13,706.6,31.2,7.81,208.8,7.92,5.718
Rajasthan,Jaipur,Cotton,Kharif,86.96,348.8,27.2,7.79,47.5,9.16,3.33
Karnataka,Dharwad,Maize,Kharif,154.58,1012.8,30.9,5.46,167.0,4.81,9.558
Odisha,Puri,Rice,Kharif,300.95,1631.3,31.2,5.87,132.3,6.05,11.147
Haryana,Rohtak,Rice,Kharif,40.69,552.1,19.4,6.75,215.5,0.78,8.491
Madhya Pradesh,Indore,Cotton,Kharif,34.49,820.6,32.3,6.43,117.3,1.27,4.511
Maharashtra,Nashik,Wheat,Rabi,275.56,1098.4,28.5,6.7,182.2,2.56,9.693
Andhra Pradesh,Kurnool,Rice,Kharif,768.68,1189.3,26.1,7.16,189.2,7.31,11.63
Karnataka,Raichur,Maize,Kharif,64.07,838.3,27.4,7.06,132.9,0.18,7.569
Haryana,Rohtak,Sugarcane,Whole Year,196.12,618.4,18.6,6.98,153.8,0.89,12.597
Rajasthan,Bikaner,Wheat,Rabi,7.2,405.7,29.3,8.37,93.7,1.99,5.591
Assam,Kamrup,Mustard,Rabi,22.86,2345.7,26.7,6.18,146.2,2.1,6.002
Jharkhand,Dhanbad,Groundnut,Kharif,66.07,1056.6,19.8,5.51,137.7,1.04,5.317
Assam,Jorhat,Maize,Kharif,143.67,2053.0,19.9,5.22,44.4,1.75,8.31
Karnataka,Mysuru,Sugarcane,Whole Year,271.47,776.0,35.8,8.01,125.5,4.58,13.0
Haryana,Karnal,Chickpea,Rabi,235.43,475.6,12.0,6.86,203.1,0.16,3.011
Jharkhand,Hazaribag,Maize,Kharif,138.13,1477.8,24.6,4.93,100.4,6.51,9.318
Jharkhand,Hazaribag,Wheat,Rabi,154.31,1194.6,29.9,7.39,84.9,2.8,7.792
Assam,Jorhat,Cotton,Kharif,212.4,2818.0,36.6,4.62,85.2,3.75,5.401
Uttar Pradesh,Varanasi,Maize,Kharif,19.48,693.0,23.9,6.62,115.6,2.83,7.128
Tamil Nadu,Madurai,Cotton,Kharif,564.46,848.3,28.8,6.59,177.0,3.06,5.355
Karnataka,Mysuru,Maize,Kharif,297.33,1008.7,29.0,5.76,99.5,4.82,8.499
Haryana,Hisar,Barley,Rabi,195.83,571.7,20.9,7.54,180.4,2.31,6.283
Assam,Nagaon,Maize,Kharif,286.93,1941.9,28.7,5.46,102.1,0.51,9.355
Punjab,Amritsar,Sugarcane,Whole Year,39.1,607.1,23.8,7.21,182.8,0.18,13.0
Karnataka,Raichur,Mustard,Rabi,121.79,824.4,30.8,6.08,123.6,7.55,4.615
Madhya Pradesh,Jabalpur,Rice,Kharif,87.1,900.4,24.8,6.64,127.5,3.66,8.94
Karnataka,Mysuru,Maize,Kharif,337.8,728.0,22.1,6.99,100.2,9.6,7.324
Punjab,Amritsar,Sugarcane,Whole Year,314.13,729.0,22.8,7.32,173.1,1.13,13.0
Gujarat,Surat,Wheat,Rabi,156.98,824.4,21.8,7.07,142.7,7.52,8.102
Punjab,Ludhiana,Barley,Rabi,840.21,539.2,18.8,7.46,179.4,2.68,6.811
Assam,Kamrup,Groundnut,Kharif,74.1,2112.2,30.6,5.29,93.5,3.09,6.629
West Bengal,Burdwan,Mustard,Rabi,138.15,1290.8,31.3,5.52,121.3,5.92,5.449
Uttar Pradesh,Varanasi,Maize,Kharif,659.85,543.9,27.0,6.32,152.0,1.81,7.246
Tamil Nadu,Madurai,Barley,Rabi,282.62,852.5,31.7,6.12,165.0,4.54,7.298
Uttar Pradesh,Varanasi,Wheat,Rabi,57.89,851.1,29.7,6.94,197.1,4.55,8.546
Tamil Nadu,Madurai,Wheat,Rabi,67.39,781.6,30.4,5.41,175.8,3.09,8.012
Madhya Pradesh,Bhopal,Mustard,Rabi,67.72,982.6,18.3,7.65,99.8,3.7,4.546
Assam,Jorhat,Cotton,Kharif,131.64,2513.9,28.5,5.26,125.0,0.93,5.91
Rajasthan,Bikaner,Maize,Kharif,163.56,512.9,25.0,8.08,61.5,1.28,5.51
Odisha,Sambalpur,Maize,Kharif,60.03,1428.5,30.9,5.62,87.1,5.82,9.04
Bihar,Patna,Groundnut,Kharif,180.84,819.3,28.1,7.4,165.8,0.1,5.999
Jharkhand,Hazaribag,Chickpea,Rabi,35.97,999.0,26.4,5.33,77.3,2.21,3.056
Jharkhand,Ranchi,Wheat,Rabi,217.78,1273.6,27.4,6.14,122.3,1.13,8.389
Jharkhand,Hazaribag,Barley,Rabi,295.67,1274.5,34.7,6.59,96.4,1.6,6.703
Rajasthan,Bikaner,Maize,Kharif,80.54,347.2,33.5,7.64,139.0,1.05,6.456
Rajasthan,Jodhpur,Soybean,Kharif,47.09,244.8,33.0,8.6,64.1,2.31,2.86
Bihar,Muzaffarpur,Rice,Kharif,76.32,1125.2,24.0,6.71,192.1,0.36,10.87
Haryana,Rohtak,Chickpea,Rabi,291.64,644.5,29.6,6.36,203.7,4.49,3.957
Rajasthan,Jodhpur,Soybean,Kharif,144.04,354.3,17.2,8.29,121.6,3.35,3.225
Punjab,Ludhiana,Cotton,Kharif,421.53,585.0,24.4,6.92,170.1,0.72,4.562
Odisha,Sambalpur,Sugarcane,Whole Year,186.12,1387.8,21.4,6.65,146.9,4.95,13.0
Uttar Pradesh,Kanpur,Chickpea,Rabi,274.08,1007.4,27.0,6.86,142.0,2.19,4.243
Rajasthan,Bikaner,Sugarcane,Whole Year,8.24,519.6,30.5,7.5,89.5,8.08,11.851
Odisha,Sambalpur,Groundnut,Kharif,201.45,1187.9,31.8,6.32,85.3,7.2,5.709
Punjab,Amritsar,Maize,Kharif,221.24,526.0,30.4,6.09,236.5,1.8,9.089
Haryana,Karnal,Rice,Kharif,252.38,536.9,25.6,7.84,184.0,0.7,7.98
Gujarat,Ahmedabad,Mustard,Rabi,220.26,976.1,38.6,6.8,200.0,3.13,5.332
Tamil Nadu,Thanjavur,Maize,Kharif,266.82,1466.7,24.8,7.04,129.8,4.69,10.007
Rajasthan,Jodhpur,Maize,Kharif,57.34,421.4,16.8,8.51,80.8,2.2,5.237
Karnataka,Raichur,Chickpea,Rabi,395.06,957.8,30.0,7.11,144.0,0.9,3.519
Punjab,Amritsar,Maize,Kharif,346.8,701.1,22.2,7.42,203.7,6.24,9.103
Maharashtra,Nashik,Groundnut,Kharif,158.0,1244.9,29.9,6.65,136.8,7.2,6.609
Bihar,Patna,Soybean,Kharif,310.49,1072.1,34.2,7.24,209.2,5.84,7.04
Andhra Pradesh,Kurnool,Soybean,Kharif,36.19,1060.1,30.4,7.11,162.5,4.29,6.185
Uttar Pradesh,Varanasi,Soybean,Kharif,164.13,771.2,24.8,7.53,156.2,5.05,5.768
Jharkhand,Dhanbad,Rice,Kharif,307.87,1273.1,19.9,5.81,132.9,10.39,10.369
West Bengal,Burdwan,Soybean,Kharif,246.51,1206.2,30.6,6.22,115.6,2.34,6.239
Haryana,Rohtak,Sugarcane,Whole Year,113.52,452.0,28.3,7.49,187.2,2.61,12.828
Karnataka,Raichur,Barley,Rabi,305.92,1090.7,21.6,6.8,85.3,7.04,6.513
Assam,Kamrup,Mustard,Rabi,43.88,2270.9,23.2,5.74,76.3,9.61,5.426
Jharkhand,Hazaribag,Maize,Kharif,8.34,1334.2,31.7,6.14,67.0,6.75,7.978
Maharashtra,Nagpur,Soybean,Kharif,243.87,958.0,36.9,6.63,148.0,0.97,5.802
Jharkhand,Ranchi,Cotton,Kharif,183.08,1194.9,18.0,6.77,89.1,1.62,4.893
Haryana,Rohtak,Sugarcane,Whole Year,13.73,480.5,23.1,6.82,224.5,7.78,13.0
Tamil Nadu,Thanjavur,Mustard,Rabi,323.93,1060.9,30.4,6.19,207.1,1.1,5.391
